date,FA263192005.Q,FA263192101.Q,FA263192113.Q,FA263192125.Q,FA263192193.Q,FA103092105.Q,FA763092100.Q,FA513092103.Q,FA543092173.Q,FA613092103.Q,FA663092103.Q,FA263192305.Q,FA263192313.Q,FA263092313.Q,FA103092305.Q,FA763092305.Q,FA513092305.Q,FA543092375.Q,FA613092305.Q,FA663092305.Q,FA263092001.Q,FA103192105.Q,FA115114103.Q,FA753192103.Q,FA513192103.Q,FA543192173.Q,FA613192103.Q,FA663192103.Q,FA733192103.Q,FA503192103.Q,FA263092101.Q,FA263092113.Q,FA263092125.Q,FA263092193.Q,FA103192305.Q,FA115114305.Q,FA753192305.Q,FA513192305.Q,FA543192375.Q,FA613192305.Q,FA663192305.Q,FA733192305.Q,FA503192305.Q,FA263092303.Q,FA263092323.Q,FA263192323.Q
1945:Q4,ND,ND,ND,ND,ND,ND,ND,ND,ND,ND,ND,ND,ND,ND,ND,ND,ND,ND,ND,ND,ND,ND,ND,ND,ND,ND,ND,ND,ND,ND,ND,ND,ND,ND,ND,ND,ND,ND,ND,ND,ND,ND,ND,ND,ND,ND
1946:Q1,ND,ND,ND,ND,ND,ND,ND,ND,ND,ND,ND,ND,ND,ND,ND,ND,ND,ND,ND,ND,ND,ND,ND,ND,ND,ND,ND,ND,ND,ND,ND,ND,ND,ND,ND,ND,ND,ND,ND,ND,ND,ND,ND,ND,ND,ND
1946:Q2,ND,ND,ND,ND,ND,ND,ND,ND,ND,ND,ND,ND,ND,ND,ND,ND,ND,ND,ND,ND,ND,ND,ND,ND,ND,ND,ND,ND,ND,ND,ND,ND,ND,ND,ND,ND,ND,ND,ND,ND,ND,ND,ND,ND,ND,ND
1946:Q3,ND,ND,ND,ND,ND,ND,ND,ND,ND,ND,ND,ND,ND,ND,ND,ND,ND,ND,ND,ND,ND,ND,ND,ND,ND,ND,ND,ND,ND,ND,ND,ND,ND,ND,ND,ND,ND,ND,ND,ND,ND,ND,ND,ND,ND,ND
1946:Q4,230,221,ND,ND,ND,195,4,5,7,5,5,9,ND,ND,16,-1,-1,-3,-1,-1,-4,-8,0,1,1,1,0,2,0,0,-3,ND,ND,ND,-5,1,1,1,0,0,1,0,0,-1,ND,ND
1947:Q1,ND,ND,ND,ND,ND,ND,ND,ND,ND,ND,ND,ND,ND,ND,ND,ND,ND,ND,ND,ND,ND,ND,ND,ND,ND,ND,ND,ND,ND,ND,ND,ND,ND,ND,ND,ND,ND,ND,ND,ND,ND,ND,ND,ND,ND,ND
1947:Q2,ND,ND,ND,ND,ND,ND,ND,ND,ND,ND,ND,ND,ND,ND,ND,ND,ND,ND,ND,ND,ND,ND,ND,ND,ND,ND,ND,ND,ND,ND,ND,ND,ND,ND,ND,ND,ND,ND,ND,ND,ND,ND,ND,ND,ND,ND
1947:Q3,ND,ND,ND,ND,ND,ND,ND,ND,ND,ND,ND,ND,ND,ND,ND,ND,ND,ND,ND,ND,ND,ND,ND,ND,ND,ND,ND,ND,ND,ND,ND,ND,ND,ND,ND,ND,ND,ND,ND,ND,ND,ND,ND,ND,ND,ND
1947:Q4,749,720,ND,ND,ND,711,2,1,-1,4,3,29,ND,ND,16,1,3,5,1,3,10,30,-2,-2,-7,-7,-1,-3,0,0,8,ND,ND,ND,-30,3,5,9,8,1,6,0,0,2,ND,ND
1948:Q1,ND,ND,ND,ND,ND,ND,ND,ND,ND,ND,ND,ND,ND,ND,ND,ND,ND,ND,ND,ND,ND,ND,ND,ND,ND,ND,ND,ND,ND,ND,ND,ND,ND,ND,ND,ND,ND,ND,ND,ND,ND,ND,ND,ND,ND,ND
1948:Q2,ND,ND,ND,ND,ND,ND,ND,ND,ND,ND,ND,ND,ND,ND,ND,ND,ND,ND,ND,ND,ND,ND,ND,ND,ND,ND,ND,ND,ND,ND,ND,ND,ND,ND,ND,ND,ND,ND,ND,ND,ND,ND,ND,ND,ND,ND
1948:Q3,ND,ND,ND,ND,ND,ND,ND,ND,ND,ND,ND,ND,ND,ND,ND,ND,ND,ND,ND,ND,ND,ND,ND,ND,ND,ND,ND,ND,ND,ND,ND,ND,ND,ND,ND,ND,ND,ND,ND,ND,ND,ND,ND,ND,ND,ND
1948:Q4,721,693,ND,ND,ND,685,1,0,-2,4,5,28,ND,ND,10,2,4,6,3,3,34,65,1,-7,-12,-11,-1,-8,0,0,27,ND,ND,ND,-40,3,9,14,13,2,6,0,0,7,ND,ND
1949:Q1,ND,ND,ND,ND,ND,ND,ND,ND,ND,ND,ND,ND,ND,ND,ND,ND,ND,ND,ND,ND,ND,ND,ND,ND,ND,ND,ND,ND,ND,ND,ND,ND,ND,ND,ND,ND,ND,ND,ND,ND,ND,ND,ND,ND,ND,ND
1949:Q2,ND,ND,ND,ND,ND,ND,ND,ND,ND,ND,ND,ND,ND,ND,ND,ND,ND,ND,ND,ND,ND,ND,ND,ND,ND,ND,ND,ND,ND,ND,ND,ND,ND,ND,ND,ND,ND,ND,ND,ND,ND,ND,ND,ND,ND,ND
1949:Q3,ND,ND,ND,ND,ND,ND,ND,ND,ND,ND,ND,ND,ND,ND,ND,ND,ND,ND,ND,ND,ND,ND,ND,ND,ND,ND,ND,ND,ND,ND,ND,ND,ND,ND,ND,ND,ND,ND,ND,ND,ND,ND,ND,ND,ND,ND
1949:Q4,660,634,ND,ND,ND,617,3,1,0,7,6,26,ND,ND,14,1,3,4,2,2,56,64,-1,-4,-7,-5,-1,-2,0,0,44,ND,ND,ND,-19,2,5,10,7,1,6,0,0,12,ND,ND
1950:Q1,ND,ND,ND,ND,ND,ND,ND,ND,ND,ND,ND,ND,ND,ND,ND,ND,ND,ND,ND,ND,ND,ND,ND,ND,ND,ND,ND,ND,ND,ND,ND,ND,ND,ND,ND,ND,ND,ND,ND,ND,ND,ND,ND,ND,ND,ND
1950:Q2,ND,ND,ND,ND,ND,ND,ND,ND,ND,ND,ND,ND,ND,ND,ND,ND,ND,ND,ND,ND,ND,ND,ND,ND,ND,ND,ND,ND,ND,ND,ND,ND,ND,ND,ND,ND,ND,ND,ND,ND,ND,ND,ND,ND,ND,ND
1950:Q3,ND,ND,ND,ND,ND,ND,ND,ND,ND,ND,ND,ND,ND,ND,ND,ND,ND,ND,ND,ND,ND,ND,ND,ND,ND,ND,ND,ND,ND,ND,ND,ND,ND,ND,ND,ND,ND,ND,ND,ND,ND,ND,ND,ND,ND,ND
1950:Q4,621,597,ND,ND,ND,579,3,1,0,8,6,24,ND,ND,6,3,3,6,2,4,80,147,2,-14,-26,-23,-2,-21,0,0,63,ND,ND,ND,-77,8,16,29,26,2,13,0,0,17,ND,ND
1951:Q1,ND,ND,ND,ND,ND,ND,ND,ND,ND,ND,ND,ND,ND,ND,ND,ND,ND,ND,ND,ND,ND,ND,ND,ND,ND,ND,ND,ND,ND,ND,ND,ND,ND,ND,ND,ND,ND,ND,ND,ND,ND,ND,ND,ND,ND,ND
1951:Q2,ND,ND,ND,ND,ND,ND,ND,ND,ND,ND,ND,ND,ND,ND,ND,ND,ND,ND,ND,ND,ND,ND,ND,ND,ND,ND,ND,ND,ND,ND,ND,ND,ND,ND,ND,ND,ND,ND,ND,ND,ND,ND,ND,ND,ND,ND
1951:Q3,ND,ND,ND,ND,ND,ND,ND,ND,ND,ND,ND,ND,ND,ND,ND,ND,ND,ND,ND,ND,ND,ND,ND,ND,ND,ND,ND,ND,ND,ND,ND,ND,ND,ND,ND,ND,ND,ND,ND,ND,ND,ND,ND,ND,ND,ND
1951:Q4,508,488,ND,ND,ND,467,5,0,1,7,8,20,ND,ND,-2,3,4,6,5,4,90,103,2,-6,-10,-8,-1,-9,0,0,71,ND,ND,ND,-26,4,8,14,11,1,7,0,0,19,ND,ND
1952:Q1,1512,1452,ND,ND,ND,1452,0,0,0,0,0,60,ND,ND,60,0,0,0,0,0,56,-4,4,0,0,0,0,8,0,0,8,ND,ND,ND,48,0,0,0,0,0,0,0,0,48,ND,ND
1952:Q2,2384,2292,ND,ND,ND,2244,8,8,8,12,12,92,ND,ND,92,0,0,0,0,0,44,-48,0,12,4,4,4,4,0,0,-20,ND,ND,ND,56,4,0,0,0,0,4,0,0,64,ND,ND
1952:Q3,1244,1196,ND,ND,ND,1148,8,4,8,12,16,48,ND,ND,44,0,4,0,0,0,-88,-160,4,8,4,0,4,8,0,0,-132,ND,ND,ND,36,0,4,0,4,0,0,0,0,44,ND,ND
1952:Q4,-1732,-1664,ND,ND,ND,-1728,8,0,8,24,24,-68,ND,ND,-72,0,0,0,0,4,516,508,8,36,4,0,-4,12,0,0,564,ND,ND,ND,-44,-4,-4,0,4,0,0,0,0,-48,ND,ND
1953:Q1,1548,1488,ND,ND,ND,1436,8,8,8,12,16,60,ND,ND,60,0,0,0,0,0,76,-32,0,8,0,4,4,12,0,0,-4,ND,ND,ND,68,4,4,4,0,0,0,0,0,80,ND,ND
1953:Q2,1748,1680,ND,ND,ND,1628,8,8,8,12,16,68,ND,ND,64,0,0,0,4,0,-180,-260,4,12,4,8,4,16,0,0,-212,ND,ND,ND,24,0,4,0,0,0,4,0,0,32,ND,ND
1953:Q3,1524,1464,ND,ND,ND,1408,8,8,8,16,16,60,ND,ND,56,4,0,0,0,0,44,-80,8,16,4,4,4,12,0,0,-32,ND,ND,ND,68,0,0,0,4,0,4,0,0,76,ND,ND
1953:Q4,-1880,-1808,ND,ND,ND,-1864,12,0,12,16,16,-72,ND,ND,-76,0,0,4,0,0,692,672,8,20,4,12,4,28,0,0,748,ND,ND,ND,-36,0,-4,0,-4,0,-12,0,0,-56,ND,ND
1954:Q1,1244,1196,ND,ND,ND,1136,8,8,8,16,20,48,ND,ND,48,0,0,0,0,0,68,-44,4,12,4,4,4,16,0,0,0,ND,ND,ND,56,0,4,0,4,0,4,0,0,68,ND,ND
1954:Q2,1704,1636,ND,ND,ND,1572,12,8,12,16,16,68,ND,ND,64,0,0,0,0,4,200,68,8,12,4,8,4,12,0,0,116,ND,ND,ND,80,0,0,0,0,0,4,0,0,84,ND,ND
1954:Q3,904,868,ND,ND,ND,800,12,8,12,16,20,36,ND,ND,36,0,0,0,0,0,172,56,4,8,4,4,0,12,0,0,88,ND,ND,ND,64,4,4,0,4,4,4,0,0,84,ND,ND
1954:Q4,-1184,-1136,ND,ND,ND,-1208,16,8,8,20,20,-48,ND,ND,-52,0,0,0,4,0,56,172,12,12,-16,0,0,12,0,0,192,ND,ND,ND,-164,-4,0,20,8,0,4,0,0,-136,ND,ND
1955:Q1,1252,1204,ND,ND,ND,1132,12,8,12,16,24,48,ND,ND,48,0,0,0,0,0,56,-68,4,8,4,4,4,12,0,0,-32,ND,ND,ND,72,4,4,0,4,0,4,0,0,88,ND,ND
1955:Q2,2100,2020,ND,ND,ND,1952,12,4,12,20,20,80,ND,ND,72,0,4,0,0,4,16,-144,8,12,8,8,4,16,0,0,-88,ND,ND,ND,96,0,4,0,0,0,4,0,0,104,ND,ND
1955:Q3,1532,1472,ND,ND,ND,1396,12,8,12,20,24,60,ND,ND,56,4,0,0,0,0,-44,-176,4,16,4,4,4,16,0,0,-128,ND,ND,ND,68,4,0,4,4,0,4,0,0,84,ND,ND
1955:Q4,-1592,-1532,ND,ND,ND,-1624,16,16,12,24,24,-60,ND,ND,-60,0,0,0,0,0,760,816,16,16,-4,4,0,24,0,0,872,ND,ND,ND,-120,-4,0,12,4,0,-4,0,0,-112,ND,ND
1956:Q1,2344,2252,ND,ND,ND,2176,12,8,8,20,28,92,ND,ND,88,0,0,4,0,0,372,220,4,16,8,4,4,16,0,0,272,ND,ND,ND,88,4,0,0,4,0,4,0,0,100,ND,ND
1956:Q2,2792,2684,ND,ND,ND,2600,16,12,12,20,24,108,ND,ND,100,0,0,0,4,4,444,320,8,8,4,4,0,12,0,0,356,ND,ND,ND,80,0,4,0,0,4,0,0,0,88,ND,ND
1956:Q3,3444,3312,ND,ND,ND,3220,16,12,12,24,28,132,ND,ND,132,0,0,0,0,0,440,336,4,8,0,4,4,8,0,0,364,ND,ND,ND,60,4,4,4,0,0,4,0,0,76,ND,ND
1956:Q4,-776,-744,ND,ND,ND,-844,24,8,12,28,28,-32,ND,ND,-32,0,0,0,0,0,-328,-340,12,20,12,8,8,28,0,0,-252,ND,ND,ND,-32,-4,-8,-8,-4,-4,-16,0,0,-76,ND,ND
1957:Q1,2540,2440,ND,ND,ND,2352,12,8,12,24,32,100,ND,ND,96,4,0,0,0,0,216,140,0,12,4,0,0,16,0,0,172,ND,ND,ND,28,4,0,0,4,4,4,0,0,44,ND,ND
1957:Q2,5084,4888,ND,ND,ND,4792,20,12,12,24,28,196,ND,ND,188,0,0,0,4,4,260,184,4,0,4,4,0,12,0,0,208,ND,ND,ND,44,0,4,0,0,0,4,0,0,52,ND,ND
1957:Q3,1884,1812,ND,ND,ND,1708,20,12,12,28,32,72,ND,ND,72,0,0,0,0,0,72,32,4,4,0,4,0,12,0,0,56,ND,ND,ND,8,0,0,4,0,0,4,0,0,16,ND,ND
1957:Q4,260,248,ND,ND,ND,132,20,8,16,36,36,12,ND,ND,8,0,4,0,0,0,72,20,4,20,24,20,-4,-28,0,0,56,ND,ND,ND,76,0,-16,-20,-16,-4,-4,0,0,16,ND,ND
1958:Q1,1368,1316,ND,ND,ND,1236,12,12,8,24,24,52,ND,ND,40,0,0,4,4,4,360,272,4,0,4,4,0,0,0,0,284,ND,ND,ND,68,4,4,0,0,0,0,0,0,76,ND,ND
1958:Q2,2596,2496,ND,ND,ND,2404,12,8,16,24,32,100,ND,ND,100,0,0,0,0,0,392,300,8,4,0,0,0,0,0,0,312,ND,ND,ND,80,0,0,0,0,0,0,0,0,80,ND,ND
1958:Q3,1568,1508,ND,ND,ND,1412,12,12,12,28,32,60,ND,ND,60,0,0,0,0,0,368,284,4,4,0,0,0,0,0,0,292,ND,ND,ND,72,4,0,0,0,0,0,0,0,76,ND,ND
1958:Q4,-808,-776,ND,ND,ND,-872,12,8,16,32,28,-32,ND,ND,-40,4,0,0,0,4,-728,-548,12,-4,-20,-20,-4,8,0,0,-576,ND,ND,ND,-184,-4,8,20,20,4,-16,0,0,-152,ND,ND
1959:Q1,2248,2160,ND,ND,ND,2060,12,12,16,24,36,88,ND,ND,84,0,0,0,4,0,516,400,8,4,0,0,0,-4,0,0,408,ND,ND,ND,108,0,0,0,0,0,0,0,0,108,ND,ND
1959:Q2,3192,3068,ND,ND,ND,2960,16,12,12,32,36,124,ND,ND,124,0,0,0,0,0,656,488,8,8,4,4,4,4,0,0,520,ND,ND,ND,124,4,4,0,0,0,4,0,0,136,ND,ND
1959:Q3,2104,2024,ND,ND,ND,1920,12,12,16,32,32,80,ND,ND,76,0,0,0,0,4,504,368,8,8,4,0,4,8,0,0,400,ND,ND,ND,92,4,4,0,4,0,0,0,0,104,ND,ND
1959:Q4,-2056,-1976,ND,ND,ND,-2084,16,12,12,32,36,-80,ND,ND,-88,0,0,4,4,0,-724,-652,16,24,4,4,0,28,0,0,-576,ND,ND,ND,-132,-4,-4,0,0,0,-8,0,0,-148,ND,ND
1960:Q1,2296,2204,ND,ND,ND,2092,16,8,16,32,40,92,ND,ND,88,0,4,0,0,0,416,300,0,12,0,4,4,12,0,0,332,ND,ND,ND,72,4,0,4,0,0,4,0,0,84,ND,ND
1960:Q2,1116,1060,ND,ND,ND,952,12,8,16,36,36,56,ND,ND,52,0,0,0,0,4,292,172,4,16,8,4,4,24,0,0,232,ND,ND,ND,40,0,4,0,4,4,8,0,0,60,ND,ND
1960:Q3,1684,1628,ND,ND,ND,1516,12,12,16,32,40,56,ND,ND,48,4,0,0,4,0,364,208,4,16,8,8,8,28,0,0,280,ND,ND,ND,76,0,4,0,0,0,4,0,0,84,ND,ND
1960:Q4,6664,6412,ND,ND,ND,6284,16,16,16,40,40,252,ND,ND,248,0,0,0,0,4,188,88,4,16,-8,-4,12,52,0,0,160,ND,ND,ND,4,4,4,16,12,-4,-8,0,0,28,ND,ND
1961:Q1,2984,2868,ND,ND,ND,2740,16,12,16,40,44,116,ND,ND,116,0,0,0,0,0,380,240,8,16,8,4,4,20,0,0,300,ND,ND,ND,60,0,4,0,4,4,8,0,0,80,ND,ND
1961:Q2,2564,2452,ND,ND,ND,2324,20,12,12,36,48,112,ND,ND,104,0,0,4,4,0,448,316,8,12,0,4,4,8,0,0,352,ND,ND,ND,88,4,0,4,0,0,0,0,0,96,ND,ND
1961:Q3,3384,3260,ND,ND,ND,3128,16,12,16,44,44,124,ND,ND,120,0,0,0,0,4,220,132,12,8,4,4,4,4,0,0,168,ND,ND,ND,44,0,4,0,0,0,4,0,0,52,ND,ND
1961:Q4,1684,1624,ND,ND,ND,1488,16,12,20,40,48,60,ND,ND,56,0,0,0,4,0,196,272,8,-8,-44,-40,4,-28,0,0,164,ND,ND,ND,-104,4,20,48,44,0,20,0,0,32,ND,ND
1962:Q1,2028,1948,ND,ND,ND,1812,16,12,16,44,48,80,ND,ND,68,4,4,0,0,4,220,140,4,8,0,4,0,16,0,0,172,ND,ND,ND,32,0,4,4,0,4,4,0,0,48,ND,ND
1962:Q2,2496,2384,ND,ND,ND,2240,16,12,20,44,52,112,ND,ND,108,0,0,0,4,0,380,260,4,12,4,4,4,12,0,0,300,ND,ND,ND,76,0,0,0,0,0,4,0,0,80,ND,ND
1962:Q3,2848,2748,ND,ND,ND,2592,20,16,20,48,52,100,ND,ND,96,0,0,0,0,4,228,144,0,8,4,4,4,8,0,0,172,ND,ND,ND,44,4,4,0,0,0,4,0,0,56,ND,ND
1962:Q4,4032,3876,ND,ND,ND,3728,20,12,12,48,56,156,ND,ND,148,0,0,4,4,0,556,320,4,32,24,20,8,44,0,0,452,ND,ND,ND,196,0,-20,-20,-16,-4,-32,0,0,104,ND,ND
1963:Q1,3816,3672,ND,ND,ND,3508,20,16,20,52,56,144,ND,ND,140,0,0,0,0,4,276,184,4,8,0,4,4,12,0,0,216,ND,ND,ND,52,0,4,4,0,0,0,0,0,60,ND,ND
1963:Q2,3496,3352,ND,ND,ND,3200,16,12,20,48,56,144,ND,ND,132,4,0,0,4,4,516,400,4,0,4,0,0,-4,0,0,404,ND,ND,ND,116,0,0,-4,0,0,0,0,0,112,ND,ND
1963:Q3,2912,2812,ND,ND,ND,2636,20,16,20,56,64,100,ND,ND,100,0,0,0,0,0,448,356,4,0,-4,0,0,-8,0,0,348,ND,ND,ND,92,4,0,4,0,0,0,0,0,100,ND,ND
1963:Q4,3708,3556,ND,ND,ND,3388,20,12,20,56,60,152,ND,ND,140,0,4,0,4,4,-316,-148,8,-24,-20,-20,4,-36,0,0,-236,ND,ND,ND,-144,0,12,20,20,0,12,0,0,-80,ND,ND
1964:Q1,3276,3152,ND,ND,ND,2972,24,16,16,60,64,124,ND,ND,116,0,0,4,0,4,340,272,4,0,0,0,0,-8,0,0,268,ND,ND,ND,68,4,0,0,0,0,0,0,0,72,ND,ND
1964:Q2,3864,3708,ND,ND,ND,3528,20,16,20,56,68,156,ND,ND,152,0,0,0,4,0,444,316,8,8,4,4,0,8,0,0,348,ND,ND,ND,92,0,0,0,0,4,0,0,0,96,ND,ND
1964:Q3,4068,3920,ND,ND,ND,3732,20,16,24,60,68,148,ND,ND,136,4,0,0,4,4,212,132,4,4,4,4,4,8,0,0,160,ND,ND,ND,44,4,4,0,0,0,0,0,0,52,ND,ND
1964:Q4,3824,3668,ND,ND,ND,3472,20,16,20,68,72,156,ND,ND,152,0,0,0,0,4,292,284,8,-8,-28,-24,4,8,0,0,244,ND,ND,ND,-44,0,16,32,28,0,16,0,0,48,ND,ND
1965:Q1,6600,6352,ND,ND,ND,6148,24,16,24,64,76,248,ND,ND,244,0,0,0,4,0,720,540,4,8,4,4,4,4,0,0,568,ND,ND,ND,144,4,0,0,0,0,4,0,0,152,ND,ND
1965:Q2,5560,5332,ND,ND,ND,5132,24,16,16,68,76,228,ND,ND,216,0,0,4,4,4,-88,-40,8,-8,-4,-4,-4,-28,0,0,-80,ND,ND,ND,4,0,-4,0,0,0,-8,0,0,-8,ND,ND
1965:Q3,4296,4140,ND,ND,ND,3928,24,12,24,72,80,156,ND,ND,144,4,4,0,0,4,552,476,8,-12,-4,-4,-4,-32,0,0,428,ND,ND,ND,128,4,0,0,0,0,-8,0,0,124,ND,ND
1965:Q4,3588,3440,ND,ND,ND,3184,28,24,32,80,92,148,ND,ND,176,-4,-4,-8,-4,-8,472,508,12,-32,-4,-4,0,-84,0,0,396,ND,ND,ND,84,0,0,-4,-4,0,0,0,0,76,ND,ND
1966:Q1,4460,4300,ND,ND,ND,4072,28,16,24,76,84,160,ND,ND,152,0,0,0,4,4,488,432,0,-12,-4,-4,-4,-24,0,0,384,ND,ND,ND,104,4,0,0,0,0,-4,0,0,104,ND,ND
1966:Q2,5492,5252,ND,ND,ND,5024,24,20,20,76,88,240,ND,ND,228,0,0,4,4,4,420,268,4,16,4,4,4,24,0,0,324,ND,ND,ND,84,0,0,4,4,0,4,0,0,96,ND,ND
1966:Q3,5256,5068,ND,ND,ND,4824,24,16,24,84,96,188,ND,ND,184,4,0,0,0,0,-128,-172,4,12,8,8,4,24,0,0,-112,ND,ND,ND,-24,0,4,0,0,0,4,0,0,-16,ND,ND
1966:Q4,6464,6208,ND,ND,ND,5964,28,20,24,84,88,256,ND,ND,244,0,0,0,4,8,924,500,4,60,36,32,8,116,0,0,756,ND,ND,ND,268,0,-16,-28,-24,-4,-28,0,0,168,ND,ND
1967:Q1,4744,4528,ND,ND,ND,4296,72,72,32,28,28,216,ND,ND,204,4,4,0,0,4,836,616,12,16,4,4,0,12,0,0,664,ND,ND,ND,156,4,0,4,4,4,0,0,0,172,ND,ND
1967:Q2,3856,3716,ND,ND,ND,3472,76,76,32,24,36,140,ND,ND,128,0,4,4,4,0,832,632,16,4,4,4,4,-12,0,0,652,ND,ND,ND,176,4,4,0,0,0,-4,0,0,180,ND,ND
1967:Q3,5436,5244,ND,ND,ND,4984,80,80,36,32,32,192,ND,ND,184,4,4,0,0,0,540,400,16,8,4,4,4,-16,0,0,420,ND,ND,ND,116,4,0,0,0,0,0,0,0,120,ND,ND
1967:Q4,5188,4988,ND,ND,ND,4716,88,88,32,28,36,200,ND,ND,192,4,4,0,0,0,584,544,16,0,-20,-16,0,-44,0,0,480,ND,ND,ND,44,4,8,24,20,0,4,0,0,104,ND,ND
1968:Q1,3924,3740,ND,ND,ND,3456,88,96,36,28,36,184,ND,ND,168,4,4,4,4,0,1436,1120,12,8,4,4,4,-12,0,0,1140,ND,ND,ND,292,4,0,0,0,0,0,0,0,296,ND,ND
1968:Q2,4688,4476,ND,ND,ND,4184,96,100,36,28,32,212,ND,ND,204,4,4,0,0,0,544,376,12,12,4,8,4,8,0,0,424,ND,ND,ND,112,4,4,0,0,0,0,0,0,120,ND,ND
1968:Q3,6292,6032,ND,ND,ND,5716,104,108,40,32,32,260,ND,ND,248,4,4,0,0,4,536,352,16,12,4,4,0,32,0,0,420,ND,ND,ND,92,4,4,0,4,4,8,0,0,116,ND,ND
1968:Q4,6272,6108,ND,ND,ND,5768,112,120,36,32,40,164,ND,ND,168,0,0,0,0,-4,716,608,16,8,-28,-16,0,-8,0,0,580,ND,ND,ND,76,4,8,32,24,-4,-4,0,0,136,ND,ND
1969:Q1,6224,5972,ND,ND,ND,5620,116,124,40,32,40,252,ND,ND,244,4,4,0,0,0,1300,992,16,12,4,8,0,4,0,0,1036,ND,ND,ND,252,4,4,0,0,4,0,0,0,264,ND,ND
1969:Q2,6652,6352,ND,ND,ND,5996,124,128,40,32,32,300,ND,ND,280,4,8,4,0,4,908,640,16,20,8,8,8,12,0,0,712,ND,ND,ND,180,4,4,0,4,0,4,0,0,196,ND,ND
1969:Q3,6192,5924,ND,ND,ND,5544,128,144,40,32,36,268,ND,ND,256,8,4,0,0,0,1032,748,16,20,4,12,4,12,0,0,816,ND,ND,ND,196,8,4,4,0,4,0,0,0,216,ND,ND
1969:Q4,4768,4664,ND,ND,ND,4248,140,156,48,32,40,104,ND,ND,108,0,0,-4,0,0,1812,1204,20,52,36,44,16,80,0,0,1452,ND,ND,ND,508,4,-28,-28,-32,-8,-56,0,0,360,ND,ND
1970:Q1,7832,7484,ND,ND,ND,7068,148,160,40,32,36,348,ND,ND,328,8,8,4,0,0,2480,1904,28,20,8,8,8,0,0,0,1976,ND,ND,ND,492,4,4,0,4,0,0,0,0,504,ND,ND
1970:Q2,8576,8168,ND,ND,ND,7724,156,172,44,32,40,408,ND,ND,396,4,8,0,0,0,904,656,24,16,8,8,4,-8,0,0,708,ND,ND,ND,180,8,4,0,0,4,0,0,0,196,ND,ND
1970:Q3,6872,6600,ND,ND,ND,6144,164,184,40,32,36,272,ND,ND,244,8,8,4,4,4,1492,1132,24,16,4,4,8,-8,0,0,1180,ND,ND,ND,292,8,4,4,4,0,0,0,0,312,ND,ND
1970:Q4,7080,6928,ND,ND,ND,6424,176,200,52,36,40,152,ND,ND,156,4,4,-4,-4,-4,980,704,28,24,0,4,12,12,0,0,784,ND,ND,ND,208,4,-4,8,4,-4,-20,0,0,196,ND,ND
1971:Q1,-6612,-6408,ND,ND,ND,-6932,192,212,44,36,40,-204,ND,ND,-220,4,8,4,0,0,900,660,8,16,8,4,4,16,0,0,716,ND,ND,ND,164,4,4,0,4,4,4,0,0,184,ND,ND
1971:Q2,7796,7420,ND,ND,ND,6876,196,228,48,32,40,376,ND,ND,352,8,8,0,4,4,700,476,12,20,4,12,8,24,0,0,556,ND,ND,ND,128,4,4,4,0,0,4,0,0,144,ND,ND
1971:Q3,9232,8860,ND,ND,ND,8300,204,236,48,32,40,372,ND,ND,344,12,12,4,0,0,-1168,-996,12,16,8,8,4,20,0,0,-928,ND,ND,ND,-268,4,8,0,4,4,8,0,0,-240,ND,ND
1971:Q4,5312,5240,ND,ND,ND,4600,232,268,56,40,44,72,ND,ND,84,0,0,-4,-4,-4,1036,900,16,-4,-60,-44,0,12,0,0,820,ND,ND,ND,36,0,28,68,56,0,28,0,0,216,ND,ND
1972:Q1,-13736,-13292,ND,ND,ND,-13928,236,276,48,32,44,-444,ND,ND,-472,8,12,4,4,0,-836,-740,16,20,8,8,8,16,0,0,-664,ND,ND,ND,-188,4,4,0,4,0,4,0,0,-172,ND,ND
1972:Q2,5924,5652,ND,ND,ND,4980,248,296,52,36,40,272,ND,ND,248,12,12,0,0,0,1028,756,16,16,4,8,8,8,0,0,816,ND,ND,ND,196,4,4,4,0,0,4,0,0,212,ND,ND
1972:Q3,9740,9400,ND,ND,ND,8688,268,316,52,36,40,340,ND,ND,308,8,12,4,4,4,1568,1180,16,16,8,8,4,12,0,0,1244,ND,ND,ND,312,4,4,0,0,4,0,0,0,324,ND,ND
1972:Q4,6576,6412,ND,ND,ND,5524,316,376,72,52,72,164,ND,ND,272,-24,-24,-16,-16,-28,2040,1764,20,-12,-68,-56,4,-32,0,0,1620,ND,ND,ND,204,4,32,76,64,0,40,0,0,420,ND,ND
1973:Q1,-62788,-60348,ND,ND,ND,-61144,300,364,56,36,40,-2440,ND,ND,-2472,12,12,4,0,4,3828,3004,84,16,4,4,8,-80,0,0,3040,ND,ND,ND,776,20,4,4,4,0,-20,0,0,788,ND,ND
1973:Q2,10764,10312,ND,ND,ND,9468,320,384,60,36,44,452,ND,ND,420,12,16,0,4,0,4804,3616,124,56,24,28,16,-52,0,0,3812,ND,ND,ND,944,32,16,4,4,8,-16,0,0,992,ND,ND
1973:Q3,8636,8312,ND,ND,ND,7436,332,412,56,36,40,324,ND,ND,284,16,16,4,0,4,2132,1492,100,56,24,24,20,-24,0,0,1692,ND,ND,ND,388,24,16,4,8,4,-4,0,0,440,ND,ND
1973:Q4,10872,10472,ND,ND,ND,9464,380,460,64,48,56,400,ND,ND,432,-8,0,-4,-8,-12,436,156,136,96,-76,-48,44,40,0,0,348,ND,ND,ND,-136,8,28,104,80,-4,8,0,0,88,ND,ND
1974:Q1,-3600,-3468,ND,ND,ND,-4468,380,472,64,36,48,-132,ND,ND,-172,16,20,0,4,0,7136,5740,120,56,-244,24,20,-52,0,0,5664,ND,ND,ND,1488,32,16,-64,8,4,-12,0,0,1472,ND,ND
1974:Q2,7160,6828,ND,ND,ND,5780,404,504,60,40,40,332,ND,ND,288,16,20,4,0,4,2156,1620,120,228,-248,-208,-4,204,0,0,1712,ND,ND,ND,420,32,56,-60,-56,0,52,0,0,444,ND,ND
1974:Q3,17540,16848,ND,ND,ND,15732,424,540,68,36,48,692,ND,ND,648,20,20,0,4,0,6440,5024,124,224,-244,-212,-4,200,0,0,5112,ND,ND,ND,1300,32,60,-64,-52,0,52,0,0,1328,ND,ND
1974:Q4,15108,14592,ND,ND,ND,13412,456,576,64,40,44,516,ND,ND,468,16,24,4,0,4,3312,2024,128,408,-228,-124,-20,440,0,0,2628,ND,ND,ND,668,28,88,-80,-140,-12,132,0,0,684,ND,ND
1975:Q1,16088,15448,ND,ND,ND,14196,480,620,64,40,48,640,ND,ND,592,20,24,4,0,0,1112,360,-16,224,144,124,0,48,0,0,884,ND,ND,ND,96,-4,60,36,32,-4,12,0,0,228,ND,ND
1975:Q2,15960,15296,ND,ND,ND,13968,512,660,72,40,44,664,ND,ND,608,20,28,0,4,4,3480,2440,-16,20,144,124,0,48,0,0,2760,ND,ND,ND,636,-4,4,36,32,4,12,0,0,720,ND,ND
1975:Q3,5980,5748,ND,ND,ND,4344,544,704,68,40,48,232,ND,ND,176,24,28,4,0,0,344,-52,-16,20,144,124,4,48,0,0,272,ND,ND,ND,-8,-4,4,36,32,0,12,0,0,72,ND,ND
1975:Q4,18948,18268,ND,ND,ND,16788,572,752,68,40,48,680,ND,ND,612,24,32,4,4,4,5476,4232,-20,-188,148,120,0,56,0,0,4348,ND,ND,ND,1088,-4,-48,40,32,4,16,0,0,1128,ND,ND
1976:Q1,15692,15064,ND,ND,ND,13480,612,808,72,44,48,628,ND,ND,568,24,32,4,0,0,5884,4312,12,20,140,172,4,8,0,0,4668,ND,ND,ND,1120,4,4,40,48,0,0,0,0,1216,ND,ND
1976:Q2,8068,7708,ND,ND,ND,6024,652,864,80,40,48,360,ND,ND,296,24,36,0,0,4,4344,2808,12,100,208,176,8,136,0,0,3448,ND,ND,ND,732,4,28,52,44,0,36,0,0,896,ND,ND
1976:Q3,13308,12796,ND,ND,ND,11120,584,924,76,40,52,512,ND,ND,444,24,36,4,4,0,3996,2528,16,104,208,176,4,136,0,0,3172,ND,ND,ND,664,0,24,52,44,4,36,0,0,824,ND,ND
1976:Q4,10728,10372,ND,ND,ND,7888,920,1224,128,96,116,356,ND,ND,876,-160,-196,-48,-52,-64,3160,-580,308,700,732,644,40,664,0,0,2508,ND,ND,ND,2664,-296,-468,-472,-424,-32,-320,0,0,652,ND,ND
1977:Q1,7520,7200,ND,ND,ND,5196,776,1052,80,44,52,320,ND,ND,236,32,44,4,4,0,3920,2456,-12,100,208,176,8,176,0,0,3112,ND,ND,ND,644,-4,28,52,44,0,44,0,0,808,ND,ND
1977:Q2,15132,14508,ND,ND,ND,12380,824,1132,80,44,48,624,ND,ND,540,32,44,4,0,4,3860,2620,-16,108,88,72,4,188,0,0,3064,ND,ND,ND,672,0,28,24,20,0,52,0,0,796,ND,ND
1977:Q3,11048,10632,ND,ND,ND,8368,876,1208,88,40,52,416,ND,ND,328,36,48,0,4,0,4092,2792,-12,108,88,76,4,192,0,0,3248,ND,ND,ND,732,-4,28,24,16,0,48,0,0,844,ND,ND
1977:Q4,13664,13372,ND,ND,ND,10872,960,1332,92,56,60,292,ND,ND,292,4,12,-4,-8,-4,3044,1600,-24,160,208,168,8,296,0,0,2416,ND,ND,ND,852,4,-24,-96,-76,0,-32,0,0,628,ND,ND
1978:Q1,19024,18324,ND,ND,ND,16536,912,680,128,168,-100,700,ND,ND,624,36,28,8,8,-4,5424,3896,108,108,88,72,4,28,0,0,4304,ND,ND,ND,1016,24,28,24,20,0,8,0,0,1120,ND,ND
1978:Q2,14880,14264,ND,ND,ND,12388,960,704,136,176,-100,616,ND,ND,544,40,28,4,4,-4,9252,6600,124,136,232,196,16,40,0,0,7344,ND,ND,ND,1708,36,40,60,52,4,8,0,0,1908,ND,ND
1978:Q3,9728,10628,ND,ND,ND,8656,1016,728,140,184,-96,-900,ND,ND,-980,40,32,4,8,-4,10480,7576,152,140,232,200,16,0,0,0,8316,ND,ND,ND,1972,40,36,60,48,4,4,0,0,2164,ND,ND
1978:Q4,19164,18512,ND,ND,ND,16248,1144,836,160,204,-80,652,ND,ND,768,-28,-52,-8,-8,-20,6432,3892,192,252,332,292,36,108,0,0,5104,ND,ND,ND,1516,28,-36,-48,-40,0,-92,0,0,1328,ND,ND
1979:Q1,22788,20940,ND,ND,ND,18772,1136,776,148,200,-92,1848,ND,ND,1760,48,32,4,8,-4,6216,3560,340,476,604,196,16,-256,0,0,4936,ND,ND,ND,924,88,120,156,52,4,-64,0,0,1280,ND,ND
1979:Q2,29900,27728,ND,ND,ND,25460,1196,808,152,204,-92,2172,ND,ND,2080,48,32,8,8,-4,13416,8416,340,472,604,512,36,268,0,0,10648,ND,ND,ND,2184,88,124,156,136,12,68,0,0,2768,ND,ND
1979:Q3,30688,27624,ND,ND,ND,25236,1268,832,160,216,-88,3064,ND,ND,2968,52,36,4,8,-4,13528,8500,340,472,600,516,40,268,0,0,10736,ND,ND,ND,2212,88,124,160,132,8,68,0,0,2792,ND,ND
1979:Q4,23908,20676,ND,ND,ND,17948,1428,956,180,236,-72,3232,ND,ND,3356,-36,-60,-8,-4,-16,14352,8184,224,620,792,580,68,924,0,0,11392,ND,ND,ND,2668,204,-24,-32,68,8,68,0,0,2960,ND,ND
1980:Q1,23792,19844,ND,ND,ND,17220,1412,892,168,236,-84,3948,ND,ND,3840,60,36,8,8,-4,13284,7392,908,1316,604,516,-336,144,0,0,10544,ND,ND,ND,1928,232,344,156,132,-88,36,0,0,2740,ND,ND
1980:Q2,14220,10200,ND,ND,ND,7452,1496,920,176,240,-84,4020,ND,ND,3904,60,40,8,12,-4,23024,15200,844,652,308,804,332,132,0,0,18272,ND,ND,ND,3944,220,168,84,212,88,36,0,0,4752,ND,ND
1980:Q3,20604,16072,ND,ND,ND,13180,1580,956,184,256,-84,4532,ND,ND,4420,64,36,4,8,0,18852,10532,1012,868,276,428,824,1020,0,0,14960,ND,ND,ND,2748,264,228,68,108,212,264,0,0,3892,ND,ND
1980:Q4,33132,27780,ND,ND,ND,24472,1788,1100,208,280,-68,5352,ND,ND,5508,-48,-72,-12,-8,-16,12512,7836,688,100,428,412,520,-52,0,0,9932,ND,ND,ND,2232,636,624,108,-148,-52,-820,0,0,2580,ND,ND
1981:Q1,11836,7800,ND,ND,ND,4620,1768,1016,196,276,-76,4036,ND,ND,3908,68,44,8,12,-4,12584,9344,1024,720,248,124,-1268,-204,0,0,9988,ND,ND,ND,2432,264,188,68,28,-328,-56,0,0,2596,ND,ND
1981:Q2,25720,21964,ND,ND,ND,18628,1864,1060,200,288,-76,3756,ND,ND,3628,76,40,8,8,-4,21176,13036,1032,1776,292,420,84,168,0,0,16808,ND,ND,ND,3380,268,460,76,112,24,48,0,0,4368,ND,ND
1981:Q3,11780,4404,ND,ND,ND,924,1968,1088,204,296,-76,7376,ND,ND,7228,80,44,12,12,0,22020,13560,1128,1244,504,352,500,188,0,0,17476,ND,ND,ND,3528,296,324,128,92,128,48,0,0,4544,ND,ND
1981:Q4,12488,2832,ND,ND,ND,-928,2124,1164,224,316,-68,9656,ND,ND,9600,44,12,0,8,-8,45004,27648,2268,2880,1052,1636,-560,792,0,0,35716,ND,ND,ND,9556,-128,152,-360,196,-164,36,0,0,9288,ND,ND
1982:Q1,23421,18354,3952,14402,2996,54358,-15312,-13900,-2716,-2908,-1168,5068,-4052,3520,-37132,18232,15660,2920,3768,1620,8617,50316,-7564,-9152,-13132,-13432,-792,-4160,0,0,2084,3592,-1508,-1332,-44912,8468,10744,13336,13880,296,4720,0,0,6532,5528,-1004
1982:Q2,14484,18441,16176,2265,3580,14401,1404,1204,128,792,512,-3960,1152,23888,-2576,-600,-520,-96,-120,-48,11784,1524,736,1176,-148,776,828,504,0,0,5396,9672,-4276,-1176,5068,288,416,80,252,156,128,0,0,6388,6008,-380
1982:Q3,6952,15749,10552,5197,3728,12325,1724,1272,44,1080,-696,-8796,-3032,16328,-7536,-540,-460,-88,-116,-56,11396,6744,1176,1100,-180,-144,-896,732,0,0,8532,12356,-3824,-1104,2372,260,260,-8,-4,-168,152,0,0,2864,6136,3272
1982:Q4,27860,19429,8152,11277,3608,21249,468,-544,84,-1020,-808,8432,12268,16344,8724,-128,-108,-16,-28,-12,18740,3188,1436,980,968,112,1252,796,0,0,8732,13272,-4540,-1088,8216,144,516,464,180,312,176,0,0,10008,7400,-2608
1983:Q1,8096,22027,6636,15391,3348,16271,2296,772,28,2388,272,-13932,-16248,2332,-12512,-620,-500,-88,-160,-52,5020,3272,2120,836,-72,120,-376,480,0,0,6380,9280,-2900,-1104,-1628,340,52,-72,-36,-84,68,0,0,-1360,1636,2996
1983:Q2,13092,18099,4944,13155,3068,14731,1252,1808,256,-132,184,-5008,1916,12648,-4156,-368,-316,-52,-80,-36,13148,3540,728,-28,-32,-68,608,144,0,0,4892,7904,-3012,-1136,7044,388,296,144,140,140,104,0,0,8256,7448,-808
1983:Q3,23160,23835,6132,17703,2844,20731,1288,1296,180,80,260,-680,628,5016,-312,-160,-136,-24,-32,-16,16236,2936,880,1096,912,-72,764,176,0,0,6692,6316,376,-1164,7648,476,588,368,152,188,124,0,0,9544,9336,-208
1983:Q4,27540,31763,11284,20479,2752,28491,2492,288,244,-16,264,-4224,-6896,5020,-3120,-556,-376,-64,-112,4,7080,11260,684,652,152,292,-2112,-40,0,0,10888,11296,-408,-1180,-3008,-448,-64,176,-80,-468,84,0,0,-3808,2464,6272
1984:Q1,16356,24514,3488,21026,2820,22086,596,420,-28,2180,-740,-8156,620,17788,-6712,-660,-472,-80,-228,-4,19436,9952,1496,676,152,-536,4076,764,0,0,16580,14492,2088,-1172,1520,304,116,16,-128,876,156,0,0,2860,3716,856
1984:Q2,17600,26318,5336,20982,3072,23410,2644,1244,112,-1764,672,-8716,5700,24144,-7120,-828,-548,-88,-68,-64,34500,15236,524,628,-244,-284,248,328,0,0,16436,14308,2128,-1140,15820,604,772,272,204,144,248,0,0,18064,22076,4012
1984:Q3,16984,22514,472,22042,3496,19422,848,1092,184,1388,-420,-5524,4728,14408,-4676,-348,-304,-52,-152,8,17724,8436,228,2368,-564,-348,2852,128,0,0,13100,11912,1188,-1084,3312,104,628,-100,-56,692,44,0,0,4624,1824,-2800
1984:Q4,30140,20122,280,19842,4060,15618,3132,64,784,564,-40,10020,-2376,-19844,8884,508,472,28,116,12,26208,16000,1276,1408,396,4056,-968,-80,0,0,22088,19468,2620,-1000,3756,-268,16,-468,788,-292,592,0,0,4124,7012,2888
1985:Q1,9428,13172,-2636,15808,5208,15532,-408,-1796,-224,60,8,-3744,-1416,628,-3644,-144,60,4,-16,-4,19648,14396,1100,664,-252,-500,-340,-852,0,0,14216,14024,192,-856,5168,324,252,-16,-68,-60,-168,0,0,5432,9616,4184
1985:Q2,15232,28468,3388,25080,5616,25200,1516,1336,436,-28,8,-13232,-7496,3480,-12244,-484,-324,-72,-88,-20,17504,9364,-416,320,-324,236,940,-136,0,0,9984,12504,-2520,-768,6704,56,300,4,160,260,36,0,0,7520,8308,788
1985:Q3,12044,8624,-8100,16724,5744,9116,-2424,1172,0,624,136,3420,9352,-816,2472,560,240,60,72,16,19360,10372,84,2480,900,1392,-1056,12,0,0,14184,13092,1092,-704,4020,76,676,244,372,-240,28,0,0,5176,5892,716
1985:Q4,22564,21868,660,21208,5588,20960,2200,-1448,-36,-256,448,696,-2632,-9060,-132,276,296,132,132,-8,22472,18980,1048,1312,460,-284,-1336,-324,0,0,19856,21240,-1384,-664,1140,276,-300,200,1412,-356,244,0,0,2616,11952,9336
1986:Q1,33176,17923,780,17143,4624,13943,-1724,916,-324,5060,52,15252,11872,-9324,13660,848,556,104,36,48,13720,6812,540,816,-380,-1420,-348,284,0,0,6304,7356,-1052,-640,-504,324,468,16,-172,-52,156,0,7180,7416,10716,3300
1986:Q2,19432,21267,1612,19655,4336,17527,796,1256,-1452,3204,-64,-1840,6156,-1776,-2472,316,200,72,24,20,22080,13060,524,740,20,448,-232,140,176,0,14876,12868,2008,-672,5648,232,336,68,200,-44,76,0,688,7204,8768,1564
1986:Q3,13624,12819,4220,8599,4208,16235,-2200,1800,292,-3468,160,804,-6248,-13332,104,328,168,12,176,16,34984,18204,416,2252,128,4800,1824,216,0,0,27840,30264,-2424,-744,11832,108,556,32,1188,452,56,0,-7080,7144,8964,1820
1986:Q4,10172,8655,-2024,10679,4248,15947,-5380,-1892,248,-44,-224,1512,-2820,-1916,1632,32,-40,-16,-72,-24,70892,34016,2384,960,700,2748,5144,1524,-8,0,47468,49856,-2388,-844,38416,-80,136,1328,932,1560,-288,0,-18580,23424,25196,1772
1987:Q1,26676,21593,1160,20433,4928,20705,-1380,3136,28,-1004,108,5084,9992,5396,4720,156,92,16,88,12,51532,22056,-76,568,-548,1120,-1960,3520,-4,0,24676,23372,1304,-1056,25748,556,1028,268,976,-288,1224,0,-2656,26856,37400,10544
1987:Q2,22972,22097,-772,22869,4992,22477,-3200,1492,20,1356,-48,876,8896,828,140,356,236,28,88,28,34372,16052,456,-1860,1600,1160,4968,1848,0,0,24224,24964,-740,-1128,15956,200,-404,508,416,1428,568,0,-8524,10148,15728,5580
1987:Q3,30432,29201,6136,23065,4912,27201,684,840,116,368,-8,1236,-972,-6948,732,200,184,20,80,20,83052,37332,-432,1712,192,-528,-3996,560,4,0,34844,32460,2384,-1148,41576,868,2012,836,1060,-724,800,0,1780,48208,53728,5520
1987:Q4,44856,39913,12948,26965,4688,38469,-1928,936,-36,-4108,6580,4944,3328,-5360,4252,268,256,28,136,4,64920,41972,5536,2188,-2344,1876,-288,2324,136,0,51400,56484,-5084,-1112,9404,-4708,1392,3596,-2676,56,-2508,0,8964,13520,17008,3488
1988:Q1,14300,6088,-6976,13064,3864,1612,-1488,3472,280,3744,-1532,8208,8928,-5136,6904,544,464,60,160,76,33700,32980,824,4476,1100,1188,2584,2188,0,0,45340,41128,4212,-916,6368,4,196,-440,-188,456,388,0,-18424,-11640,-13828,-2188
1988:Q2,2868,5168,-9608,14776,3748,4492,-1276,1680,-172,1252,-808,-2300,1008,-4200,-2780,188,184,16,72,20,54864,48304,564,892,500,-944,232,-5284,-4,0,44260,46092,-1832,-848,27452,132,156,76,-288,40,-1432,0,-15532,10604,12248,1644
1988:Q3,30080,30616,1784,28832,3872,26104,80,2276,368,2136,-348,-536,1908,1364,-588,12,24,4,16,-4,55116,30492,400,-612,388,1312,-1396,5468,112,0,36164,35456,708,-800,32456,196,216,376,536,-280,1548,180,-16276,18952,25608,6656
1988:Q4,17260,3484,-11852,15336,4232,336,640,1880,-608,1468,-232,13776,4740,-20196,11244,1004,932,104,348,144,87260,53024,-1232,4496,2160,3696,-2760,-372,-84,0,58928,57508,1420,-780,48252,2492,1128,672,-272,-1020,780,0,-23700,28332,47084,18752
1989:Q1,51192,32120,11772,20348,5208,27716,-884,1536,-444,4088,108,19076,28380,11960,17377,651,596,48,320,84,74332,2500,912,1216,-380,1968,9356,-1780,0,0,13792,26932,-13140,-888,58098,1200,2764,1524,1656,3388,52,0,-8142,60540,53848,-6692
1989:Q2,23772,23104,-1328,24432,5712,4836,704,1484,-408,17492,-1004,668,18904,11268,-537,273,288,16,620,8,61300,26960,1480,32,960,-228,10768,1236,-4,0,41204,42636,-1432,-828,10133,588,268,488,44,3608,464,0,4503,20096,11600,-8496
1989:Q3,29028,26140,4420,21720,6104,11232,784,1916,-712,12952,-32,2888,16652,7976,1598,302,340,4,608,36,46076,54236,496,2320,2604,1528,-12012,-60,0,0,49112,54724,-5612,-704,2929,-168,-48,284,128,-4164,-216,0,-1781,-3036,16220,19256
1989:Q4,51276,18368,10712,7656,6348,15772,-2808,-1472,792,5368,716,32908,34248,-7068,26278,1802,1872,260,2560,136,91380,46680,-136,2616,2380,656,13992,4440,-140,0,70488,82816,-12328,-524,47928,1100,152,1084,44,3776,1528,0,-34720,20892,22800,1908
1990:Q1,38776,35124,7364,27760,6372,44536,992,2400,288,-13488,396,3652,288,-6152,3498,342,304,32,-564,40,63096,49176,716,2216,1048,1308,-2512,160,84,0,52196,64196,-12000,-184,-9186,128,480,168,308,-880,-8,0,19890,10900,22300,11400
1990:Q2,15568,20668,-5248,25916,6332,22924,852,-592,-40,-2568,92,-5100,-1968,100,-4512,-128,-176,-16,-260,-8,55092,35548,972,2512,724,-580,2712,456,4,0,42348,53528,-11180,16,-2308,268,724,184,-204,816,124,0,13140,12744,25204,12460
1990:Q3,71464,50336,24800,25536,6176,39148,-1904,1252,1412,10104,324,21128,40196,18940,18282,590,784,168,1208,96,33256,36952,396,780,1136,176,-7660,276,12,0,32068,41268,-9200,172,47380,-56,-152,64,-116,-2508,-28,0,-43396,1188,27152,25964
1990:Q4,5252,39364,8040,31324,5924,49300,768,2336,664,-14160,456,-34112,-952,21452,-30600,-732,-816,-160,-1684,-120,42544,27620,5568,-1236,4340,5656,-1840,1560,352,0,42020,65968,-23948,284,51207,-5084,-1620,2160,1064,-2072,-2564,0,-42567,524,7364,6840
1991:Q1,66732,48118,19100,29018,5428,24738,1624,636,548,20368,204,18616,9624,468,16642,390,292,56,1200,36,16300,31564,-340,2344,8152,1368,-8488,4288,-8,0,38880,58588,-19708,284,-6190,-348,-552,1176,-260,-2716,992,348,-15030,-22580,-8772,13808
1991:Q2,3692,25874,1908,23966,5200,40630,-1736,992,56,-14536,468,-22180,5072,26024,-18764,-980,-840,-100,-1428,-68,53512,-10120,-144,-1364,-280,-140,28156,1004,0,0,17112,34756,-17644,344,14882,176,716,1088,568,8640,588,56,9686,36400,11356,-25044
1991:Q3,34300,38730,18956,19774,5072,35426,384,-1064,-616,3892,708,-4428,19908,21212,-4215,-85,-160,-36,56,12,-5412,24692,256,1556,2692,4460,-17576,1148,20,0,17248,30588,-13340,400,-47712,-128,-564,-300,720,-5608,48,-28,30912,-22660,8652,31312
1991:Q4,51744,52106,30764,21342,5072,58354,-3508,-952,2148,-4332,396,-360,-41672,-41516,-479,39,-156,152,-4,88,28284,31752,348,3912,-1680,96,2404,80,-156,0,36756,59312,-22556,456,-44203,64,4388,2996,-2884,200,-256,0,31223,-8472,10720,19192
1992:Q1,78964,49108,29552,19556,5280,28268,1088,800,492,17860,600,29860,30144,-3524,25072,1284,1180,204,1924,196,8344,8432,128,2348,732,1148,2224,716,-28,0,15700,32012,-16312,544,10746,-52,100,-324,124,472,72,-20,-18474,-7356,1148,8504
1992:Q2,37260,35128,9460,25668,5472,36996,1420,932,688,-5884,976,2136,15588,9648,1735,241,188,56,-160,76,23664,7696,184,1300,308,1408,1248,428,-4,0,12568,21812,-9244,588,7886,100,688,416,500,416,192,0,898,11096,20400,9304
1992:Q3,16820,22456,1600,20856,5720,35964,1392,-14316,-120,-688,224,-5636,11396,13224,-4580,-16,-852,-28,-152,-8,11592,14496,172,1016,248,-388,2404,192,-8,0,18132,26740,-8608,624,-23548,-44,-308,-492,-312,484,-80,-20,17780,-6540,8792,15332
1992:Q4,44768,39544,17976,21568,6004,34472,1568,-16,-76,1420,2176,5224,-13352,-22388,1913,1139,1104,80,600,388,35692,20992,-336,9388,208,1920,2212,-732,44,0,33696,45976,-12280,648,-19772,316,-3856,908,468,-2680,-624,-36,27272,1996,13864,11868
1993:Q1,59928,45640,10948,34692,6388,51492,660,2560,256,-10096,768,14288,30240,15952,13094,590,576,88,-204,144,32240,11852,-40,-80,308,-3532,-6236,12904,-60,0,15116,33888,-18772,560,20455,96,492,712,-748,-1636,3700,0,-5947,17124,21880,4756
1993:Q2,93056,60164,26172,33992,6640,27512,-196,996,-1064,30544,2372,32892,52248,19356,26865,1271,1100,92,3156,408,45544,-9668,-360,3024,-788,1720,8624,12524,-44,0,15032,20680,-5648,628,30507,96,1888,980,912,2640,4092,-28,-10575,30512,20728,-9784
1993:Q3,52616,65048,26676,38372,6832,66220,3076,2876,-80,-7216,172,-12432,27848,40280,-10050,-498,-424,-100,-1216,-144,46752,5692,60,-492,-160,800,3376,12420,-20,0,21676,27268,-5592,736,-24185,156,572,776,536,1188,4184,-40,41889,25076,27220,2144
1993:Q4,130204,74280,34464,39816,6952,14496,-56,500,-404,59212,532,55920,-4284,-60208,42020,3136,2912,632,7412,-192,80912,15188,-856,976,-688,-2556,16316,10308,-60,0,38628,36864,1764,872,31531,972,2252,1532,3788,4084,6508,-212,-8171,42284,25180,-17104
1994:Q1,114216,53851,31692,22159,6968,52519,-216,-4436,32,6044,-92,60364,64780,4416,51549,2555,1644,364,3944,308,23532,20924,252,1652,1968,1716,-560,1032,4,0,26988,31248,-4260,1400,5817,-20,56,108,288,-368,-128,-12,-9197,-3456,-600,2856
1994:Q2,59724,57667,24544,33123,6960,55619,2892,436,968,-2668,420,2060,7440,5384,2515,161,-128,72,-576,16,23068,15356,-16,688,1148,140,1540,776,0,0,19632,16500,3132,1300,-236,-36,96,220,-28,428,124,-4,2872,3436,-1232,-4668
1994:Q3,69264,59799,27264,32535,6908,56595,2756,1192,-432,-512,200,9464,25336,15872,8757,423,208,-36,76,36,54836,37540,-104,2812,1640,952,396,784,24,0,44044,32616,11428,968,22702,-60,712,328,204,52,88,0,-13234,10792,8792,-2000
1994:Q4,77468,87335,51136,36199,6828,84855,2960,7152,1640,6408,-15680,-9868,3468,13336,1615,-1215,580,-260,-9760,-828,83048,51204,416,6988,1640,2996,3844,10256,368,0,77712,68480,9232,436,30961,-272,764,176,-2464,-3800,-9748,20,-10301,5336,9424,4088
1995:Q1,77300,72600,24412,48188,6660,66480,-404,2192,104,4808,-580,4700,15712,11012,4348,-16,96,-4,328,-52,39696,45424,36,5912,1356,1080,-3292,1968,12,0,52496,43380,9116,-984,-6866,-192,448,-820,-180,-1124,-60,4,-4010,-12800,-10092,2708
1995:Q2,60312,57500,4328,53172,6624,53256,1964,-16,976,1084,236,2812,14940,12128,2702,102,-88,68,16,12,47552,32228,-96,764,4408,568,-1396,1520,28,0,38024,29348,8676,-1272,22138,-36,164,1124,136,-376,380,-4,-13998,9528,3064,-6464
1995:Q3,87092,82512,28608,53904,6656,75232,2844,3800,-416,524,528,4576,9472,4892,4328,96,204,-52,-36,36,67056,41736,16,9364,1388,1284,3184,1668,24,0,58664,50384,8280,-1140,20303,-52,2076,-4,192,772,244,-12,-15127,8392,8916,524
1995:Q4,170296,164956,104588,60368,6764,148364,2148,8224,804,5280,136,5336,17660,12320,6570,-158,848,156,-2120,40,76800,63768,1752,7196,-4460,2936,4096,904,-116,0,76076,68448,7628,-588,733,-1668,560,4860,1364,1444,1136,0,-7705,724,8768,8044
1996:Q1,95032,103210,47540,55670,7004,95254,2508,2668,916,5676,-3812,-8172,-13548,-5372,-6916,-392,-492,-44,-28,-300,114072,70788,596,-396,2672,364,2156,2528,28,0,78736,71528,7208,1148,-26761,216,652,1528,412,720,1036,0,57533,35336,41752,6416
1996:Q2,60384,59094,9420,49674,7264,49814,848,2500,704,4448,780,1292,3680,2388,1006,-30,36,28,208,44,64740,48488,-176,-6292,2492,336,3404,2652,120,0,51024,40216,10808,1904,65709,-40,-1604,644,88,880,700,120,-52781,13716,20680,6964
1996:Q3,92516,75550,23116,52434,7588,62198,4496,2676,880,2856,2444,16968,9968,-7000,14750,738,656,132,500,192,61032,54344,108,2504,2016,1600,-5396,2848,348,0,58372,48400,9972,2432,-14988,-28,64,-204,140,-1520,396,0,18800,2660,18944,16284
1996:Q4,119592,91038,30052,60986,7976,67010,4264,7132,536,14756,-2660,28556,55712,27156,24072,1480,-896,204,968,2728,106164,75304,-360,5352,14188,-1404,4772,3064,-92,0,100824,94792,6032,2704,13227,840,-820,-396,2516,1136,620,0,-11783,5340,3068,-2272
1997:Q1,118180,113498,50908,62590,8244,99058,1732,6696,2784,1696,1532,4680,5432,748,4021,103,336,172,-4,52,114504,53080,232,3472,-512,2148,5896,4296,-324,0,68288,46260,22028,2064,45906,212,2056,1316,1232,1888,1868,20,-8282,46216,40208,-6008
1997:Q2,99536,94582,35280,59302,8720,76750,3852,6200,480,6324,976,4952,15156,10200,3910,250,356,12,384,40,92600,34412,-12,9932,2116,11316,-2724,4196,60,0,59296,44640,14656,2080,104632,88,3356,1408,3452,-500,1604,0,-80736,33304,38492,5188
1997:Q3,84868,83262,20956,62306,9276,72598,4400,6536,-528,1864,-1608,1608,11392,9784,1599,-23,288,-72,-8,-176,71460,54932,816,6020,10224,3548,-11584,4876,176,0,69008,48776,20232,2204,60951,124,840,1844,460,-3264,804,4,-59311,2452,27720,25268
1997:Q4,116640,103890,56024,47866,9896,68194,1336,2336,3992,23908,4124,12756,36000,23248,10966,162,1624,476,1704,-2176,143836,76924,848,1620,2348,2992,15564,1148,-172,0,101272,98320,2952,2468,-34808,-268,3476,5008,2780,-420,4824,60,61916,42568,40332,-2236
1998:Q1,167376,141598,92296,49302,10500,150782,4648,-1912,2280,-16252,2052,25780,26288,508,24721,963,400,288,-808,216,79036,62092,20,-68,1808,808,-2572,-1144,804,0,61748,55684,6064,3744,26167,0,-32,492,216,-720,-220,-24,-8591,17288,12836,-4452
1998:Q2,178756,119054,64372,54682,11236,95282,932,6168,2912,13000,760,59704,61684,1980,51781,2103,2388,664,2496,272,81564,48636,-20,368,888,2168,6124,-568,-72,0,57524,47816,9708,4372,75872,28,432,644,824,1764,68,-12,-55580,24040,21200,-2840
1998:Q3,81916,93222,61988,31234,12020,83926,-2924,5224,-2432,7916,1512,-11304,15792,27096,-9649,-1067,-324,-380,72,44,93960,56856,-268,14180,864,760,-3552,-584,-12,0,68244,67780,464,4932,1746,-56,4216,496,352,-972,-12,24,19922,25716,28136,2420
1998:Q4,142532,112578,71132,41446,12804,97054,7104,14236,-1144,-12348,7676,29960,69392,39436,22847,-3815,1392,764,7884,888,461620,399152,1172,-712,-1004,4292,11452,-1452,-680,0,412220,417084,-4864,5396,-90969,-272,3448,1068,1408,2380,1488,60,130789,49400,113684,64284
1999:Q1,273992,159223,122076,37147,14412,137947,1660,5880,524,6296,6916,114768,135508,20740,99993,2719,4396,948,5320,1392,115036,55632,700,-3204,600,832,-14476,3684,-1376,0,42392,61928,-19536,5568,-13641,444,2036,3308,2060,-4028,2848,48,79569,72644,81244,8600
1999:Q2,200132,136151,72884,63267,14680,117311,1484,2000,1372,6556,7428,63980,76728,12748,55634,1414,2056,588,3020,1268,562804,397124,592,49328,16164,33036,13512,-4260,12048,0,517544,517976,-432,5676,4306,-232,8796,-728,6180,3400,-2632,48,26122,45260,52044,6784
1999:Q3,255136,201707,137032,64675,14884,178799,1992,8916,2116,3376,6508,53428,89032,35604,47113,899,2144,508,1688,1076,202576,102676,484,80,18340,184,7288,676,3064,0,132792,110044,22748,5784,21470,240,1692,6724,1100,2308,1472,-8,34786,69784,71408,1624
1999:Q4,167304,152455,63724,88731,15020,141043,704,5576,1280,27792,-23940,14848,28288,13440,21832,904,-2604,-1516,-20100,16332,276004,169020,396,13312,3024,6376,19096,1664,-4208,0,208680,196300,12380,5888,-5515,-48,5848,-2208,-2860,696,7684,64,63663,67324,61164,-6160
2000:Q1,138208,176798,83136,93662,15056,148322,6904,4440,3292,2496,11344,-38588,-7220,31368,-34998,-650,-1520,-20,-584,-816,207400,171868,-776,4240,4600,6624,-8964,2496,708,0,180796,164684,16112,6032,-26880,-332,-280,104,1236,-3056,-72,-16,55904,26608,60596,33988
2000:Q2,206368,210138,117108,93030,14916,183138,5752,9608,1728,-1280,11192,-3768,-4120,-352,-3343,-197,116,-8,-548,212,365568,294428,980,3108,7288,11144,1572,3936,-152,0,322304,321024,1280,6124,43552,136,-2096,-364,1672,132,-680,12,900,43264,56224,12960
2000:Q3,156712,127218,35648,91570,14856,95978,16504,3864,1484,1844,7544,29496,14884,-14612,24388,2212,896,260,392,1348,318888,113180,-200,-520,2932,31380,-2716,-1224,808,0,143640,155476,-11836,6348,144260,288,6076,6340,14000,-164,3528,4,916,175248,176352,1104
2000:Q4,129032,165902,76268,89634,14980,162746,13556,3100,-1876,-2572,-9052,-36868,-25684,11184,-30795,-617,-2732,-472,-2316,64,389484,249824,388,17620,6724,63252,54944,-3572,-2148,0,387032,397380,-10348,6800,3940,-576,-5044,-308,-8816,1944,8844,-8,2480,2456,41984,39528
2001:Q1,140236,121758,49100,72658,15704,114846,304,2580,2208,1120,700,18480,52368,33888,17122,338,388,256,160,216,236820,88816,-480,-3584,10096,5764,16108,1748,368,0,118836,134804,-15968,7428,92020,28,2440,6564,4204,5592,3456,-16,3696,117984,51992,-65992
2001:Q2,106220,119338,47580,71758,16348,115138,3236,-296,132,1428,-300,-13116,8052,21168,-10527,-369,-848,-176,-132,-1064,238256,170776,-24,12936,-6188,8200,4396,6304,-1724,0,194676,210084,-15408,8244,38460,-44,3216,-2748,1980,1180,1016,-40,560,43580,55016,11436
2001:Q3,176744,153086,85112,67974,17044,101562,4068,-196,704,-1060,48008,23660,20904,-2756,17827,385,176,120,-40,5192,56512,29176,384,-56,2916,3208,-22628,5360,-2256,0,16104,40288,-24184,9016,38704,188,1352,2188,1980,-6856,2456,-4,400,40408,45020,4612
2001:Q4,143152,125678,61976,63702,17768,120466,-1964,-7796,3072,-2200,14100,17476,12264,-5212,15662,1362,212,-1024,-1816,3080,140596,76540,-376,7848,-5336,-3360,22396,7656,-2676,0,102692,178428,-75736,9652,35024,176,1560,4800,-8544,4488,544,32,-176,37904,58564,20660
2002:Q1,192380,157931,79000,78931,18520,123451,-612,17576,436,2512,14568,34448,27148,-7300,28624,756,2272,128,372,2296,98976,70316,152,3264,980,4636,-1292,-3252,736,0,75540,84912,-9372,10184,21800,48,980,216,1484,-456,-1072,-12,448,23436,48748,25312
2002:Q2,144364,106255,15520,90735,18996,85691,1040,4988,6972,-692,8256,38108,59324,21216,32880,844,1300,860,104,2120,29880,99136,384,6400,13136,4024,312,2812,-2448,0,123756,109076,14680,10840,-80988,-164,-3760,-1564,-2152,-944,-3940,-24,-340,-93876,-40472,53404
2002:Q3,132080,132635,46392,86243,19196,115347,5332,-368,1524,520,10280,-556,15568,16124,-192,-144,-520,64,-52,288,57312,97368,256,3816,3588,4216,7668,-936,712,0,116688,92788,23900,11812,-50308,-128,-2964,-3064,-1192,1480,-3328,-48,176,-59376,-54208,5168
2002:Q4,146752,112823,29916,82907,19068,114875,5396,10628,1072,456,-19604,33928,55960,22032,21480,-416,9056,476,-20,3352,157664,106836,280,-6696,19924,-5676,-7208,8836,1780,0,118076,134596,-16520,13180,39720,660,7384,-2444,9492,676,-14224,8,-1684,39588,4016,-35572
2003:Q1,89280,128999,37104,91895,18564,104847,6024,5532,224,-1080,13452,-39720,-16084,23636,-35139,-605,-1684,-320,-452,-1520,153156,116908,108,15292,-3760,2288,56776,4416,-704,0,191324,146820,44504,15040,-45728,-204,-8,-4756,-2260,15052,-832,-8,576,-38168,-25464,12704
2003:Q2,184240,143167,30044,113123,18276,123075,3784,8084,1184,1372,5668,41072,43776,2704,35585,1143,1856,280,292,1916,-16232,-992,164,384,4288,-4940,336,2180,180,0,1600,26920,-25320,16248,-15424,-4,-888,396,-2000,-324,176,336,-100,-17832,-1588,16244
2003:Q3,160212,145139,17792,127347,18124,122115,4880,7468,720,1812,8144,15072,19864,4792,13063,237,732,68,180,792,28,58820,32,3056,1500,640,4028,1880,2316,0,72272,38556,33716,16968,-60456,-224,-3640,-3196,-2592,-828,-1448,124,16,-72244,-42072,30172
2003:Q4,156744,199603,56996,142607,18112,175767,11600,-5008,1236,4508,11500,-42860,24528,67388,-46005,-1023,-2740,128,484,6296,141096,173268,516,-172,15564,-8856,3744,5352,-732,0,188684,161384,27300,17200,-43436,-712,2648,1812,-2936,-3620,-1732,-16,408,-47584,-14840,32744
2004:Q1,306272,278020,121188,156832,18236,206276,5220,22260,-672,2096,42840,28256,65132,36876,21078,954,2080,-56,196,4004,110320,57884,-20,400,1952,-128,12556,-6536,10096,0,76204,49652,26552,16940,28244,24,884,1100,400,3304,-468,-4,632,34116,65600,31484
2004:Q2,298056,268216,119952,148264,17868,221548,11240,11244,3448,3404,17332,29840,46768,16928,24932,1132,1208,344,344,1880,136672,101680,-476,6932,-1644,46876,12176,-4964,10052,0,170632,103948,66684,16420,-35892,-248,-2188,-3404,8580,1236,-1976,-24,-40,-33956,-7140,26816
2004:Q3,203564,190664,22512,168152,17004,163004,6664,11728,3288,1548,4432,12900,46800,33896,11680,132,800,260,92,-64,142076,81344,-144,40840,-3752,13892,8192,2448,876,0,143696,67892,75804,15644,-9232,-96,7264,-2196,1840,1040,-116,-120,-4,-1620,29260,30880
2004:Q4,440484,431332,269452,161880,15652,420124,512,-7472,988,-41724,58904,9156,69120,59964,4422,6762,-5428,-384,-1456,5240,217856,170260,196,2572,-6804,11544,27032,-1600,-936,0,202264,150124,52140,14612,12692,-64,14900,-4640,232,-13668,5616,8,516,15592,26392,10800
2005:Q1,227744,222504,82208,140296,13804,203112,-6088,4264,1432,360,19424,5240,17328,12088,5202,-350,-128,24,-44,536,159904,105788,884,19212,10120,2416,13468,-2784,1260,0,150364,102636,47728,13320,3644,148,2520,1364,-288,2528,-1000,-76,696,9536,-1048,-10584
2005:Q2,157308,171292,70112,101180,12156,125988,3156,28364,2368,8616,2800,-13980,-7284,6696,-12947,-941,1192,4,492,-1780,-32020,51272,-20,14120,-4736,7364,6432,-3116,1356,0,72672,-3800,76472,12228,-89720,-216,-5632,-5044,-2964,-464,-3128,2288,188,-104692,-47096,57596
2005:Q3,-58696,-99280,10464,-109744,10708,-121184,4936,7388,5432,7396,-3248,40584,40192,-392,32073,1691,2228,724,872,2996,155876,86408,-524,-728,-9628,2288,3260,-3188,60,0,77948,69056,8892,11336,68864,8,4144,132,2696,1540,756,-228,16,77928,92376,14448
2005:Q4,-218752,-125368,84964,-210332,9460,-91252,1232,3616,-3596,1384,-36752,-93384,-67712,25668,-79571,-1441,-3700,-820,-1196,-6656,182860,167732,-112,7760,8348,-5900,-7624,-584,-4704,0,164916,115008,49908,10644,16932,68,-3976,-1120,-4204,6116,428,2260,1440,17944,15180,-2764
2006:Q1,222803,276328,86032,190296,8412,229804,2892,8500,-1668,8844,27956,-53520,54728,108252,-43523,-2577,-2556,-680,80,-4264,180936,158212,-72,25040,16252,7264,6400,-15768,720,0,198048,103976,94072,10152,-14884,-120,544,1284,-704,4,-4100,-236,1104,-17108,26888,43996
2006:Q2,127891,161856,-29860,191716,8004,142412,4348,1368,-12,3356,10384,-33964,1584,35548,-26655,-1949,-1804,-336,-148,-3072,266208,154292,-2468,2508,928,32308,4468,-6196,3580,0,189420,80500,108920,9972,63936,-456,2628,1188,7660,1540,-412,108,596,76788,124448,47660
2006:Q3,276159,272544,50808,221736,8240,248920,-4504,11696,3192,4636,8604,3616,10928,7312,5484,-1152,-4,72,148,-932,226284,131340,-620,13200,7836,9476,2136,-4180,-564,0,158624,62020,96604,10100,56456,-92,4812,2608,3136,1068,-304,-48,24,67660,72756,5096
2006:Q4,303795,305484,88900,216584,9116,281152,-1460,-3920,2540,10484,16688,-1688,-20416,-18732,-9942,-2266,-900,104,4400,6916,315876,169996,-704,7080,37632,2376,-1932,2668,-9932,0,207184,213612,-6428,10536,65484,932,-632,24832,-4076,7264,14048,128,712,108692,84108,-24584
2007:Q1,395004,473456,250504,222952,10632,349864,40444,20208,6768,21000,35172,-78452,11628,90080,-63979,-1933,-3392,-500,-248,-8400,205600,225676,60,14020,-21220,-24,-13128,21212,-1080,0,225516,123992,101524,11284,-10832,-68,-184,-6604,-1612,-3844,2948,276,0,-19920,133788,153708
2007:Q2,346028,399228,207040,192188,11572,226060,35692,20060,4672,53584,59160,-53200,-12532,40664,-49363,-821,-1484,-256,1492,-2768,268396,171796,20,13092,19972,8508,2352,7772,-3668,0,219844,148920,70924,11776,38496,-12,1988,3612,1380,248,1120,1720,0,48552,65516,16964
2007:Q3,300824,310408,68152,242256,11944,237888,29120,11792,6372,17860,7376,-9588,25204,34788,-7328,260,-572,68,208,-2224,351856,225864,-848,38324,22268,-2388,-6968,5740,-448,0,281544,231276,50268,12008,54816,-140,9208,5496,176,-1004,1684,76,0,70312,133816,63500
2007:Q4,578100,506220,277704,228516,11736,448820,21392,21664,5496,-11772,20620,71884,66344,-5540,49998,6926,2268,564,23596,-11468,85004,94588,-48,-38624,25576,-7384,-17296,1932,2220,0,60964,64824,-3860,11984,76628,220,-41044,-20832,-2628,17284,-4848,-736,0,24044,105476,81432
2008:Q1,359023,349272,139284,209988,10960,285644,1436,8072,7068,33192,13860,9748,75844,66092,7439,-151,-8,272,2128,68,362074,187032,-808,30568,8004,12596,14980,31332,9052,0,292756,224960,67796,11700,46380,-180,7108,2008,3044,3592,7480,-116,0,69316,57848,-11468
2008:Q2,371099,353076,75196,277880,11324,317988,-5344,9856,2928,20912,6736,18024,43388,25364,16472,-504,204,84,1892,-124,274714,126100,-8,14596,22008,-7120,-2756,31684,2224,0,186728,93992,92736,11740,69576,44,4660,6344,-772,292,8096,-256,0,87984,125412,37428
2008:Q3,258859,363516,91680,271836,12828,290080,17112,13408,6892,22760,13264,-104656,-54856,49800,-89740,-3516,-2892,-468,-3332,-4708,259442,185288,756,2300,11808,6368,15460,78984,-3892,0,297072,244516,52556,12104,-52684,84,-2420,396,-444,1616,15808,8,0,-37636,-15476,22156
2008:Q4,294783,342100,201992,140108,15472,237368,54428,4416,2832,16360,26696,-47316,-180564,-133248,-47255,6783,-5708,-1128,2740,-2748,377562,197912,-728,70296,37900,45644,15324,45740,24220,0,436308,459428,-23120,12788,34568,36,-28100,-29060,-9264,400,-27368,48,0,-58740,-24300,34440
2009:Q1,288963,200492,35736,164756,19260,186380,1624,2288,-2648,4464,8384,88472,84040,-4432,73539,4049,1928,308,4904,3744,-1289,56816,-1316,11632,-33708,5204,12156,-16704,5008,0,39088,74980,-35892,13792,-40924,-280,3048,-7392,1492,3160,-3656,4176,0,-40376,-19456,20920
2009:Q2,262959,212272,5440,206832,21612,199024,-20036,8624,7708,8492,8460,50688,143860,93172,43495,945,1272,604,2444,1928,128723,72048,-124,-228,9504,21812,7760,8128,-1856,0,117044,100492,16552,14332,-5788,-28,-12,2188,5008,1816,1796,6700,0,11680,4120,-7560
2009:Q3,345619,306896,67408,239488,22528,234748,21096,20104,4584,12464,13900,38724,80924,42200,31397,1979,1600,372,1724,1652,226531,122792,1944,13528,15640,13584,4228,460,-40,0,172136,120292,51844,14400,48224,480,3900,4064,3844,1844,768,-8728,0,54396,35720,-18676
2009:Q4,339467,324060,29956,294104,22004,306972,-25580,26040,-4752,17884,3496,15412,-98652,-114060,-1214,12842,3236,416,-8304,8436,276983,245156,-860,13260,7344,-3928,17168,13260,3376,0,294776,211492,83284,14004,-48192,732,21220,12040,-2648,3252,-4580,384,0,-17792,-15976,1820
2010:Q1,377049,454084,159080,295004,20048,436392,-9652,11448,3440,1628,10828,-77036,-57912,19124,-60828,-5140,-1860,-396,-4796,-4016,152096,101956,-116,16636,556,4640,-2056,30076,-26324,0,125368,82720,42648,13136,18936,-56,3092,-288,640,-1072,5636,-160,0,26728,22260,-4468
2010:Q2,259801,324020,30068,293952,18668,291232,3192,-3968,4344,13512,15708,-64224,-40624,23596,-50830,-4186,-2504,-352,-2764,-3588,127132,103936,296,11572,8400,3272,-4488,-7560,13620,0,129048,54464,74584,12536,-124,0,1144,1064,-204,-2248,-2072,524,0,-1916,-11660,-9744
2010:Q3,327937,347908,36924,310984,17864,294324,16900,11324,1580,5412,18368,-19972,33032,53004,-13045,-2379,-832,-256,-1756,-1704,334432,255364,128,12660,4692,8512,28396,108,-748,0,309112,225628,83484,12196,16272,-68,492,-312,464,4612,-1168,5028,0,25320,53456,28136
2010:Q4,220553,227156,-63872,291028,17644,306820,10132,-97832,-3252,11612,-324,-6608,71692,78300,-9689,1829,-4740,2348,4296,-652,228520,219352,896,6416,-2708,2300,18716,34848,-11980,0,267840,199088,68752,12120,-66324,200,-2544,-24,5536,10820,13876,-860,0,-39320,-13296,26028
2011:Q1,401040,361488,51408,310080,17996,353428,-1856,-7788,-192,8048,9848,39552,109412,69860,34268,2388,344,324,44,2184,170094,115952,-336,33188,4700,-14444,3404,20612,-3208,0,159868,69768,90100,12304,4756,-96,6372,592,-3464,92,3680,-1704,0,10228,54652,44424
2011:Q2,507996,481356,160660,320696,18424,449724,2584,964,4220,12152,11712,26640,64660,38020,25679,189,-84,120,540,196,247566,183188,204,14384,-6728,8960,9888,22084,-80,0,231900,131120,100780,12376,11208,-12,1572,-2144,992,804,3520,-276,0,15664,33836,18172
2011:Q3,300800,336012,19416,316596,18916,309936,-17728,17024,5672,12552,8556,-35212,-8856,26356,-26022,-4082,-352,-276,-2184,-2296,270526,173368,24,31380,-3980,-22500,-1700,14892,3172,0,194656,108412,86244,12328,64328,52,7748,-188,-3916,728,4164,2952,0,75868,14640,-61228
2011:Q4,451252,412120,125024,287096,19476,412936,-7092,-4668,2240,13884,-5180,39132,3688,-35448,40531,993,-1120,1244,3052,-5568,280430,183932,-556,-18048,-6464,-9008,26992,-1552,2832,0,178128,116544,61584,12164,60816,720,27600,5532,21888,-15776,1496,32,0,102308,87524,-14784
2012:Q1,405887,320312,14388,305924,20108,299180,-2048,-19092,7048,22624,12600,85576,69432,-16148,69758,4306,432,1124,6416,3540,155893,177920,316,-22024,-6380,-4712,-6524,6256,3320,0,148172,58816,89356,11884,14844,76,-4640,-1144,-736,-1132,3296,-2844,0,7720,59300,51580
2012:Q2,287159,321720,58656,263064,20384,304696,-1376,5900,4804,2588,5108,-34560,-33712,848,-28506,-2742,-704,-416,-80,-2112,303701,190600,1692,8364,55748,5652,512,7692,-1000,0,269260,179016,90244,11992,23996,284,80,10572,172,-744,520,-436,0,34444,97124,62680
2012:Q3,324163,314324,43416,270908,20304,296684,-1312,-1828,2680,9360,8740,9840,-4688,-14528,12535,-1375,-424,-92,-440,-364,175073,122184,140,4768,-3488,6340,728,15068,-3656,0,142084,47148,94936,12488,30828,24,852,-760,1216,92,2744,-2008,0,32988,42104,9116
2012:Q4,336243,328560,32504,296056,19872,312288,-1664,15072,6504,-5092,1452,7684,41428,33740,4949,-125,2108,1968,-1504,288,211205,257440,1056,-12076,-2872,4336,-720,34640,4352,0,286156,194124,92032,13372,-58416,-428,15628,-21188,-3296,-3044,-4364,156,0,-74952,-46740,28212
2013:Q1,289120,313100,13804,299296,19084,257856,1696,17988,-1672,15580,21652,-23980,-28188,-4204,-17806,-1442,176,-552,-3924,-432,142683,93004,104,8944,20064,7548,1464,6660,-1232,0,136556,45812,90744,14644,1056,-16,480,3408,800,-240,588,52,0,6128,7608,1480
2013:Q2,391084,323552,23316,300236,18540,324888,-27112,18764,3428,-4,3588,67532,107100,39564,57698,2098,1916,872,2508,2440,256595,226720,-132,7944,6628,5728,2344,8940,-2664,0,255508,138732,116776,15648,-316,-84,-380,652,104,-356,604,864,0,1088,103012,101924
2013:Q3,319784,388784,41488,347296,18232,301932,32888,21748,4532,13388,14296,-69000,2400,71400,-56269,-3723,-1068,-1068,-3504,-3368,243815,213044,1512,8792,2860,5672,-10196,10760,-1036,0,231408,178880,52528,16380,13312,232,200,84,312,-2444,1144,-432,0,12408,9132,-3276
2013:Q4,287764,313388,-44,313432,18168,326616,464,-10652,6680,-27336,17616,-25628,-21260,4364,-7491,-3125,-1428,-608,-2376,-10600,225995,170380,-148,8900,31752,-9448,19368,3892,-1088,0,223608,132988,90620,16848,33764,168,172,-14064,-14240,-8408,5408,-412,0,2388,74572,72184
2014:Q1,252548,208120,-88544,296664,15544,173948,1664,11576,-116,7156,13892,44428,72144,27720,43833,-2665,-760,-760,6016,-1236,-293969,-339044,-1704,-588,-2016,-4364,22588,-1880,8160,0,-318848,-383112,64264,11568,13896,-212,2580,188,320,4960,1720,1428,0,24880,5804,-19076
2014:Q2,331988,351224,43296,307928,14624,311116,5316,24516,-1224,-60,11560,-19236,-31112,-11880,-13722,-2114,60,-740,-1656,-1064,316279,249288,1144,2064,-1928,5504,720,7664,-1968,0,262488,155312,107176,9844,52820,208,404,-336,1004,140,1168,-1616,0,53792,68944,15156
2014:Q3,399760,366700,59116,307584,14184,323140,7436,9328,3600,8268,14928,33060,68176,35116,28531,1129,788,368,1048,1196,424203,234268,-16,-11536,6864,4272,3580,-208,948,0,238172,142300,95872,9392,162376,288,6800,3112,4516,4048,5168,-276,0,186032,188292,2260
2014:Q4,406336,453612,146908,306704,14220,458884,3380,-9052,484,1244,-1328,-47280,220,47500,-56442,-5190,-164,1628,-2564,15452,401431,376452,6352,28008,-15264,324,-6028,17644,-5004,0,402484,291784,110700,10212,-8272,1332,-12912,13080,-6148,344,11512,12,0,-1052,61636,62688
2015:Q1,323296,298492,11100,287392,8076,246948,-5056,5700,10260,16880,23760,24804,31260,6456,20546,590,540,660,772,1696,956604,765792,2732,-11248,13548,25396,5488,10360,-360,0,811708,737952,73756,12760,129368,628,132,3336,5764,2004,3600,64,0,144896,155788,10888
2015:Q2,264076,287420,-3424,290844,8740,261452,5264,-5528,2252,14344,9636,-23348,23992,47340,-19601,-1039,-956,-376,-272,-1104,374936,278192,1688,5096,15852,2496,-4316,18280,580,0,317868,208656,109212,15444,50104,316,908,3008,452,-852,3384,-252,0,57068,103680,46612
2015:Q3,177852,340568,38400,302168,10460,303128,-8628,6196,-1204,15884,25192,-162716,-121756,40960,-137261,-7563,-3236,-2420,-5572,-6664,254312,257136,676,1664,29844,-1748,-21980,-12584,5716,0,258724,159904,98820,17564,-29924,-16,-2284,4588,-1532,-5236,-2152,32140,0,-4416,-17148,-12736
2015:Q4,332720,243340,-15572,258912,13232,268296,-21584,-2560,-3268,-12244,14700,89380,62792,-26588,93028,624,440,-1536,3076,-6252,349540,201324,792,9468,35276,6816,36284,9600,17424,0,316984,256952,60032,19120,10664,644,-1944,22292,-8208,-4408,1724,11792,0,32556,29968,-2588
2016:Q1,318928,338456,30168,308288,17060,324036,4880,7524,-35072,15148,21940,-19524,37204,56724,-15881,-455,-80,-1708,-1592,192,566540,293472,656,1856,86716,22088,-9752,24740,-9068,0,410708,332188,78520,20112,101176,636,8656,20996,7400,1340,11172,4456,0,155832,86108,-69724
2016:Q2,337976,382036,68980,313056,20156,296560,-27128,5244,2260,94120,10980,-44056,3952,48008,-38459,-3389,-1004,-504,1120,-1820,605180,482652,3148,6964,3592,-3436,7956,16600,-7464,0,510012,412904,97108,20700,83396,688,2924,1920,80,2068,3940,152,0,95168,142456,47288
2016:Q3,248060,263692,25112,238580,22520,215020,-784,11420,-1984,14944,25076,-15628,69636,85264,-12638,-934,-164,-356,-1364,-172,475652,145688,3768,6360,1616,-6564,3040,26488,171348,0,351744,246320,105424,20892,291436,1004,5340,3396,484,2080,-621076,441248,0,123912,124788,876
2016:Q4,316804,318724,60492,258232,24156,255344,19676,13880,-9924,13580,26168,-1912,-125096,-123184,-2723,-469,748,724,-2468,2276,272692,169520,-740,7520,31492,-16712,7824,25728,-120,0,224512,192188,32324,20684,76484,1508,4004,-27144,6628,-11240,936,-2996,0,48180,-19580,-67764
2017:Q1,419524,402172,69868,332304,25060,341044,16628,6140,4180,23576,10604,17352,73824,56472,13883,89,220,888,1800,472,353116,348344,3904,13260,-3888,-1928,3128,-16304,-27360,0,319156,226972,92184,20076,3804,-2044,-324,-404,148,-1552,-2252,36584,0,33960,20640,-13320
2017:Q2,280960,389544,59896,329648,25628,319680,23168,24720,7540,704,13732,-108580,-47744,60836,-89853,-4847,-2496,-1572,-4932,-4880,315288,244808,2800,18600,-1836,11464,-7640,55572,-29892,0,293876,205180,88696,19672,-1296,-1072,-1204,1084,-704,6600,6740,11260,0,21408,11996,-9412
2017:Q3,386796,352884,34148,318736,25860,318232,3208,468,-4952,29256,6672,33912,114332,80420,31814,218,-4,984,448,452,298388,274080,2364,-1944,-6116,3328,-924,17872,-7700,0,280960,163712,117248,19480,8048,-2720,-1524,-344,-376,2900,1832,9608,0,17424,54416,36992
2017:Q4,326144,424040,4008,420032,25756,393928,11556,-23588,6648,16512,18984,-97900,-96484,1416,-86581,-1255,-896,-1252,-3320,-4596,293116,257036,236,2044,-2048,2004,6912,64640,-16636,0,314188,203404,110784,19496,-8992,6312,1468,-2476,4408,-8340,4128,-17580,0,-21072,-26396,-5324
2018:Q1,-299060,-647336,35236,-682572,25316,-611084,-4604,-7964,3056,-324,-26416,348276,333916,-14364,296718,13846,7552,4472,12932,12756,195456,200716,-424,4264,8272,10212,6472,4560,43676,0,277748,155212,122536,19720,-21364,68,-6428,-2108,-2384,-1740,-2616,-45720,0,-82292,-1604,80688
2018:Q2,-466056,-301292,-980,-300312,25036,-295400,10244,18748,-39212,-5220,9548,-164764,-121479,43288,-142023,-5653,-3384,-3320,-5172,-5212,-7980,104852,2444,25556,19660,10076,12600,10268,12548,0,198004,48912,149092,19932,-166692,200,-12300,-5748,-4668,-2232,-4672,-9872,0,-205984,-203392,2592
2018:Q3,196932,222564,138232,84332,24916,188020,13788,29840,-616,10556,-19024,-25628,95544,121172,-22363,-1081,-452,260,-276,-1716,451372,321348,80836,9500,7944,12736,8640,31308,-23380,0,448932,294828,154104,20128,13376,-684,-3076,32,-1960,324,1272,-6848,0,2436,-18512,-20952
2018:Q4,-109232,-146396,115544,-261940,24960,-77364,-22364,-8528,-8548,-48356,18764,37160,-136304,-173464,32941,1507,1504,-60,1532,-264,334848,369796,-6768,19112,10164,14324,9260,-61452,97948,0,452384,297324,155060,20316,-83864,8404,-8092,-3852,-5300,732,-6908,-18660,0,-117540,-84276,33264
2019:Q1,-187588,113660,30148,83512,25164,20872,9752,13516,6332,28424,34764,-301244,-157624,143620,-258444,-11788,-6632,-2424,-12108,-9848,329964,312684,5344,10032,5348,12872,-2936,56192,-55920,0,343616,183736,159880,20488,-16104,-2292,-3020,160,-612,-332,3696,4852,0,-13652,-17064,-3412
2019:Q2,349600,175772,32560,143212,25316,172512,-10484,972,-7760,11256,9276,173832,301237,127404,148987,6601,3456,1540,6776,6472,285200,272968,884,276,-3748,4620,3176,30220,-17516,0,290880,131432,159448,20620,-4912,-1580,-2380,100,548,872,1516,156,0,-5680,-20436,-14760
2019:Q3,-6164,183548,12084,171464,25416,101096,31344,3668,900,35272,11268,-189708,-91580,98128,-162233,-7379,-4000,-1824,-7544,-6728,204016,141436,-2228,-736,10316,15460,5676,40524,2184,0,212632,71328,141304,20704,31684,260,-1756,-1288,-976,1092,2316,-39948,0,-8616,1716,10332
2019:Q4,319724,221184,-5020,226204,25468,202728,16584,1308,-9484,-14572,24620,98544,8060,-90480,84402,3942,1956,1328,2440,4476,309032,183220,6664,5232,-2124,14528,23084,-5184,88700,0,314120,185468,128652,20748,93388,-8120,-748,-6972,-3000,-9312,-6328,-63992,0,-5084,2392,7476
2020:Q1,-77888,59632,57264,2368,25224,-16348,8468,23664,5276,15672,22900,-137520,-143388,-5872,-116936,-5408,-2952,-1584,-5800,-4840,172204,173844,248,-2196,4088,-2224,-692,-145172,153156,0,181052,110160,70892,20764,-14336,-4,-164,-44,-40,-24,-10252,16016,0,-8848,35800,44648
2020:Q2,267576,202348,104972,97376,25156,216088,8668,20652,-5112,-21804,-16144,65228,-65774,-131008,58264,2320,1268,680,736,1960,99240,148072,3320,988,-832,4664,116,109224,-145872,0,119680,81160,38520,20772,-61156,-12,-896,-84,-76,-44,9244,32584,0,-20440,10568,31004
2020:Q3,219172,318112,30876,287236,25108,301208,-10112,25416,-4692,7288,-996,-98940,60772,159712,-86511,-3605,-1392,-1220,-2460,-3752,158732,167940,-4148,6584,2388,-8572,7528,44220,-47648,0,168292,47416,120876,20776,-15920,364,-1440,-324,-1116,-1164,2644,7396,0,-9560,26084,35640
2020:Q4,62960,118688,-22444,141132,25084,154076,-24620,-4444,-984,-6304,964,-55728,-71748,-16020,-50672,-1472,-724,-724,-1184,-952,278200,371512,-5656,11920,-3684,7660,-5660,132120,-157644,0,350568,213688,136880,20780,-136440,7704,-744,5052,6928,10044,12880,22208,0,-72368,-49268,23096
2021:Q1,235733,283960,52540,231420,25026,324904,-37440,1736,-5748,4000,-3492,-48224,98832,147061,-39466,-2662,-1224,-640,-2128,-2104,320525,305692,-2204,15664,2820,4216,9444,-30856,36444,0,341220,156722,184499,20786,-19408,-648,-532,-988,-800,204,-2772,4240,0,-20704,-17674,3025
