date,FU716000105.Q,FU715013005.Q,FU714090005.Q,FU713011005.Q,FU713014003.Q,FU713012003.Q,FU713022003.Q,FU713068705.Q,FU713068703.Q,FU763069143.Q,FU713068725.Q,FU712051000.Q,FU714022005.Q,FU713069603.Q,FU713061103.Q,FU713061113.Q,FU713061125.Q,FU713061705.Q,FU713061903.Q,FU713061703.Q,FU713068005.Q,FU713068813.Q,FU713068665.Q,FU713068863.Q,FU713068505.Q,FU713064103.Q,FU713090005.Q,FU713091103.Q,FU713093005.Q,FU714190005.Q,FU713113003.Q,FU703025005.Q,FU713120005.Q,FU713123005.Q,FU713123023.Q,FU713123030.Q,FU713123043.Q,FU713124005.Q,FU713129005.Q,FU713122605.Q,FU713125005.Q,FU712151003.Q,FU712151103.Q,FU712151115.Q,FU713190005.Q,FU313094213.Q,FU713164003.Q,FU713193005.Q,FU717005005.Q
1945:Q4,ND,ND,ND,ND,ND,ND,ND,ND,ND,ND,ND,ND,ND,ND,ND,ND,ND,ND,ND,ND,ND,ND,ND,ND,ND,ND,ND,ND,ND,ND,ND,ND,ND,ND,ND,ND,ND,ND,ND,ND,ND,ND,ND,ND,ND,ND,ND,ND,ND
1946:Q1,ND,ND,ND,ND,ND,ND,ND,ND,ND,ND,ND,ND,ND,ND,ND,ND,ND,ND,ND,ND,ND,ND,ND,ND,ND,ND,ND,ND,ND,ND,ND,ND,ND,ND,ND,ND,ND,ND,ND,ND,ND,ND,ND,ND,ND,ND,ND,ND,ND
1946:Q2,ND,ND,ND,ND,ND,ND,ND,ND,ND,ND,ND,ND,ND,ND,ND,ND,ND,ND,ND,ND,ND,ND,ND,ND,ND,ND,ND,ND,ND,ND,ND,ND,ND,ND,ND,ND,ND,ND,ND,ND,ND,ND,ND,ND,ND,ND,ND,ND,ND
1946:Q3,ND,ND,ND,ND,ND,ND,ND,ND,ND,ND,ND,ND,ND,ND,ND,ND,ND,ND,ND,ND,ND,ND,ND,ND,ND,ND,ND,ND,ND,ND,ND,ND,ND,ND,ND,ND,ND,ND,ND,ND,ND,ND,ND,ND,ND,ND,ND,ND,ND
1946:Q4,86,5,-428,464,0,223,2,-186,-186,0,0,0,-912,0,-912,1046,-1958,0,0,0,0,0,0,0,0,0,-19,0,-19,-509,224,177,-737,-599,-15,-584,0,0,0,-398,260,0,0,0,-173,0,10,-183,0
1947:Q1,ND,ND,ND,ND,ND,ND,ND,ND,ND,ND,ND,ND,ND,ND,ND,ND,ND,ND,ND,ND,ND,ND,ND,ND,ND,ND,ND,ND,ND,ND,ND,ND,ND,ND,ND,ND,ND,ND,ND,ND,ND,ND,ND,ND,ND,ND,ND,ND,ND
1947:Q2,ND,ND,ND,ND,ND,ND,ND,ND,ND,ND,ND,ND,ND,ND,ND,ND,ND,ND,ND,ND,ND,ND,ND,ND,ND,ND,ND,ND,ND,ND,ND,ND,ND,ND,ND,ND,ND,ND,ND,ND,ND,ND,ND,ND,ND,ND,ND,ND,ND
1947:Q3,ND,ND,ND,ND,ND,ND,ND,ND,ND,ND,ND,ND,ND,ND,ND,ND,ND,ND,ND,ND,ND,ND,ND,ND,ND,ND,ND,ND,ND,ND,ND,ND,ND,ND,ND,ND,ND,ND,ND,ND,ND,ND,ND,ND,ND,ND,ND,ND,ND
1947:Q4,11,6,1197,1946,0,0,-45,18,18,0,0,0,-791,0,-791,-4011,3220,0,0,0,0,0,0,0,0,0,69,0,69,1189,1760,170,-1087,-459,-936,477,0,0,0,-374,-254,0,0,0,346,0,9,337,-3
1948:Q1,ND,ND,ND,ND,ND,ND,ND,ND,ND,ND,ND,ND,ND,ND,ND,ND,ND,ND,ND,ND,ND,ND,ND,ND,ND,ND,ND,ND,ND,ND,ND,ND,ND,ND,ND,ND,ND,ND,ND,ND,ND,ND,ND,ND,ND,ND,ND,ND,ND
1948:Q2,ND,ND,ND,ND,ND,ND,ND,ND,ND,ND,ND,ND,ND,ND,ND,ND,ND,ND,ND,ND,ND,ND,ND,ND,ND,ND,ND,ND,ND,ND,ND,ND,ND,ND,ND,ND,ND,ND,ND,ND,ND,ND,ND,ND,ND,ND,ND,ND,ND
1948:Q3,ND,ND,ND,ND,ND,ND,ND,ND,ND,ND,ND,ND,ND,ND,ND,ND,ND,ND,ND,ND,ND,ND,ND,ND,ND,ND,ND,ND,ND,ND,ND,ND,ND,ND,ND,ND,ND,ND,ND,ND,ND,ND,ND,ND,ND,ND,ND,ND,ND
1948:Q4,58,5,2325,1488,0,27,6,-1,-1,0,0,0,774,0,774,-6665,7439,0,0,0,0,0,0,0,0,0,31,0,31,2264,2580,-238,63,242,-11,253,0,0,0,227,-406,0,0,0,-141,0,5,-146,-8
1949:Q1,ND,ND,ND,ND,ND,ND,ND,ND,ND,ND,ND,ND,ND,ND,ND,ND,ND,ND,ND,ND,ND,ND,ND,ND,ND,ND,ND,ND,ND,ND,ND,ND,ND,ND,ND,ND,ND,ND,ND,ND,ND,ND,ND,ND,ND,ND,ND,ND,ND
1949:Q2,ND,ND,ND,ND,ND,ND,ND,ND,ND,ND,ND,ND,ND,ND,ND,ND,ND,ND,ND,ND,ND,ND,ND,ND,ND,ND,ND,ND,ND,ND,ND,ND,ND,ND,ND,ND,ND,ND,ND,ND,ND,ND,ND,ND,ND,ND,ND,ND,ND
1949:Q3,ND,ND,ND,ND,ND,ND,ND,ND,ND,ND,ND,ND,ND,ND,ND,ND,ND,ND,ND,ND,ND,ND,ND,ND,ND,ND,ND,ND,ND,ND,ND,ND,ND,ND,ND,ND,ND,ND,ND,ND,ND,ND,ND,ND,ND,ND,ND,ND,ND
1949:Q4,40,5,-4333,184,0,9,-7,-25,-25,0,0,0,-4448,0,-4448,-461,-3987,0,0,0,0,0,0,0,0,0,-46,0,-46,-4393,-3916,37,-828,-315,-13,-302,0,0,0,148,-661,0,0,0,314,0,10,304,-25
1950:Q1,ND,ND,ND,ND,ND,ND,ND,ND,ND,ND,ND,ND,ND,ND,ND,ND,ND,ND,ND,ND,ND,ND,ND,ND,ND,ND,ND,ND,ND,ND,ND,ND,ND,ND,ND,ND,ND,ND,ND,ND,ND,ND,ND,ND,ND,ND,ND,ND,ND
1950:Q2,ND,ND,ND,ND,ND,ND,ND,ND,ND,ND,ND,ND,ND,ND,ND,ND,ND,ND,ND,ND,ND,ND,ND,ND,ND,ND,ND,ND,ND,ND,ND,ND,ND,ND,ND,ND,ND,ND,ND,ND,ND,ND,ND,ND,ND,ND,ND,ND,ND
1950:Q3,ND,ND,ND,ND,ND,ND,ND,ND,ND,ND,ND,ND,ND,ND,ND,ND,ND,ND,ND,ND,ND,ND,ND,ND,ND,ND,ND,ND,ND,ND,ND,ND,ND,ND,ND,ND,ND,ND,ND,ND,ND,ND,ND,ND,ND,ND,ND,ND,ND
1950:Q4,-9,11,1374,-1475,0,38,834,59,59,0,0,53,1840,0,1840,-7526,9366,0,0,0,0,0,0,0,0,0,25,0,25,1358,1118,159,-350,-172,-19,-153,0,0,0,-160,-18,0,0,0,431,0,14,417,-36
1951:Q1,ND,ND,ND,ND,ND,ND,ND,ND,ND,ND,ND,ND,ND,ND,ND,ND,ND,ND,ND,ND,ND,ND,ND,ND,ND,ND,ND,ND,ND,ND,ND,ND,ND,ND,ND,ND,ND,ND,ND,ND,ND,ND,ND,ND,ND,ND,ND,ND,ND
1951:Q2,ND,ND,ND,ND,ND,ND,ND,ND,ND,ND,ND,ND,ND,ND,ND,ND,ND,ND,ND,ND,ND,ND,ND,ND,ND,ND,ND,ND,ND,ND,ND,ND,ND,ND,ND,ND,ND,ND,ND,ND,ND,ND,ND,ND,ND,ND,ND,ND,ND
1951:Q3,ND,ND,ND,ND,ND,ND,ND,ND,ND,ND,ND,ND,ND,ND,ND,ND,ND,ND,ND,ND,ND,ND,ND,ND,ND,ND,ND,ND,ND,ND,ND,ND,ND,ND,ND,ND,ND,ND,ND,ND,ND,ND,ND,ND,ND,ND,ND,ND,ND
1951:Q4,37,12,2876,-5,0,73,-184,-48,-48,0,0,144,2879,0,2879,9615,-6736,0,0,0,0,0,0,0,0,0,17,0,17,2852,2375,523,385,-444,-23,-421,0,0,0,-113,942,0,0,0,-431,0,12,-443,1
1952:Q1,13,3,-965,593,0,22,-474,138,138,0,0,103,-1376,0,-1376,-1383,7,0,0,0,0,0,0,0,0,0,29,0,29,-1046,220,-277,-814,-228,12,-240,0,0,0,14,-600,0,0,0,-175,0,5,-180,-71
1952:Q2,12,3,242,56,0,23,-129,-113,-113,0,0,100,278,0,278,392,-114,0,0,0,0,0,0,0,0,0,27,0,27,237,-895,-24,1054,327,1,326,0,0,0,6,721,0,0,0,102,0,3,99,4
1952:Q3,13,2,1373,-5,0,27,157,311,311,0,0,100,709,0,709,687,22,0,0,0,0,0,0,0,0,0,74,0,74,1360,1200,134,195,-78,-9,-69,0,0,0,186,87,0,0,0,-169,0,2,-171,-3
1952:Q4,14,3,761,-154,0,31,229,-228,-228,0,0,164,819,0,819,-7151,7970,0,0,0,0,0,0,0,0,0,-100,0,-100,816,-631,223,904,121,-4,125,0,0,0,-180,963,0,0,0,320,0,6,314,66
1953:Q1,12,3,-1018,-626,0,14,-157,563,563,0,0,-64,-765,0,-765,-227,-538,0,0,0,0,0,0,0,0,0,17,0,17,-1108,198,-203,-1023,-346,36,-382,0,0,0,-47,-630,0,0,0,-80,0,4,-84,-82
1953:Q2,12,3,-114,-98,0,28,-209,-636,-636,0,0,0,877,0,877,912,-35,0,0,0,0,0,0,0,0,0,-76,0,-76,-105,-587,40,582,78,-47,125,0,0,0,19,485,0,0,0,-140,0,3,-143,17
1953:Q3,13,3,627,-335,0,18,84,275,275,0,0,0,489,0,489,1372,-883,0,0,0,0,0,0,0,0,0,96,0,96,590,-252,60,609,534,24,510,0,0,0,-15,90,0,0,0,173,0,2,171,-28
1953:Q4,12,3,486,-111,0,22,250,-316,-316,0,0,-2,682,0,682,618,64,0,0,0,0,0,0,0,0,0,-39,0,-39,568,851,-138,-261,-818,-522,-296,0,0,0,-87,644,0,0,0,116,0,3,113,90
1954:Q1,12,3,-1567,-58,0,41,-400,119,119,0,0,-198,-1085,0,-1085,-451,-634,0,0,0,0,0,0,0,0,0,14,0,14,-1654,-966,118,-693,434,58,376,0,0,0,65,-1192,0,0,0,-113,0,5,-118,-78
1954:Q2,12,3,244,-38,0,24,32,-110,-110,0,0,-100,505,0,505,954,-449,0,0,0,0,0,0,0,0,0,-69,0,-69,243,-183,30,388,145,-8,153,0,0,0,58,185,0,0,0,8,0,2,6,8
1954:Q3,11,3,-918,-117,0,12,-56,152,152,0,0,-200,-791,0,-791,-767,-24,0,0,0,0,0,0,0,0,0,82,0,82,-919,-680,170,-332,-121,-15,-106,0,0,0,-41,-170,0,0,0,-77,0,4,-81,7
1954:Q4,10,3,895,-98,0,14,297,-164,-164,0,0,-56,942,0,942,7900,-6958,0,0,0,0,0,0,0,0,0,-40,0,-40,950,545,-361,724,-206,0,-206,0,0,0,-18,948,0,0,0,42,0,12,30,62
1955:Q1,9,3,-969,7,0,12,-256,588,588,0,0,56,-1383,0,-1383,-5206,3823,0,0,0,0,0,0,0,0,0,7,0,7,-1021,-488,361,-919,321,33,288,0,0,0,-108,-1132,0,0,0,25,0,6,19,-46
1955:Q2,9,3,-271,-67,0,5,298,-523,-523,0,0,100,-82,16,-98,-1737,1639,0,0,0,0,0,0,0,0,0,-2,0,-2,-282,-322,-149,149,-488,-17,-471,0,0,0,-3,640,0,0,0,40,0,1,39,-5
1955:Q3,10,3,664,39,0,4,-62,574,574,0,0,100,-2,3,-5,-5579,5574,0,0,0,0,0,0,0,0,0,11,0,11,644,409,279,-58,111,-21,132,0,0,0,1,-170,0,0,0,14,0,3,11,-13
1955:Q4,12,3,1336,-26,0,2,797,-542,-542,0,0,98,994,5,989,3897,-2908,0,0,0,0,0,0,0,0,0,13,0,13,1392,530,-278,981,-142,-24,-118,0,0,0,25,1098,0,0,0,159,0,5,154,65
1956:Q1,13,4,-1363,57,0,7,-792,599,599,0,0,-98,-1097,-9,-1088,4208,-5296,0,0,0,0,0,0,0,0,0,-39,0,-39,-1458,-423,208,-1050,138,20,118,0,0,0,-60,-1128,0,0,0,-193,0,7,-200,-86
1956:Q2,15,5,308,85,0,17,413,-474,-474,0,0,0,157,3,154,125,29,0,0,0,0,0,0,0,0,0,110,0,110,292,-139,-617,1042,-9,-19,10,0,0,0,-43,1094,0,0,0,6,0,6,0,-6
1956:Q3,16,5,187,82,0,14,-146,341,341,0,0,0,-165,-1,-164,-123,-41,0,0,0,0,0,0,0,0,0,61,0,61,165,213,827,-780,73,12,61,0,0,0,28,-881,0,0,0,-95,0,4,-99,-11
1956:Q4,17,5,1460,37,0,20,605,-548,-548,0,0,40,1334,17,1317,1020,297,0,0,0,0,0,0,0,0,0,-28,0,-28,1551,403,161,812,-147,-5,-142,0,0,0,-9,968,0,0,0,175,0,6,169,104
1957:Q1,17,6,-1886,386,0,19,-858,567,567,0,0,60,-1955,-11,-1944,-987,-957,0,0,0,0,0,0,0,0,0,-105,0,-105,-2017,-709,-351,-858,85,36,49,0,0,0,27,-970,0,0,0,-99,0,5,-104,-120
1957:Q2,18,6,751,314,0,22,222,232,232,0,0,0,-31,0,-31,-46,15,0,0,0,0,0,0,0,0,0,-8,0,-8,734,278,40,638,-45,-53,8,0,0,0,110,573,0,0,0,-222,0,2,-224,-5
1957:Q3,20,6,58,22,0,19,-44,-48,-48,0,0,0,111,-6,117,8890,-8773,0,0,0,0,0,0,0,0,0,-2,0,-2,120,-34,90,-148,129,22,107,0,0,0,-82,-195,0,0,0,212,0,5,207,76
1957:Q4,22,6,1106,140,0,20,439,-726,-726,0,0,142,993,26,967,407,560,0,0,0,0,0,0,0,0,0,98,0,98,1141,440,295,404,-143,-19,-124,0,0,0,-15,562,0,0,0,2,0,7,-5,51
1958:Q1,20,4,-1802,-397,0,36,-720,68,68,0,0,-132,-608,-14,-594,-79,-515,0,0,0,0,0,0,0,0,0,-49,0,-49,-1865,-608,-445,-858,111,-31,142,0,0,0,-103,-866,0,0,0,46,0,5,41,-48
1958:Q2,19,4,996,-1046,0,21,92,10,10,0,0,-100,2019,6,2013,1810,203,0,0,0,0,0,0,0,0,0,0,0,0,987,142,127,286,-251,-38,-213,0,0,0,15,522,0,0,0,432,0,3,429,5
1958:Q3,16,4,-759,-527,0,16,153,209,209,0,0,-100,-495,-17,-478,-157,-321,0,0,0,0,0,0,0,0,0,-15,0,-15,-732,-467,123,-2,74,-6,80,0,0,0,43,-119,0,0,0,-386,0,4,-390,38
1958:Q4,16,4,1292,-283,0,15,347,-291,-291,0,0,-109,1617,25,1592,-1592,3184,0,0,0,0,0,0,0,0,0,-4,0,-4,1336,403,109,732,-135,-3,-132,0,0,0,-41,908,0,0,0,92,0,6,86,55
1959:Q1,-35,4,-988,-91,0,12,-550,526,526,0,0,-31,-859,-31,-828,-754,-74,0,0,0,0,0,0,0,0,0,5,0,5,-964,-310,-159,-635,190,31,159,0,0,0,36,-861,0,0,0,140,0,11,129,-15
1959:Q2,-39,4,314,-737,0,33,100,320,320,0,0,0,564,-6,570,528,42,0,0,0,0,0,0,0,0,0,34,0,34,200,-6,170,260,-302,-320,18,0,0,0,-9,571,0,0,0,-224,0,6,-230,-157
1959:Q3,-49,4,-228,-353,0,30,105,-563,-563,0,0,0,513,-6,519,-7605,8124,0,0,0,0,0,0,0,0,0,40,0,40,-268,-428,-20,118,152,-17,169,0,0,0,12,-46,0,0,0,62,0,3,59,-93
1959:Q4,-57,4,1025,76,0,2,639,124,124,0,0,3,137,44,93,44,49,0,0,0,0,0,0,0,0,0,44,0,44,1332,414,-228,819,-186,14,-200,0,0,0,35,970,0,0,0,327,0,4,323,247
1960:Q1,12,4,-1841,-42,0,29,-767,362,362,0,0,52,-1477,-37,-1440,-3343,1903,0,0,0,0,0,0,0,0,0,2,0,2,-1934,-458,348,-1448,52,45,7,0,0,0,-122,-1378,0,0,0,-376,0,8,-384,-86
1960:Q2,12,4,826,-110,0,14,45,-548,-548,0,0,100,1155,-2,1157,1208,-51,0,0,0,0,0,0,0,0,0,170,0,170,833,-188,130,365,-48,-41,-7,0,0,0,33,380,0,0,0,526,0,5,521,14
1960:Q3,10,4,-88,-663,0,21,119,326,326,0,0,100,160,3,157,5836,-5679,0,0,0,0,0,0,0,0,0,-151,0,-151,-86,530,50,-155,59,9,50,0,0,0,-64,-150,0,0,0,-511,0,3,-514,7
1960:Q4,9,4,1,-913,0,23,881,-568,-568,0,0,95,550,46,504,-4854,5358,0,0,0,0,0,0,0,0,0,-67,0,-67,62,-977,-194,1024,-96,-27,-69,0,0,0,26,1094,0,0,0,209,0,6,203,65
1961:Q1,21,3,-2058,-325,0,11,-1092,81,81,0,0,-110,-615,-19,-596,-4235,3639,0,0,0,0,0,0,0,0,0,-9,0,-9,-2141,-1089,284,-1214,64,60,4,0,0,0,56,-1334,0,0,0,-122,0,14,-136,-66
1961:Q2,20,3,1090,192,0,28,416,-71,-71,0,0,-50,606,-9,615,1626,-1011,0,0,0,0,0,0,0,0,0,-31,0,-31,1079,724,-727,1152,-139,-58,-81,0,0,0,-26,1317,0,0,0,-70,0,2,-72,5
1961:Q3,19,3,-24,-195,0,125,129,47,47,0,0,-50,-125,-3,-122,-4760,4638,0,0,0,0,0,0,0,0,0,45,0,45,-28,-406,967,-490,114,37,77,0,0,0,113,-717,0,0,0,-99,0,7,-106,11
1961:Q4,20,3,2403,-438,0,23,1000,33,33,0,0,-48,1866,25,1841,272,1569,0,0,0,0,0,0,0,0,0,-33,0,-33,2431,1077,-181,1352,-14,6,-20,0,0,0,-75,1441,0,0,0,183,0,13,170,44
1962:Q1,11,3,-1604,-226,0,3,-1382,55,55,0,0,58,-170,-27,-143,3094,-3237,0,0,0,0,0,0,0,0,0,58,0,58,-1690,-601,211,-1191,12,15,-3,0,0,0,-32,-1171,0,0,0,-109,0,8,-117,-79
1962:Q2,14,3,1498,-11,0,10,544,-127,-127,0,0,50,853,19,834,489,345,0,0,0,0,0,0,0,0,0,179,0,179,1489,420,-715,1708,92,-58,150,0,0,0,91,1525,0,0,0,76,0,5,71,1
1962:Q3,14,3,-157,-416,0,-48,179,719,719,0,0,50,-637,-26,-611,3465,-4076,0,0,0,0,0,0,0,0,0,-4,0,-4,-165,-101,1085,-1160,-75,26,-101,0,0,0,-80,-1005,0,0,0,11,0,4,7,2
1962:Q4,13,3,2000,-268,0,17,1262,-725,-725,0,0,80,1714,38,1676,3713,-2037,0,0,0,0,0,0,0,0,0,-81,0,-81,2053,349,249,1321,61,-25,86,0,0,0,19,1241,0,0,0,134,0,5,129,62
1963:Q1,14,3,-1861,-85,0,11,-1680,157,157,0,0,-80,-164,-23,-141,422,-563,0,0,0,0,0,0,0,0,0,-21,0,-21,-1954,-1044,-309,-350,314,60,254,0,0,0,-73,-591,0,0,0,-251,0,11,-262,-82
1963:Q2,14,3,1522,-192,0,9,415,-98,-98,0,0,-100,1484,-6,1490,1740,-250,0,0,0,0,0,0,0,0,0,4,0,4,1514,555,-727,1641,-116,-71,-45,0,0,0,0,1757,0,0,0,45,0,3,42,3
1963:Q3,14,3,104,-91,0,1,-203,369,369,0,0,-100,173,-7,180,-3754,3934,0,0,0,0,0,0,0,0,0,-45,0,-45,89,-344,1067,-583,153,19,134,0,0,0,-39,-697,0,0,0,-51,0,6,-57,-4
1963:Q4,15,3,2305,-45,0,-10,1165,-434,-434,0,0,-17,1629,54,1575,-2825,4400,0,0,0,0,0,0,0,0,0,17,0,17,2364,428,-291,2092,-87,-27,-60,0,0,0,36,2143,0,0,0,135,0,10,125,71
1964:Q1,-112,3,-1137,66,0,1,-1103,24,24,0,0,177,-429,-30,-399,-3794,3395,0,0,0,0,0,0,0,0,0,127,0,127,-1255,-438,241,-985,275,54,221,0,0,0,-42,-1218,0,0,0,-73,0,11,-84,-233
1964:Q2,-116,3,1262,-128,0,-1,136,24,24,0,0,80,1294,-17,1311,-2242,3553,0,0,0,0,0,0,0,0,0,-143,0,-143,1251,362,39,816,-186,-24,-162,0,0,0,22,980,0,0,0,34,0,5,29,-130
1964:Q3,-116,3,647,26,0,-25,-66,14,14,0,0,80,492,36,456,-204,660,0,0,0,0,0,0,0,0,0,127,0,127,636,148,241,199,37,43,-6,0,0,0,-21,183,0,0,0,48,0,5,43,-130
1964:Q4,-122,3,2601,29,0,-148,1039,63,63,0,0,133,1556,0,1556,1077,479,0,0,0,0,0,0,0,0,0,-71,0,-71,3204,729,-248,2022,219,178,41,0,0,0,94,1709,0,0,0,701,0,6,695,478
1965:Q1,6,4,-1601,-799,0,-15,-1492,-47,-47,0,0,-23,619,34,585,782,-197,0,0,0,0,0,0,0,0,0,156,0,156,-1716,-767,308,-1196,-17,90,-107,0,0,0,-68,-1111,0,0,0,-61,0,12,-73,-113
1965:Q2,6,4,1615,-600,0,22,235,537,537,0,0,-100,1519,-90,1609,935,674,0,0,0,0,0,0,0,0,0,2,0,2,1608,952,138,629,-150,45,-195,0,0,0,13,766,0,0,0,-111,0,5,-116,-5
1965:Q3,7,4,434,128,0,60,56,-523,-523,0,0,-100,577,8,569,635,-66,0,0,0,0,0,0,0,0,0,237,0,237,428,-432,392,561,237,57,180,0,0,0,19,305,0,0,0,-93,0,3,-96,-3
1965:Q4,6,4,1888,-213,0,103,843,-27,-27,0,0,52,1273,64,1209,705,504,0,0,0,0,0,0,0,0,0,-143,0,-143,1991,650,-519,1898,-228,-44,-184,0,0,0,-32,2158,0,0,0,-38,0,7,-45,105
1966:Q1,2,4,-907,-220,0,161,-860,483,483,0,0,-2,-327,-45,-282,136,-418,0,0,0,0,0,0,0,0,0,-142,0,-142,-1038,-506,619,-1048,58,180,-122,0,0,0,140,-1246,0,0,0,-103,0,9,-112,-133
1966:Q2,2,4,2363,-121,0,242,569,-292,-292,0,0,100,1681,108,1573,1210,363,0,0,0,0,0,0,0,0,0,184,0,184,2351,623,-236,1865,329,109,220,0,0,0,175,1361,0,0,0,99,0,2,97,-14
1966:Q3,4,4,199,46,0,108,-310,692,692,0,0,0,-322,-90,-232,5009,-5241,0,0,0,0,0,0,0,0,0,-15,0,-15,185,-494,596,154,589,42,547,0,0,0,-123,-312,0,0,0,-71,0,4,-75,-14
1966:Q4,6,4,2843,-18,0,231,863,-806,-806,0,0,285,2139,21,2118,699,1419,0,0,0,0,0,0,0,0,0,149,0,149,2985,1724,-380,1405,-812,85,-897,0,0,0,12,2205,0,0,0,236,0,4,232,144
1967:Q1,4,5,-1746,-559,0,187,-1250,-144,-144,0,0,-185,305,-69,374,1005,-631,0,0,0,0,0,0,0,0,0,-101,0,-101,-1911,-1175,520,-1059,420,159,261,0,0,0,-21,-1458,0,0,0,-197,0,8,-205,-166
1967:Q2,5,5,2767,216,0,108,85,24,24,0,0,-100,2326,36,2289,1199,1090,1,0,1,0,0,0,0,0,0,108,0,108,2768,886,-1116,2881,771,137,634,0,0,0,18,2092,0,0,0,117,0,7,110,2
1967:Q3,6,5,442,128,0,148,-110,118,118,0,0,-100,107,24,84,-4262,4346,-1,0,-1,0,0,0,0,0,0,151,0,151,436,534,1398,-1513,-549,51,-600,0,0,0,26,-990,0,0,0,17,0,4,13,-5
1967:Q4,8,5,3320,-454,0,24,1248,-30,-30,0,0,-141,2593,15,2578,1878,700,0,0,0,0,0,0,0,0,0,80,0,80,3466,1053,-321,2580,233,-179,412,0,0,0,-32,2379,0,0,0,154,0,9,145,150
1968:Q1,2,5,-878,-1299,0,171,-1139,1249,1249,0,0,-259,540,25,515,186,329,0,0,0,0,0,0,0,0,0,-142,0,-142,-1088,140,319,-1540,-371,-213,-158,0,0,0,52,-1221,0,0,0,-7,0,14,-21,-213
1968:Q2,3,5,1519,-255,0,-91,594,-1098,-1098,0,0,0,2769,34,2735,2219,516,0,0,0,0,0,0,0,0,0,-401,0,-401,1510,230,-1060,2234,-184,-293,109,0,0,0,-17,2435,0,0,0,106,0,5,101,-11
1968:Q3,5,5,1520,236,0,33,-168,1273,1273,0,0,0,90,-85,175,414,-239,0,0,0,0,0,0,0,0,0,56,0,56,1511,951,1470,-870,-88,-41,-47,0,0,0,-28,-754,0,0,0,-40,0,2,-42,-9
1968:Q4,3,5,1812,292,0,54,1712,-1377,-1377,0,0,0,541,9,532,-38,570,0,0,0,0,0,0,0,0,0,591,0,591,2010,-554,535,1719,-426,-102,-324,0,0,0,74,2071,0,0,0,310,0,11,299,197
1969:Q1,8,6,-1560,35,0,31,-1448,809,809,0,0,0,-906,16,-927,-1173,246,5,0,5,0,0,0,0,0,0,-81,0,-81,-1811,207,-705,-970,-181,20,-201,0,0,0,-73,-716,0,0,0,-343,0,11,-354,-249
1969:Q2,9,6,1135,-124,0,-90,-562,52,52,0,0,0,2047,-33,2085,1883,202,-5,0,-5,0,0,0,0,0,0,-188,0,-188,1112,-1258,-242,2307,674,-82,756,0,0,0,15,1618,0,0,0,305,0,18,287,-20
1969:Q3,9,6,1880,224,0,25,841,477,477,0,0,0,-108,19,-163,-317,154,36,0,36,0,0,0,0,0,0,421,0,421,1867,1700,692,-332,-6,49,-55,0,0,0,-9,-317,0,0,0,-193,0,7,-200,-10
1969:Q4,7,6,2547,-548,0,87,1127,-1343,-1343,0,0,0,3190,4,3222,3116,106,-36,0,-36,0,0,0,0,0,0,34,0,34,2799,-423,370,2274,84,-25,109,0,0,0,-33,2223,0,0,0,578,0,3,575,253
1970:Q1,2,7,-542,586,400,52,-1203,1371,1371,0,0,0,-1521,12,-1576,-1368,-208,43,0,43,0,0,0,0,0,0,-227,0,-227,-842,483,-380,-782,91,-76,167,0,0,0,79,-952,0,0,0,-163,0,12,-175,-305
1970:Q2,3,7,682,-420,0,86,325,-1224,-1224,0,0,0,2049,-44,2136,1510,626,-43,0,-43,0,0,0,0,0,0,-135,0,-135,672,-577,150,986,-616,-142,-474,0,0,0,-46,1648,0,0,0,113,0,4,109,-14
1970:Q3,0,7,2643,-253,0,88,-249,523,523,0,0,0,2396,55,2261,1703,558,80,0,80,0,0,0,0,0,0,138,0,138,2643,1947,170,470,241,8,233,0,0,0,-45,274,0,0,0,56,0,6,50,-7
1970:Q4,2,7,2603,-640,0,75,1948,-518,-518,0,0,0,2057,-30,2167,1855,312,-80,0,-80,0,0,0,0,0,0,-320,0,-320,2891,212,-213,2394,-98,-16,-82,0,0,0,-19,2511,0,0,0,498,0,11,487,284
1971:Q1,-18,12,604,-210,0,121,-1711,56,56,0,0,350,1934,31,1718,-327,2045,185,0,185,0,0,0,0,0,0,64,0,64,320,1782,183,-1160,-246,52,-298,0,0,0,58,-972,0,0,0,-485,0,15,-500,-314
1971:Q2,-18,13,1012,-345,0,150,-1,55,55,0,0,300,797,-76,1058,2291,-1233,-185,0,-185,0,0,0,0,0,0,56,0,56,1030,-1382,404,2040,387,-29,416,0,0,0,-32,1685,0,0,0,-32,0,12,-44,-12
1971:Q3,-19,13,1917,-242,0,127,-22,-64,-64,0,0,300,1872,29,1744,1655,89,99,0,99,0,0,0,0,0,0,-54,0,-54,1892,874,466,742,768,21,747,0,0,0,1,-27,0,0,0,-190,0,5,-195,-56
1971:Q4,-17,13,4941,5,0,80,1816,-343,-343,0,0,554,2759,39,2334,572,1762,386,0,386,0,0,0,0,0,0,70,0,70,5216,2364,-559,2869,-12,-11,-1,0,0,0,92,2789,0,0,0,542,0,8,534,245
1972:Q1,21,10,-1334,-584,0,268,-1670,991,991,0,0,-394,187,-61,-25,-480,455,273,0,273,0,0,0,0,0,0,-133,0,-133,-1608,683,509,-2532,-1154,-51,-1103,0,0,0,-190,-1188,0,0,0,-268,0,19,-287,-263
1972:Q2,21,10,1666,125,0,171,626,-900,-900,0,0,-420,2097,4,1785,1582,203,308,0,308,0,0,0,0,0,0,-33,0,-33,1686,-989,-1251,3626,543,-62,605,0,0,0,23,3060,0,0,0,300,0,11,289,30
1972:Q3,23,11,-1097,-59,0,134,443,712,712,0,0,-320,-2137,-13,-2079,-1598,-481,-45,0,-45,0,0,0,0,0,0,130,0,130,-1016,-790,2041,-2187,-486,-4,-482,0,0,0,-69,-1632,0,0,0,-80,0,6,-86,93
1972:Q4,25,11,2941,-28,0,113,232,1139,1139,0,0,-223,1481,60,1131,4,1127,290,0,290,0,0,0,0,0,0,227,0,227,3105,-1045,-174,4223,-9,-2,-7,0,0,0,140,4092,0,0,0,101,0,15,86,178
1973:Q1,24,13,1989,-115,0,107,-1853,47,47,0,0,-57,4058,74,3976,3097,879,8,0,8,0,0,0,0,0,0,-198,0,-198,1653,1226,241,70,1578,51,1527,0,0,0,73,-1581,0,0,0,116,0,14,102,-325
1973:Q2,29,14,1153,-10,0,111,-73,-258,-258,0,0,10,1190,-78,1168,1486,-318,100,0,100,0,0,0,0,0,0,183,0,183,1128,-2055,-1223,4434,630,-27,657,0,0,0,-5,3809,0,0,0,-28,0,13,-41,-10
1973:Q3,30,14,4185,18,0,83,988,2752,2752,0,0,10,479,-9,272,-147,419,216,0,216,0,0,0,0,0,0,-145,0,-145,4134,6144,2005,-4408,-2911,3,-2914,0,0,0,63,-1560,0,0,0,393,0,9,384,-35
1973:Q4,30,14,809,14,0,102,63,-3264,-3264,0,0,-10,3547,11,3234,2797,437,302,0,302,0,0,0,0,0,0,357,0,357,1198,-3902,1017,3261,205,-55,260,0,0,0,-200,3256,0,0,0,822,0,15,807,405
1974:Q1,27,15,-605,13,0,97,-877,775,775,0,0,300,-557,-38,-529,-497,-32,10,0,10,0,0,0,0,0,0,-356,0,-356,-1028,1350,-979,-615,-427,21,-448,0,0,0,119,-307,0,0,0,-784,0,28,-812,-411
1974:Q2,22,15,5212,47,0,111,75,1177,1177,0,0,300,3310,74,2355,874,1481,881,0,881,0,0,0,0,0,0,193,0,193,5156,1676,-1354,4761,761,-64,825,0,0,0,26,3974,0,0,0,73,0,6,67,-49
1974:Q3,25,16,5158,83,0,145,1424,1982,1982,0,0,300,1161,86,69,-3174,3243,1006,0,1006,0,0,0,0,0,0,63,0,63,5115,3170,2152,-403,472,44,428,0,0,0,259,-1134,0,0,0,196,0,8,188,-33
1974:Q4,33,16,-3225,-44,0,183,-1720,-4893,-4893,0,0,374,962,389,-295,2665,-2960,868,0,868,0,0,0,0,0,0,1913,0,1913,-2716,-7413,1133,3200,-367,-133,-234,0,0,0,-181,3748,0,0,0,364,0,11,353,526
1975:Q1,46,20,3229,25,0,201,162,514,514,0,0,26,2367,49,1976,-678,2654,342,0,342,0,0,0,0,0,0,-66,0,-66,2936,4594,-1078,158,562,121,441,0,0,0,79,-483,0,0,0,-738,0,5,-743,-267
1975:Q2,57,20,1040,8,100,234,-372,-252,-252,0,0,100,1371,-346,1915,1085,830,-198,0,-198,0,0,0,0,0,0,-149,0,-149,894,-4461,-478,5638,2277,58,2219,0,0,0,-148,3509,0,0,0,195,0,7,188,-109
1975:Q3,57,20,5143,93,0,247,615,841,841,0,0,100,3486,192,2525,-1750,4275,769,0,769,0,0,0,0,0,0,-239,0,-239,5140,3387,1084,768,1468,-8,1476,0,0,0,-148,-552,0,0,0,-99,0,5,-104,34
1975:Q4,46,20,1900,39,0,284,1282,-1173,-1173,0,0,120,967,267,243,1785,-1542,457,0,457,0,0,0,0,0,0,382,0,382,2381,-3311,1084,4145,163,127,36,0,0,0,178,3804,0,0,0,463,0,15,448,506
1976:Q1,19,20,1116,242,0,185,-1578,-175,-175,0,0,1370,910,-201,576,-476,1052,535,0,535,0,0,0,0,0,0,163,0,163,615,2098,-995,-283,-100,41,-141,0,0,0,-88,-95,0,0,0,-205,0,16,-221,-502
1976:Q2,-7,20,7413,381,0,155,1467,260,260,0,0,1724,3301,-179,3282,1998,1284,198,0,198,0,0,0,0,0,0,125,0,125,7430,-690,724,7555,4784,-44,4828,0,0,0,165,2606,0,0,0,-159,0,14,-173,-10
1976:Q3,-18,21,3629,-160,300,127,-766,12,12,0,0,919,3521,-273,3870,-484,4354,-76,0,-76,0,0,0,0,0,0,-324,0,-324,3631,2256,306,640,264,24,240,0,0,0,-26,402,0,0,0,429,0,6,423,-37
1976:Q4,-12,22,-2444,-332,400,135,-210,-301,-301,0,0,-907,-1004,108,-1177,326,-1503,65,0,65,0,0,0,0,0,0,-226,0,-226,-1961,-4558,-166,2716,-1863,-44,-1819,0,0,0,112,4467,0,0,0,47,0,18,29,449
1977:Q1,2,20,-1693,24,0,119,312,124,124,0,0,-4206,2133,-167,2404,599,1805,-104,0,-104,0,0,0,0,0,0,-199,0,-199,-2146,1725,3,-3302,-2613,11,-2624,0,0,0,-196,-493,0,0,0,-572,0,7,-579,-471
1977:Q2,22,21,8761,-81,0,142,691,111,111,0,0,4644,3238,14,2491,1657,834,733,0,733,0,0,0,0,0,0,16,0,16,8765,-2321,601,10227,7383,-31,7414,0,0,0,160,2684,0,0,0,258,0,10,248,5
1977:Q3,52,22,1414,-19,0,125,-1648,1032,1032,0,0,-2166,4150,-39,4242,3221,1021,-53,0,-53,0,0,0,0,0,0,-60,0,-60,1400,-609,-1399,3061,551,-6,557,0,0,0,-46,2556,0,0,0,347,0,16,331,16
1977:Q4,79,23,39,120,50,125,1854,-1027,-1027,0,0,208,-857,-4,-1487,-2487,1000,634,0,634,0,0,0,0,0,0,-434,0,-434,491,2917,2596,-5207,-8668,-42,-8626,0,0,0,53,3408,0,0,0,185,0,13,172,509
1978:Q1,123,19,-2707,62,0,110,-1078,67,67,0,0,-585,-1103,0,-1028,-3203,2175,-75,0,-75,0,0,0,0,0,0,-180,0,-180,-3243,1030,-2300,-1580,-2408,1,-2409,0,0,0,-46,874,0,0,0,-393,0,19,-412,-432
1978:Q2,163,21,11073,36,0,124,586,1096,1096,0,0,945,8208,0,7969,5722,2247,239,0,239,0,0,0,0,0,0,79,0,79,11082,20,266,10438,6853,-56,6909,0,0,0,-35,3620,0,0,0,358,0,8,350,152
1978:Q3,178,22,5386,21,50,118,401,-63,-63,0,0,-52,4950,0,5168,3471,1697,-218,0,-218,0,0,0,0,0,0,-39,0,-39,5364,-1090,253,6040,4998,-35,5033,0,0,0,-92,1134,0,0,0,161,0,6,155,134
1978:Q4,162,23,-484,2282,0,148,2797,-193,-193,0,0,-1810,-3603,0,-3549,-5393,1844,-54,0,-54,0,0,0,0,0,0,-105,0,-105,52,4393,3329,-8639,-12513,-62,-12451,0,0,0,229,3645,0,0,0,969,0,16,953,675
1979:Q1,106,20,-414,1187,0,327,-2179,-209,-209,0,0,448,-650,0,-218,-917,699,-432,0,-432,0,0,0,0,0,0,663,0,663,-1170,491,-3125,2110,1675,145,1530,0,0,0,-122,557,0,0,0,-646,0,35,-681,-670
1979:Q2,49,20,1141,-209,500,367,-413,595,595,0,0,3279,-2531,0,-2828,-2871,43,297,0,297,0,0,0,0,0,0,-447,0,-447,1125,-1307,927,1123,-2450,-14,-2436,0,0,0,19,3554,0,0,0,382,0,13,369,13
1979:Q3,6,21,4222,-1511,0,300,-1270,-402,-402,0,0,-2517,8627,0,8164,5862,2302,463,0,463,0,0,0,0,0,0,995,0,995,4220,-1318,337,4912,3165,-34,3199,0,0,0,-98,1845,0,0,0,289,0,9,280,-17
1979:Q4,-15,22,5923,256,0,266,4113,298,298,0,0,-650,1687,0,1695,1012,683,-8,0,-8,0,0,0,0,0,0,-47,0,-47,6665,703,4879,51,-2257,157,-2414,0,0,0,312,1996,0,0,0,1032,0,10,1022,705
1980:Q1,-4,28,-2970,1040,1168,261,-3085,1048,1048,0,0,-1190,-562,0,-557,-1393,836,-5,0,-5,0,0,0,0,0,0,-1650,0,-1650,-3352,2478,-3155,-1305,-1649,92,-1741,0,0,0,-213,557,0,0,0,-1370,0,14,-1384,-414
1980:Q2,9,27,7640,-248,50,171,485,-2287,-2287,0,0,-307,8988,0,8324,5930,2394,664,0,664,0,0,0,0,0,0,788,0,788,7627,1342,715,4398,808,-57,865,0,0,0,242,3348,0,0,0,1172,0,10,1162,-31
1980:Q3,31,28,-3368,265,250,130,-975,767,767,0,0,1196,-4733,0,-4640,-5874,1234,-93,0,-93,0,0,0,0,0,0,-268,0,-268,-3367,-5466,1279,2127,840,-63,903,0,0,0,-269,1556,0,0,0,-1307,0,15,-1322,4
1980:Q4,52,29,5768,2135,-750,179,1275,827,827,0,0,1267,-162,0,-119,-219,100,-43,0,-43,0,0,0,0,0,0,997,0,997,6174,-690,2501,3783,-1069,-29,-1040,0,0,0,-2,4854,0,0,0,580,0,19,561,429
1981:Q1,74,36,-4641,1199,300,172,-1206,-1153,-1153,0,0,-2598,-1650,0,-1633,-1610,-23,-17,0,-17,0,0,0,0,0,0,296,0,296,-5094,-1292,-2519,-797,27,57,-30,0,0,0,-15,-809,0,0,0,-486,0,24,-510,-416
1981:Q2,98,38,2058,52,250,154,-755,354,354,0,0,-732,2323,0,2351,1515,836,-28,0,-28,0,0,0,0,0,0,412,0,412,2056,-2538,1263,2698,-125,-16,-109,0,0,0,-60,2883,0,0,0,633,0,19,614,58
1981:Q3,107,39,5047,-433,250,155,305,1476,1476,0,0,0,4280,0,4313,3337,976,-33,0,-33,0,0,0,0,0,0,-986,0,-986,5084,3617,635,408,576,-21,597,0,0,0,33,-201,0,0,0,424,0,11,413,105
1981:Q4,91,41,5711,-377,0,169,-1049,-885,-885,0,0,3680,3872,0,3408,2429,979,464,0,464,0,0,0,0,0,0,301,0,301,6135,-2015,-562,8574,768,-13,781,0,0,0,183,7623,0,0,0,138,0,21,117,474
1982:Q1,42,45,-4012,69,250,155,120,1045,1045,0,0,-1513,-3858,0,-3746,-3816,70,-112,0,-112,0,0,0,0,0,0,-280,0,-280,-4216,1129,-2009,-2511,-1395,40,-1435,0,0,0,-132,-984,0,0,0,-825,0,20,-845,-207
1982:Q2,5,44,656,39,250,140,663,-1008,-1008,0,0,-2167,3002,0,3013,2378,635,-11,0,-11,0,0,0,0,0,0,-263,0,-263,746,-6159,3487,3457,1209,-24,1233,0,0,0,179,2069,0,0,0,-39,0,29,-68,51
1982:Q3,-2,42,8033,-43,400,135,-1995,-515,-515,0,0,5616,3533,0,3586,2388,1198,-53,0,-53,0,0,0,0,0,0,902,0,902,7813,120,-899,8617,6839,-37,6876,0,0,0,-219,1997,0,0,0,-25,0,14,-39,-264
1982:Q4,8,42,7681,461,400,131,2185,-406,-406,0,0,157,5004,0,5016,4116,900,-12,0,-12,0,0,0,0,0,0,-251,0,-251,8017,6171,332,588,-5936,6,-5942,0,0,0,-77,6601,0,0,0,926,0,18,908,302
1983:Q1,60,35,-5444,-717,0,170,-2249,2091,2091,0,0,-5773,1022,0,1044,1044,0,-22,0,-22,0,0,0,0,0,0,12,0,12,-5761,-3070,-1246,-426,-1392,69,-1461,0,0,0,152,814,0,0,0,-1019,0,34,-1053,-292
1983:Q2,87,35,6128,-297,0,179,534,802,802,0,0,1580,3835,0,3860,2744,1116,-25,0,-25,0,0,0,0,0,0,-506,0,-506,6159,-5415,2166,9172,5227,35,5192,0,0,0,-208,4153,0,0,0,236,0,28,208,82
1983:Q3,122,37,11880,-418,0,176,-1080,-1985,-1985,0,0,9345,5507,0,5660,4685,975,-153,0,-153,0,0,0,0,0,0,335,0,335,11669,2693,-3042,11650,7728,-65,7793,0,0,0,108,3814,0,0,0,368,0,25,343,-126
1983:Q4,107,40,-3158,-266,0,164,1623,-707,-707,0,0,-8915,4295,0,4387,-8473,12860,-92,0,-92,0,0,0,0,0,0,648,0,648,-2727,749,3589,-7404,-12901,-5,-12896,0,0,0,-26,5523,0,0,0,339,0,19,320,498
1984:Q1,56,33,-2134,119,0,157,-776,-22,-22,0,0,-2010,169,0,256,11941,-11685,-87,0,-87,0,0,0,0,0,0,230,0,230,-2654,721,-3665,578,63,40,23,0,0,0,48,467,0,0,0,-288,0,34,-322,-498
1984:Q2,69,35,5078,-48,0,224,-1442,3864,3864,0,0,0,1988,0,2045,562,1483,-57,0,-57,0,0,0,0,0,0,492,0,492,5172,-1915,740,6229,733,20,713,0,0,0,-97,5593,0,0,0,118,0,42,76,128
1984:Q3,143,36,7712,99,0,124,944,1873,1873,0,0,0,2151,0,2159,1559,600,-8,0,-8,0,0,0,0,0,0,2522,0,2522,7741,3360,276,4027,4059,-58,4117,0,0,0,-26,-6,0,0,0,78,0,56,22,136
1984:Q4,126,37,3924,366,0,181,566,-3056,-3056,0,0,2015,4101,0,4205,2548,1657,-104,0,-104,0,0,0,0,0,0,-249,0,-249,4187,-1793,5899,-557,-3150,48,-3198,0,0,0,36,2557,0,0,0,638,0,29,609,352
1985:Q1,-408,49,-1508,148,0,170,-557,-995,-995,0,0,-2015,1743,0,1760,434,1326,-17,0,-17,0,0,0,0,0,0,-2,0,-2,-2340,5178,-6190,-650,-2212,41,-2253,0,0,0,-28,1590,0,0,0,-678,0,61,-739,-1289
1985:Q2,-396,50,6908,112,0,195,-36,-1244,-1244,0,0,0,8058,0,8127,6832,1295,-69,0,-69,0,0,0,0,0,0,-177,0,-177,7140,239,799,6208,259,34,225,0,0,0,45,5904,0,0,0,-106,0,34,-140,-214
1985:Q3,-308,49,2842,124,0,141,-193,1182,1182,0,0,0,516,0,592,930,-338,-76,0,-76,0,0,0,0,0,0,1073,0,1073,2607,-74,2222,344,844,-42,886,0,0,0,285,-785,0,0,0,115,0,32,83,-592
1985:Q4,-324,50,16676,1567,100,128,919,540,540,0,0,5223,8096,0,8096,6194,1902,0,0,0,0,0,0,0,0,0,103,0,103,17419,1469,4433,10693,5181,4,5177,0,0,0,-184,5696,0,0,0,824,0,28,796,369
1986:Q1,-660,54,-8623,97,0,155,-428,-2242,-2242,0,0,-5223,-1218,0,-1178,-1178,0,-40,0,-40,0,0,0,0,0,0,237,0,237,-8984,2151,-4286,-5665,-6004,67,-6071,0,511,0,-202,30,0,0,0,-1184,0,40,-1224,-1074
1986:Q2,-603,52,7400,103,100,123,-277,134,134,0,0,0,7179,0,7229,7229,0,-50,0,-50,0,0,0,0,0,0,38,0,38,7090,1158,970,4920,-153,-16,-137,0,-61,0,32,5102,0,0,0,42,0,-14,56,-966
1986:Q3,-508,52,10645,199,200,108,566,-73,-73,0,0,8123,498,0,588,588,0,-90,0,-90,0,0,0,0,0,0,1025,0,1025,10727,4854,388,5448,4262,-109,4371,0,213,0,12,961,0,0,0,37,0,42,-5,-478
1986:Q4,-500,53,22498,31,0,129,412,686,686,0,0,7882,12970,0,13188,11711,1477,-218,0,-218,0,0,0,0,0,0,388,0,388,23063,11313,3043,8629,9,-65,74,0,254,0,42,8324,0,0,0,78,0,25,53,13
1987:Q1,-518,54,-13996,-622,0,168,3980,22,22,0,0,-16005,-1326,0,-1216,-963,-253,-110,0,-110,0,0,0,0,0,0,-213,0,-213,-14662,-6134,-3159,-5258,-3921,91,-4012,0,-340,0,42,-1039,0,0,0,-111,0,42,-153,-1238
1987:Q2,-478,56,11777,-1646,0,154,-3662,-615,-615,0,0,3054,13803,0,13839,4890,8949,-36,0,-36,0,0,0,0,0,0,689,0,689,11802,-5871,1457,15839,10172,-26,10198,0,-119,0,-120,5906,0,0,0,377,0,45,332,-508
1987:Q3,-512,57,-262,93,0,117,-1331,969,969,0,0,-3054,1633,0,1693,-1917,3610,-60,0,-60,0,0,0,0,0,0,1312,0,1312,2,2925,472,-3413,-4686,-32,-4654,0,-39,0,161,1151,0,0,0,18,0,48,-30,-306
1987:Q4,-499,58,13234,-1612,0,171,563,1874,1874,0,0,4961,6895,0,6965,1906,5059,-70,0,-70,0,0,0,0,0,0,382,0,382,13469,2757,436,9563,-3821,-14,-3807,0,608,0,-194,12970,0,0,0,713,0,38,675,-322
1988:Q1,34,51,-9040,-462,0,162,-513,-1504,-1504,0,0,-4961,-1410,0,-1410,-435,-975,0,0,0,0,0,0,0,0,0,-353,0,-353,-9509,-3007,-1748,-4502,-2877,33,-2910,0,-591,0,336,-1370,0,0,0,-252,0,48,-300,-486
1988:Q2,108,52,12395,107,0,162,-39,153,153,0,0,7426,4954,0,4954,-1783,6737,0,0,0,0,0,0,0,0,0,-368,0,-368,12774,-3096,2455,12968,7312,-47,7359,0,-85,0,-206,5947,0,0,0,447,0,15,432,435
1988:Q3,46,53,7409,3767,0,136,940,-310,-310,0,0,2064,1123,0,1123,1123,0,0,0,0,0,0,0,0,0,0,-311,0,-311,7067,3357,-3472,6692,3218,-43,3261,0,7,0,-51,3518,0,0,0,490,0,-13,503,-349
1988:Q4,84,54,8281,-890,0,162,87,16,16,0,0,-2629,10089,0,10089,6186,3903,0,0,0,0,0,0,0,0,0,1446,0,1446,8712,309,5468,2471,-4361,6,-4367,0,190,0,-18,6660,0,0,0,464,0,16,448,461
1989:Q1,-378,58,-12300,2052,350,237,-729,284,284,0,0,-6861,-5793,0,-5019,-4771,-248,-774,0,-774,0,0,0,0,0,0,-1840,0,-1840,-12465,-1953,-5358,-3729,-4132,62,-4194,0,-302,0,41,664,0,0,0,-1425,0,18,-1443,-601
1989:Q2,-318,59,14194,6015,3150,217,-760,-1613,-1613,0,0,0,2999,0,3124,1020,2104,-125,0,-125,0,0,0,0,0,0,4186,0,4186,13725,-13,572,13145,7708,17,7691,0,-90,0,-127,5654,0,0,0,21,0,14,7,-846
1989:Q3,-399,61,-4741,3055,0,172,704,-243,-243,0,0,0,-10815,0,-10716,-10544,-172,-99,0,-99,0,0,0,0,0,0,2386,0,2386,-5471,-5128,347,-552,1265,-34,1299,0,53,0,78,-1948,0,0,0,-138,0,53,-191,-1190
1989:Q4,-352,61,12670,1492,0,202,630,-117,-117,0,0,2117,5694,0,5724,6094,-370,-30,0,-30,0,0,0,0,0,0,2653,0,2653,13939,6074,5549,1360,-7220,15,-7235,0,1013,0,241,7326,0,0,0,956,0,45,911,856
1990:Q1,-490,63,-7602,1580,0,214,-755,1682,1682,0,0,-184,-8877,0,-8876,-9077,201,-1,0,-1,0,0,0,0,0,0,-1262,0,-1262,-7515,-2198,-5420,56,-1300,85,-1385,0,-981,0,-305,2642,0,0,0,47,0,70,-23,-466
1990:Q2,-467,63,10735,-40,0,225,280,-1577,-1577,0,0,-1933,13406,0,13484,13334,150,-78,0,-78,0,0,0,0,0,0,374,0,374,10099,207,1043,8979,678,40,638,0,-58,0,80,8279,0,0,0,-130,0,31,-161,-1165
1990:Q3,-593,63,5183,-688,0,155,1221,-81,-81,0,0,0,2921,0,2990,2990,0,-69,0,-69,0,0,0,0,0,0,1655,0,1655,4888,-2502,458,6664,2115,-53,2168,0,52,0,55,4442,0,0,0,268,0,55,213,-951
1990:Q4,-623,63,19276,495,1500,181,345,-315,-315,0,0,18354,682,0,717,692,25,-35,0,-35,0,0,0,0,0,0,-1966,0,-1966,20084,4824,7838,8462,1356,34,1322,0,-73,0,-47,7226,0,0,0,-1040,0,24,-1064,123
1991:Q1,-116,71,-15155,25,0,172,360,54,54,0,0,-18354,5875,0,5875,1725,4150,0,0,0,0,0,0,0,0,0,-3287,0,-3287,-13327,-14591,-7883,9435,2024,62,1962,0,-38,0,-154,7603,0,0,0,-288,0,78,-366,1641
1991:Q2,-131,70,5409,-568,0,175,-2140,1235,1235,0,0,1439,6390,0,6519,5069,1450,-129,0,-129,0,0,0,0,0,0,-1122,0,-1122,3923,-1866,920,4862,890,-10,900,0,17,0,-2,3957,0,0,0,7,0,44,-37,-1688
1991:Q3,-79,70,5683,-1994,0,137,-210,-1164,-1164,0,0,-1439,11011,0,11070,9255,1815,-59,0,-59,0,0,0,0,0,0,-658,0,-658,3797,5203,3130,-4851,-3900,-6,-3894,0,72,0,158,-1181,0,0,0,315,0,20,295,-2035
1991:Q4,-140,70,26370,-619,0,128,499,-97,-97,0,0,15898,7822,0,7932,4066,3866,-110,0,-110,0,0,0,0,0,0,2739,0,2739,27810,2009,4846,21205,9798,29,9769,0,1413,0,593,9401,0,0,0,-250,0,87,-337,1230
1992:Q1,263,79,-17182,492,0,121,-219,-166,-166,0,0,-14093,-774,0,-690,-3143,2453,-84,0,-84,0,0,0,0,0,0,-2543,0,-2543,-17626,67,-4265,-13111,-10776,75,-10851,0,-1451,0,-601,-283,0,0,0,-317,0,93,-410,-260
1992:Q2,273,81,8267,-816,0,118,-678,1307,1307,0,0,-1805,10837,0,11087,7357,3730,-250,0,-250,0,0,0,0,0,0,-697,0,-697,6750,-6740,355,13892,6685,-99,6784,0,-10,0,-151,7368,0,0,0,-757,0,87,-844,-1326
1992:Q3,287,83,21921,-1126,0,85,-61,-750,-750,0,0,18160,2653,0,2829,-3097,5926,-176,0,-176,0,0,0,0,0,0,2960,0,2960,23396,4925,501,17729,10871,-85,10956,0,51,0,321,6486,0,0,0,241,0,145,96,1679
1992:Q4,268,85,4129,-723,-2000,109,3480,66,66,0,0,-10066,15178,0,15299,8042,7257,-121,0,-121,0,0,0,0,0,0,-1915,0,-1915,4300,4414,1676,-2292,-17113,-19,-17094,0,31,0,-317,15107,0,0,0,502,0,77,425,354
1993:Q1,54,172,829,307,0,126,-2916,78,78,0,0,-771,3160,0,3450,310,3140,-290,0,-290,0,0,0,0,0,0,846,0,846,494,2454,-1309,-1253,-733,7,-740,0,-35,0,90,-575,0,0,0,602,0,133,469,-453
1993:Q2,65,177,25581,-347,0,132,-116,781,781,0,0,8682,14591,0,14682,9692,4990,-91,0,-91,0,0,0,0,0,0,1858,0,1858,25820,-6809,1649,31141,21551,-83,21634,0,-29,0,-33,9652,0,0,0,-161,0,101,-262,127
1993:Q3,111,178,782,195,0,161,726,1384,1384,0,0,-7563,5986,0,6214,186,6028,-228,0,-228,0,0,0,0,0,0,-107,0,-107,45,2210,-475,-3032,-11145,-48,-11097,0,17,0,214,7882,0,0,0,1342,0,43,1299,-804
1993:Q4,87,186,14906,233,0,229,-38,-2824,-2824,0,0,4770,12492,0,12658,8386,4272,-166,0,-166,0,0,0,0,0,0,44,0,44,15467,5017,936,10296,-2487,-7,-2480,0,85,0,-112,12810,0,0,0,-782,0,70,-852,462
1994:Q1,-541,216,-2834,-21,0,223,-465,369,369,0,0,-7762,4834,0,5245,2579,2666,-411,0,-411,0,0,0,0,0,0,-13,0,-13,-3908,782,-1232,-3653,-8635,-7,-8628,0,-75,0,64,4993,0,0,0,195,0,44,151,-1830
1994:Q2,-555,218,15540,-1697,0,210,422,238,238,0,0,5189,10077,0,10384,5629,4755,-307,0,-307,0,0,0,0,0,0,1101,0,1101,15376,-2375,2987,13414,3158,-17,3175,0,-33,0,155,10134,0,0,0,1350,0,78,1272,-937
1994:Q3,-550,223,-2838,167,0,251,-678,-197,-197,0,0,-8129,5252,0,5366,1209,4157,-114,0,-114,0,0,0,0,0,0,497,0,497,-2711,-3304,-3271,3955,-2498,10,-2508,0,38,0,-268,6683,0,0,0,-91,0,85,-176,-645
1994:Q4,-594,233,18378,-1094,0,215,-904,-281,-281,0,0,8080,11340,0,11509,7593,3916,-169,0,-169,0,0,0,0,0,0,1022,0,1022,19294,735,6974,12055,285,-28,313,0,557,0,-91,11304,0,0,0,-470,0,75,-545,90
1995:Q1,-134,380,-2018,1966,0,232,773,-139,-139,0,0,-3892,-1041,0,-812,-191,-621,-229,0,-229,0,0,0,0,0,0,84,0,84,-4410,-780,-6838,1668,-2592,26,-2618,0,-482,0,124,4618,0,0,0,1540,0,103,1437,-2906
1995:Q2,-120,383,18820,891,0,264,235,133,133,0,0,10087,8622,0,8934,4778,4156,-312,0,-312,0,0,0,0,0,0,-1412,0,-1412,20234,-5063,2305,22581,16392,-42,16434,0,-159,0,-198,6546,0,0,0,411,0,29,382,911
1995:Q3,-154,385,-15471,630,2150,270,-219,204,204,0,0,-10265,-5173,0,-4972,-4872,-100,-201,0,-201,0,0,0,0,0,0,-3068,0,-3068,-15313,-1514,-524,-12914,-12354,3,-12357,0,87,0,37,-684,0,0,0,-361,0,100,-461,-380
1995:Q4,-163,392,18483,-317,0,243,34,-286,-286,0,0,7342,10267,0,10528,6023,4505,-261,0,-261,0,0,0,0,0,0,1200,0,1200,19090,6179,7490,5580,-2693,-52,-2641,0,600,0,185,7488,0,0,0,-159,0,51,-210,52
1996:Q1,603,396,-12155,-529,0,266,-79,-92,-92,0,0,-8966,-1249,0,-1141,86,-1227,-108,0,-108,0,0,0,0,0,0,-1507,0,-1507,-12579,-4871,-6176,-1480,1086,44,1042,0,-584,0,-194,-1788,0,0,0,-52,0,71,-123,-218
1996:Q2,646,405,9493,82,0,251,-218,593,593,0,0,2190,6720,0,6858,4168,2690,-138,0,-138,0,0,0,0,0,0,-125,0,-125,9170,-146,1291,7834,646,-34,680,0,-11,0,-19,7218,0,0,0,191,0,101,90,-82
1996:Q3,624,419,2688,-3411,-450,224,830,1018,1018,0,0,1266,-83,0,-4,-3720,3716,-79,0,-79,0,0,0,0,0,0,3294,0,3294,2792,-3597,2550,3163,5,6,-1,0,46,0,79,3033,0,0,0,676,0,397,279,310
1996:Q4,623,428,23277,69,0,222,3656,-1569,-1569,0,0,13231,6913,0,6997,6997,0,-84,0,-84,0,0,0,0,0,0,756,0,756,23502,3527,6959,13749,5,-37,42,0,516,0,-89,13317,0,0,0,-733,0,67,-800,420
1997:Q1,872,445,-9247,-1674,-518,191,-4815,3913,3913,0,0,-10002,3938,0,4169,-1498,5667,-231,0,-231,0,0,0,0,0,0,-281,0,-281,-10135,-2679,-8035,388,-1733,64,-1797,0,-538,0,745,1914,0,0,0,191,0,160,31,-461
1997:Q2,931,455,21570,79,0,117,980,-2104,-2104,0,0,4992,15340,0,15838,6382,9456,-498,0,-498,0,0,0,0,0,0,2167,0,2167,21521,1374,1256,17466,10453,30,10423,0,-36,0,-731,7780,0,0,0,1425,0,288,1137,427
1997:Q3,955,477,-5340,64,0,128,-724,-1581,-1581,0,0,-2655,337,0,908,-1838,2746,-571,0,-571,0,0,0,0,0,0,-909,0,-909,-6252,-1428,124,-4174,-8764,-88,-8676,0,77,0,-2,4515,0,0,0,-774,0,177,-951,-434
1997:Q4,954,476,31793,74,0,141,982,1722,1722,0,0,9922,18674,0,18914,3430,15484,-240,0,-240,0,0,0,0,0,0,279,0,279,32941,9047,6473,16156,-2278,-30,-2248,0,511,0,271,17652,0,0,0,1265,0,206,1059,1626
1998:Q1,-103,451,-14380,95,0,121,783,-2006,-2006,0,0,-15544,2386,0,2446,-1865,4311,-60,0,-60,0,0,0,0,0,0,-215,0,-215,-14794,-6393,-7220,-885,86,40,46,0,-544,0,-287,-140,0,0,0,-296,0,38,-334,-968
1998:Q2,-101,464,21569,492,0,122,-86,934,934,0,0,12250,6492,0,6591,2006,4585,-99,0,-99,0,0,0,0,0,0,1365,0,1365,20778,-794,629,20770,12589,-61,12650,0,-57,0,34,8204,0,0,0,173,0,320,-147,-1357
1998:Q3,-96,469,-669,68,0,205,-2646,92,92,0,0,-6312,6151,0,6274,-1400,7674,-123,0,-123,0,0,0,0,0,0,1773,0,1773,-1344,2055,785,-3442,-13300,-112,-13188,0,56,0,146,9656,0,0,0,-742,0,119,-861,-1240
1998:Q4,-88,482,26341,102,0,279,2866,-1038,-1038,0,0,16142,6029,0,6094,-1092,7186,-65,0,-65,0,0,0,0,0,0,1961,0,1961,27494,600,2859,22578,1127,-7,1134,0,1247,0,-180,20384,0,0,0,1457,0,42,1415,584
1999:Q1,457,601,-6568,-1778,-1000,368,-2518,229,229,0,0,-12040,13518,0,13545,1987,11558,-27,0,-27,0,0,0,0,0,0,-3348,0,-3348,-6964,-3765,-3502,1746,-662,50,-712,0,-1403,0,3,3808,0,0,0,-1443,0,170,-1613,-540
1999:Q2,471,614,16953,22,0,366,1154,-26,-26,0,0,-4057,19128,0,19180,1368,17812,-52,0,-52,0,0,0,0,0,0,366,0,366,16602,-385,1996,13784,1301,-45,1346,0,-2,0,245,12240,0,0,0,1207,0,160,1047,-494
1999:Q3,484,627,12725,82,-1000,453,-207,260,260,0,0,7784,4150,0,4171,-944,5115,-21,0,-21,0,0,0,0,0,0,1204,0,1204,12017,-472,469,11327,-76,3,-79,0,-34,0,-169,11606,0,0,0,693,0,48,645,-851
1999:Q4,522,628,106909,20,-1000,556,-302,-247,-247,0,0,118577,-11131,0,-11074,-20666,9592,-57,0,-57,0,0,0,0,0,0,437,0,437,107959,2343,25535,81390,21777,16,21761,0,1061,0,-171,58723,0,0,0,-1309,0,102,-1411,944
2000:Q1,1611,398,-92795,79,0,990,24,3,3,0,0,-116895,23714,0,23745,20521,3224,-31,0,-31,0,0,0,0,0,0,-710,0,-710,-94341,-5831,-31368,-58780,-23980,65,-24045,0,-1062,0,53,-33791,0,0,0,1638,0,312,1326,-333
2000:Q2,1635,413,5685,62,-2000,976,201,276,276,0,0,3185,3232,0,3242,-4246,7488,-10,0,-10,0,0,0,0,0,0,-247,0,-247,9629,317,1805,7858,1753,-98,1851,0,15,0,-20,6110,0,0,0,-351,0,121,-472,5166
2000:Q3,1663,419,-1225,732,-1000,832,384,-140,-140,0,0,-9610,6453,0,6463,-8436,14899,-10,0,-10,0,0,0,0,0,0,1124,0,1124,-995,-889,-2498,2363,2359,108,2251,0,-25,0,34,-5,0,0,0,29,0,68,-39,1474
2000:Q4,1707,421,27415,68,-1000,832,529,-262,-262,0,0,26055,290,0,290,-5615,5905,0,0,0,0,0,0,0,0,0,904,0,904,24513,1421,9897,13416,-3044,266,-3310,0,1198,0,77,15185,0,0,0,-221,0,64,-285,-1617
2001:Q1,647,273,-10660,99,0,628,-721,-88,-88,0,0,-21380,12039,0,12159,5503,6656,-120,0,-120,0,0,0,0,0,0,-1237,0,-1237,-10388,-1217,-8391,-193,536,28,508,0,-1133,0,-146,550,0,0,0,-587,0,32,-619,647
2001:Q2,624,268,13261,83,0,399,-554,128,128,0,0,1255,11248,0,11248,-3118,14366,0,0,0,0,0,0,0,0,0,702,0,702,12542,819,1171,11201,1497,-34,1531,0,22,0,32,9650,0,0,0,-649,0,114,-763,-364
2001:Q3,600,266,24926,92,0,287,-175,-62,-62,0,0,24630,-974,0,-974,-6022,5048,0,0,0,0,0,0,0,0,0,1128,0,1128,24591,6290,-514,18871,2586,-22,2608,0,-75,0,507,15853,0,0,0,-56,0,123,-179,0
2001:Q4,565,255,19496,72,0,60,526,-54,-54,0,0,2370,17539,0,17539,6970,10569,0,0,0,0,0,0,0,0,0,-1017,0,-1017,19833,-7459,10673,17549,-3148,3,-3151,0,630,0,-548,20615,0,0,0,-930,0,107,-1037,648
2002:Q1,-136,147,3782,94,0,613,-453,-14,-14,0,0,-20750,23681,0,23681,10290,13391,0,0,0,0,0,0,0,0,0,612,0,612,3011,4937,-12412,9592,-966,-13,-953,0,-619,0,193,10984,0,0,0,894,0,275,619,-1054
2002:Q2,-141,146,20190,46,0,365,238,164,164,0,0,2500,15327,0,15327,4269,11058,0,0,0,0,0,0,0,0,0,1551,0,1551,18770,-91,1631,16649,2407,-17,2424,0,10,0,-164,14396,0,0,0,581,0,682,-101,-1707
2002:Q3,-130,145,3248,60,0,320,634,-7,-7,0,0,-10250,13508,0,13508,5577,7931,0,0,0,0,0,0,0,0,0,-1017,0,-1017,3718,844,1301,690,-252,-15,-237,0,0,0,61,881,0,0,0,883,0,-66,949,195
2002:Q4,-123,142,43471,106,0,282,22,-137,-137,0,0,17750,25215,0,25215,24472,743,0,0,0,0,0,0,0,0,0,233,0,233,44147,-627,9968,14946,-3472,-13,-3459,0,968,0,-18,17468,21091,0,21091,-1231,0,116,-1347,411
2003:Q1,-440,149,3019,57,0,201,-1615,-10,-10,0,0,-7750,12058,0,12058,6024,6034,0,0,0,0,0,0,0,0,0,78,0,78,1916,4246,-9286,9041,2332,6,2326,0,-971,0,121,7559,-1673,0,-1673,-412,0,125,-537,-1692
2003:Q2,-411,153,12296,33,0,267,672,738,738,0,0,0,10654,0,10654,6259,4395,0,0,0,0,0,0,0,0,0,-68,0,-68,12795,933,1008,7337,185,-8,193,0,-14,0,650,6516,2662,0,2662,855,0,152,703,-64
2003:Q3,-389,157,9875,105,0,208,29,-594,-594,0,0,5750,3998,0,3998,2568,1430,0,0,0,0,0,0,0,0,0,380,0,380,8709,1421,821,3447,261,-24,285,0,20,0,-821,3987,2903,0,2903,117,0,89,28,-1712
2003:Q4,-375,159,18000,57,0,195,177,-112,-112,0,0,6250,10539,0,10549,3300,7249,-10,0,-10,0,0,0,0,0,0,895,0,895,19373,-6083,7590,17524,-1521,-20,-1501,0,491,0,80,18474,669,0,669,-327,0,101,-428,839
2004:Q1,520,191,-8870,83,0,293,-270,2,2,0,0,-16250,7419,0,7419,1706,5713,0,0,0,0,0,0,0,0,0,-147,0,-147,-9683,1897,-6994,-1413,206,45,161,0,-483,0,-79,-1057,-3951,0,-3951,778,0,131,647,-484
2004:Q2,517,196,19875,76,0,278,752,259,259,0,0,6000,13307,0,13307,7756,5551,0,0,0,0,0,0,0,0,0,-797,0,-797,19879,4673,2390,14943,85,-63,148,0,5,0,196,14657,-2473,0,-2473,346,0,248,98,325
2004:Q3,551,204,10584,61,0,240,1676,-87,-87,0,0,-4250,12950,0,12950,4509,8441,0,0,0,0,0,0,0,0,0,-6,0,-6,10186,-4964,-1328,6312,-57,-12,-45,0,3,0,-151,6517,6465,0,6465,3701,0,1276,2425,-51
2004:Q4,606,209,22848,91,0,155,-914,-193,-193,0,0,3750,17478,0,17478,4166,13312,0,0,0,0,0,0,0,0,0,2482,0,2482,21374,-621,-491,17892,-96,-21,-75,0,1039,0,-47,16996,5090,0,5090,-496,0,1412,-1908,-1077
2005:Q1,1105,131,-6569,68,0,111,-2338,9,9,0,0,-2000,-493,0,-493,35,-528,0,0,0,0,0,0,0,0,0,-1926,0,-1926,-6922,941,600,-2513,-679,14,-693,0,-1052,0,58,-840,-6677,0,-6677,727,0,646,81,621
2005:Q2,1218,134,10923,72,0,70,436,183,183,0,0,3500,7396,0,7396,2010,5386,0,0,0,0,0,0,0,0,0,-734,0,-734,10098,-1876,3186,5982,-893,-47,-846,0,21,0,-36,6890,2077,0,2077,729,0,377,352,259
2005:Q3,1294,137,3280,38,0,-186,666,675,675,0,0,-8750,11638,0,11638,4743,6895,0,0,0,0,0,0,0,0,0,-801,0,-801,2380,-1181,-4153,5924,8,0,8,0,-4,0,-2,5922,737,0,737,1053,0,370,683,257
2005:Q4,1486,140,29749,145,0,111,1196,-838,-838,0,0,21000,7855,0,7855,1512,6343,0,0,0,0,0,0,0,0,0,280,0,280,30572,-2884,8920,20661,157,-35,192,0,1912,0,-20,18612,3585,0,3585,290,0,229,61,2169
2006:Q1,1059,191,-5877,61,0,1339,-1741,494,494,0,0,-20000,14327,0,14327,4100,10227,0,0,0,0,0,0,0,0,0,-357,0,-357,-7328,1979,-10063,3767,889,7,882,0,-1943,0,3,4818,-3965,0,-3965,954,0,223,731,-583
2006:Q2,1160,195,13040,78,0,111,-181,-275,-275,0,0,4500,7822,0,7822,0,7822,0,0,0,0,0,0,0,0,0,985,0,985,12408,-59,2604,5888,35,-35,70,0,11,0,58,5784,2624,0,2624,1351,0,1211,140,333
2006:Q3,1253,200,-7236,106,0,94,-62,31,31,0,0,-9750,2560,0,2560,1649,911,0,0,0,0,0,0,0,0,0,-215,0,-215,-7518,-3633,-2548,-4162,-98,-24,-74,0,7,0,-44,-4027,1991,0,1991,834,0,99,735,771
2006:Q4,1218,204,29633,103,0,122,766,-255,-255,0,0,19250,9991,0,9991,0,9991,0,0,0,0,0,0,0,0,0,-344,0,-344,29717,1369,11638,18034,-641,102,-743,0,718,0,1,17956,-1540,0,-1540,216,0,256,-40,1099
2007:Q1,-629,224,-5785,130,0,165,-537,-40,-40,0,0,-7500,1986,0,1986,0,1986,0,0,0,0,0,0,0,0,0,12,0,12,-7543,-559,-10533,-5016,-414,49,-463,0,-536,0,-9,-4057,7668,0,7668,897,0,521,376,-2611
2007:Q2,38,231,2026,118,0,150,-431,177,177,0,0,-8000,9621,0,9621,0,9621,0,0,0,0,0,0,0,0,0,392,0,392,1688,-1146,2273,5551,409,5,404,0,100,0,107,4935,-4934,0,-4934,-56,0,256,-312,-531
2007:Q3,383,237,9994,100,0,118,579,-2,-2,0,0,19500,-10890,0,-10890,-10000,-890,0,0,0,0,0,0,0,0,0,590,0,590,9133,5739,-1970,611,920,30,890,0,-9,0,-83,-217,3340,0,3340,1413,0,1172,241,-716
2007:Q4,1400,243,36477,148,0,42,703,48434,48434,0,0,1750,-39021,0,-39021,-39178,157,0,0,0,0,0,0,0,0,0,24421,24000,421,36473,-2221,13515,16875,10504,-77,10581,0,1572,0,-17,4816,8296,0,8296,8,0,1176,-1168,1153
2008:Q1,-369,157,-18885,182,0,-2,-536,62656,62656,0,0,29500,-149377,0,-149377,-134856,-14521,0,0,0,39743,0,39743,0,0,0,-1051,-3000,1950,-22208,3463,-9567,-16304,-10496,72,-10568,0,-1658,0,2,-4152,116,0,116,84,0,1099,-1015,-3848
2008:Q2,-1808,158,19001,144,0,-2,-83,62897,62897,0,0,38500,-112393,0,-112393,-71245,-41148,0,0,0,-9460,0,-38288,0,28828,0,39398,41000,-1602,19478,9331,280,10399,-626,-52,-574,0,49,0,113,10863,-279,0,-279,-253,0,325,-578,-1489
2008:Q3,3110,158,590443,251,0,-2,-316,125868,25831,100037,0,-31500,12286,0,-2214,-3317,1103,14500,0,14500,259522,0,198279,0,61243,0,224335,226263,-1929,589873,182787,2275,368834,327492,-9,28010,299491,31821,0,-95,9616,34115,0,34115,1862,0,438,1424,2383
2008:Q4,2049,151,729249,57,0,-1,-540,259638,343990,-84352,0,-3000,4502,0,-706,0,-706,5208,0,5208,200606,0,-154250,0,354856,0,267988,265465,2523,730071,575689,9740,133252,32958,-11,73135,-40166,57140,0,1249,41905,10415,0,10415,975,0,764,211,2720
2009:Q1,1155,183,-151980,110,0,3587,-1581,-18885,-7652,-11233,0,-80000,283723,0,16402,0,16402,267321,236636,30685,-101648,4692,-25075,0,-81265,0,-237286,-243811,6526,-154803,-32096,-7420,-100191,-98312,51,-38972,-59391,-22890,0,-226,21237,-17762,0,-17762,2666,0,1482,1184,-1851
2009:Q2,1733,178,-82948,66,0,166,244,-212299,-217688,5389,0,0,436165,0,164143,0,164143,272022,225789,46233,-134829,20420,-15339,0,-139910,0,-172461,-195332,22872,-83371,-144243,837,53295,48846,8,48833,5,-1334,0,610,5173,2079,0,2079,4661,0,1688,2973,1133
2009:Q3,-954,176,143339,194,3000,137,296,-121279,-111490,-9789,0,0,377184,0,112694,0,112694,264490,229940,34550,-70014,17597,-5043,0,-82568,0,-46179,-57829,11651,141512,219876,-397,-74508,-42679,-25,-7660,-34994,-36446,0,154,4463,-3756,0,-3756,297,0,672,-375,-2958
2009:Q4,-2667,179,87054,-34,0,127,438,-110614,-110562,-52,0,0,252137,0,7428,0,7428,244709,216006,28703,-41088,4823,-27,0,-45884,25106,-39018,-46484,7466,87613,117378,4177,-40117,-81690,-54,78308,-159944,30785,0,507,10281,8819,0,8819,-2644,0,722,-3366,-2287
2010:Q1,-288,143,71836,93,0,54,472,-85095,-85095,0,0,0,169552,0,117,0,117,169435,160326,9109,-5406,-311,0,0,-5095,310,-8144,-10272,2129,71489,91412,-3120,3243,24849,-16,-95113,119978,-30324,0,-742,9460,-19966,0,-19966,-80,0,615,-695,-778
2010:Q2,760,144,24849,41,0,460,-323,-10850,-10850,0,0,0,45488,0,284,0,284,45204,49430,-4226,-9975,-4744,0,0,-5231,317,-309,1245,-1554,21247,-87760,1985,94622,71092,10,-3904,74986,15427,0,-454,8557,9457,0,9457,2943,0,365,2578,-2987
2010:Q3,-3779,148,-36480,66,0,208,374,-377,-377,0,0,0,-15565,0,34680,0,34680,-50245,-39588,-10657,-21453,-12778,0,0,-8675,324,-57,-1184,1127,-37261,-26644,-3239,-1265,20274,4,20273,-3,-35654,0,1258,12857,-3413,0,-3413,-2700,0,66,-2766,-4708
2010:Q4,-5185,151,125256,56,0,129,153,-75,-75,0,0,0,116781,0,209824,0,209824,-93043,-86398,-6645,-7941,-4996,0,0,-2945,328,15826,14,15812,129093,34678,2174,67816,32827,-60,32885,2,8297,0,865,25827,-4107,0,-4107,28532,0,-162,28694,-1500
2011:Q1,-4585,117,203517,-446,0,248,41,-163,-163,0,0,0,249002,0,318953,0,318953,-69951,-54986,-14965,-28937,-5495,0,0,-23442,-26385,10157,-75,10232,203734,430308,589,-200441,-224502,32,-29570,-194964,5296,0,-3211,21976,2468,0,2468,-29190,0,-231,-28959,-4484
2011:Q2,21,121,234646,67,0,163,463,62,62,0,0,0,234999,0,279092,0,279092,-44093,-28302,-15791,-13856,-6453,0,0,-7403,0,12748,0,12748,234434,177959,2116,48721,18865,-62,18927,0,8097,0,237,21522,8138,0,8138,-2500,0,193,-2693,-312
2011:Q3,1837,126,-14981,84,0,129,148,-10,-10,0,0,0,-1284,0,45122,0,45122,-46406,-37970,-8436,-12929,-1452,0,0,-11477,0,-1119,500,-1619,-14523,11326,-4819,-35415,-78869,-23,-73846,-5000,27759,0,2265,13430,13814,0,13814,571,0,-481,1052,2169
2011:Q4,2473,130,70391,-54,0,116,138,86,86,0,0,0,-38688,0,-1214,0,-1214,-37474,-33200,-4274,-11845,-2290,0,0,-9555,0,120638,99323,21315,69490,-41239,10193,80866,29457,4,29453,0,25836,0,-2490,28063,15777,0,15777,3893,0,894,2999,1442
2012:Q1,-5848,163,-59870,73,0,191,-89,-190,-190,0,0,0,6332,0,13530,-1,13531,-7198,637,-7835,-11528,-1957,0,0,-9571,0,-54659,-53341,-1318,-60017,-252,-7525,-51764,-42235,22,-42257,0,-39817,0,2,30286,-3229,0,-3229,2753,0,318,2435,-6157
2012:Q2,-4236,167,-1748,39,0,128,11,71,71,0,0,0,30307,0,14938,0,14938,15369,20653,-5284,-14436,-2530,0,0,-11906,0,-17868,-18513,645,-1869,-39570,209,52178,47906,-33,47939,0,-10315,0,1453,13134,-11193,0,-11193,-3493,0,125,-3618,-4523
2012:Q3,-4654,166,-45269,60,0,118,102,49,49,0,0,0,-26679,0,133,-18422,18555,-26812,-18456,-8356,-3059,-3059,0,0,0,0,-15860,-15418,-442,-45307,-65910,-311,6861,-5968,5,-5973,0,-8016,0,4044,16801,7265,0,7265,6788,0,27,6761,-4858
2012:Q4,-2815,169,117423,33,0,116,121,-56,-56,0,0,0,122665,0,30310,0,30310,92355,99229,-6874,-911,-911,0,0,0,0,-4545,-3662,-883,117413,36013,14719,53367,7302,28,7274,0,19236,0,803,26026,14445,0,14445,-1131,0,-9,-1122,-2994
2013:Q1,-188,124,288856,42,0,220,-105,-61,-61,0,0,0,289523,0,141224,0,141224,148299,152880,-4581,-174,-174,0,0,0,0,-589,-833,245,288622,307728,-11435,-6963,-13487,81,-13568,0,-15453,0,2758,19219,-1731,0,-1731,1023,0,204,819,-546
2013:Q2,-1192,123,281749,57,0,176,-123,111,111,0,0,0,286658,0,146831,0,146831,139827,143283,-3456,-124,-124,0,0,0,0,-5006,-6377,1371,281818,222272,584,72670,55596,-110,55706,0,-32,0,837,16269,-10304,0,-10304,-3404,0,-71,-3333,-1246
2013:Q3,-337,126,256012,41,0,187,148,57,57,0,0,0,256847,0,131210,0,131210,125637,134360,-8723,-157,-157,0,0,0,0,-1111,-1168,58,256055,195900,1979,-8403,-46426,46,-46472,0,27820,0,-1085,11288,62252,58157,4095,4327,0,-52,4379,-420
2013:Q4,877,128,281401,20,0,159,-396,-103,-103,0,0,0,280400,0,130981,0,130981,149419,153016,-3597,-4,-4,0,0,0,0,1326,-239,1565,281334,4976,11418,109378,74080,67,74013,0,13519,0,-968,22747,158519,139598,18921,-2957,0,66,-3023,682
2014:Q1,-495,146,211908,51,0,256,416,-39,-39,0,0,0,210291,0,104046,0,104046,106245,116277,-10032,-15,-15,0,0,0,0,948,135,813,211351,224098,-8835,-28621,-20165,45,-20210,0,-45680,1751,-994,36467,25099,44314,-19215,-390,0,544,-934,-1198
2014:Q2,615,149,137841,17,0,214,22,129,129,0,0,0,136304,0,77337,0,77337,58967,62802,-3835,-33,-33,0,0,0,0,1189,-283,1472,137726,8247,150,13066,-3023,-133,-2890,0,3628,0,-1033,13494,115478,97412,18066,785,0,111,674,351
2014:Q3,2889,153,77632,127,0,208,-391,163,163,0,0,0,79625,0,49345,0,49345,30280,34077,-3797,-35,-35,0,0,0,0,-2065,116,-2181,77601,49170,-232,75020,19016,13,19003,0,48560,0,-711,8155,-46370,-39481,-6889,13,0,28,-15,2706
2014:Q4,2648,153,48194,28,0,130,360,-182,-182,0,0,0,46678,0,6079,0,6079,40599,42067,-1468,-14,-14,0,0,0,0,1194,1288,-94,47811,-132600,10970,72753,65192,42,65150,0,-33999,0,0,41560,99706,96705,3001,-3018,0,382,-3400,2112
2015:Q1,2315,150,-16078,15,0,370,-193,-96,-96,0,0,0,-12288,0,-5688,0,-5688,-6600,-4668,-1932,0,0,0,0,0,0,-3886,-718,-3168,-16344,70629,-7847,-110031,-123373,-5,-123368,0,-10604,0,-13,23959,27022,-18215,45237,3883,0,250,3633,1899
2015:Q2,2179,150,-1903,27,0,329,336,117,117,0,0,0,-3471,0,-2540,0,-2540,-931,179,-1110,0,0,0,0,0,0,759,-175,934,-2220,-191724,455,167581,154162,-94,154256,0,4247,0,18,9154,21308,14112,7196,160,0,311,-151,1711
2015:Q3,2497,151,5595,39,0,327,325,86,86,0,0,0,5379,0,-2980,0,-2980,8359,9288,-929,0,0,0,0,0,0,-561,46,-607,5444,-49709,-664,-26161,-55535,89,-55624,0,785,8000,982,19607,82914,57012,25902,-936,0,148,-1084,2195
2015:Q4,-17669,151,942,21,0,240,51,-137,-137,0,0,0,-61,0,-4357,0,-4357,4296,6567,-2271,0,0,0,0,0,0,828,316,512,20220,-216771,6557,159815,134806,75,134731,0,-3968,-812,-1000,30789,71320,24978,46342,-701,0,170,-871,1459
2016:Q1,-1111,158,-3774,-120,0,159,-1142,-57,-57,0,0,0,-1997,0,-4193,0,-4193,2196,5994,-3798,0,0,0,0,0,0,-618,-851,234,-3790,157258,-4372,3953,-19665,-53,-19612,0,-7734,8863,-31,22520,-161855,-170743,8888,1226,0,627,599,-1285
2016:Q2,-1932,159,-13250,7,0,317,-109,142,142,0,0,0,-17094,0,-2921,0,-2921,-14173,-9920,-4253,0,0,0,0,0,0,3487,2848,639,-13261,-88422,3471,78448,49685,-142,49827,0,8434,2895,10,17424,-6696,-25040,18344,-62,0,35,-97,-2102
2016:Q3,-40,162,-9307,-8,0,327,552,-2,-2,0,0,0,-13439,0,-2573,0,-2573,-10866,-6187,-4679,0,0,0,0,0,0,3263,4009,-746,-9319,-114548,-8202,-7829,-10280,70,-10350,0,-10126,-2022,-29,14628,121195,133714,-12519,65,0,63,2,-213
2016:Q4,3620,163,-4739,-5,0,166,-69,-135,-135,0,0,0,-3270,0,-3567,0,-3567,297,4667,-4370,0,0,0,0,0,0,-1427,-1440,14,-4739,-165320,10905,89099,45903,25,45878,0,6405,8690,2,28099,60165,55832,4333,412,0,267,145,3457
2017:Q1,54,172,20180,27,0,245,237,-54,-54,0,0,0,22203,0,-2482,0,-2482,24685,27580,-2895,0,0,0,0,0,0,-2478,-488,-1990,20173,395137,-5798,-244128,-306884,101,-306985,0,-7017,37419,-3,32357,-124919,-121502,-3417,-119,0,152,-271,-125
2017:Q2,-1946,174,-6936,26,0,205,-69,133,133,0,0,0,-6592,0,-2446,0,-2446,-4146,1115,-5261,0,0,0,0,0,0,-639,-2005,1366,-6931,-169924,585,112059,88832,-80,88912,0,-8644,6575,1,25295,49706,52022,-2316,643,0,248,395,-2115
2017:Q3,-497,176,-5490,7,0,189,-107,54,54,0,0,0,-6352,0,-2656,0,-2656,-3696,-2335,-1361,0,0,0,0,0,0,720,550,170,-5489,90978,-2226,-608,-21785,10,-21795,0,2054,-490,-1,19614,-93205,-82785,-10420,-428,0,345,-773,-672
2017:Q4,61,180,-10353,-15,0,206,-177,-62,-62,0,0,0,-20147,0,-14105,0,-14105,-6042,-3663,-2379,0,0,0,0,0,0,9842,8447,1395,-10344,-121388,8643,94411,69628,17,69611,0,-191,-5215,93,30096,7166,3505,3661,824,0,201,623,-110
2018:Q1,-1083,152,-51470,17,0,136,220,-117,-117,0,0,0,-44025,0,-32326,0,-32326,-11699,-11690,-9,0,0,0,0,0,0,-7701,-7056,-645,-48978,158060,-8959,93287,60820,105,60715,0,2419,2406,-5,27647,-290577,-287234,-3343,-789,0,278,-1067,1257
2018:Q2,810,156,-90244,-50,0,100,157,222,222,0,0,0,-86466,0,-49686,0,-49686,-36780,-34789,-1991,0,0,0,0,0,0,-4208,-3920,-288,-89585,-220146,2135,59348,43036,-121,43157,0,-3485,-8302,48,28051,68252,64609,3643,826,0,409,417,1312
2018:Q3,1452,158,-112348,37,0,74,-426,32,32,0,0,0,-109152,0,-67879,100,-67979,-41273,-41267,-6,0,0,0,0,0,0,-2913,-1017,-1896,-112339,-117426,-2309,68978,51924,16,51908,0,-1228,-2564,-46,20892,-62684,-48540,-14144,1102,0,200,902,1303
2018:Q4,1319,161,-135735,5,0,71,199,-210,-210,0,0,0,-139807,0,-93380,-100,-93280,-46427,-46422,-5,0,0,0,0,0,0,4008,4133,-126,-135738,-213539,14003,37857,17425,0,17425,0,-4467,5111,-10,19798,25063,-6582,31645,878,0,59,819,1155
2019:Q1,2114,167,-99715,19,0,103,-19,-50,-50,0,0,0,-95573,0,-49496,0,-49496,-46077,-46010,-67,0,0,0,0,0,0,-4195,-2842,-1353,-99721,24835,-12173,-63197,-68004,122,-68126,0,-3690,-8027,-3,16527,-48667,-41117,-7550,-519,0,187,-706,1941
2019:Q2,-515,169,-129849,26,0,65,-32,104,104,0,0,0,-129725,0,-67681,5,-67686,-62044,-62039,-5,0,0,0,0,0,0,-287,-1348,1062,-129863,-159337,1617,-53027,-70455,-152,-70303,0,914,-1293,2,17805,80027,43576,36451,857,0,-127,984,-698
2019:Q3,-707,171,134665,33,0,64,77,-8,-8,0,0,202500,-66134,0,1573,5951,-4378,-67707,-67701,-6,0,0,0,0,0,0,-1867,956,-2823,134665,5803,-1169,152610,118770,-4,118774,0,828,12514,-58,20556,-22004,-37250,15246,-575,0,93,-668,-877
2019:Q4,-3302,172,211323,-1,0,77,101,-65,-65,0,0,53119,153947,0,214746,162505,52241,-60799,-60793,-6,0,0,0,0,0,0,4145,2755,1390,211333,121594,13106,53254,21361,-9,21370,0,4014,-4257,-4,32140,23281,57030,-33749,98,0,-790,888,-3463
2020:Q1,-672,172,1569741,15,0,109,-11,76591,49045,27546,0,7106,1070384,0,1019471,156373,863098,50913,50919,-6,58716,0,58716,0,0,0,356832,353946,2886,1569748,925433,15603,385887,111561,157,111404,0,107506,99189,12213,55418,232433,220821,11612,10392,0,268,10124,-836
2020:Q2,-670,164,1161211,19,0,76,-76,6830,-41895,-15790,64515,-204775,1511583,0,1034327,694,1033633,477256,477261,-5,-27768,0,-46608,3700,15140,0,-124678,-130790,6112,1161201,312753,-7076,1198931,1206513,-262,1206775,0,-78056,-26763,-1172,98409,-336125,-283958,-52167,-7282,1500,59,-8841,-844
2020:Q3,-669,169,48713,13,0,118,-599,-16834,-3713,-7858,-5263,-57950,326069,0,250127,294,249833,75942,75948,-6,754,0,-8685,4621,4818,0,-202858,-202989,132,48707,-43789,-1922,122473,59606,-41,59647,0,-16462,12235,2693,64401,-27724,-100,-27624,-331,0,367,-698,-843
2020:Q4,-665,174,303969,-9,0,81,762,-22055,-1877,-1906,-18272,0,308934,0,250342,115,250227,58592,58598,-6,20517,0,-1309,1127,20699,0,-4262,-6012,1751,303994,251686,9172,31133,-53107,3,-53110,0,25507,8346,2921,47466,10818,8801,2017,1185,0,-16,1201,-814
2021:Q1,-663,180,388789,-11,0,75,-483,-3206,-774,-1882,-550,0,402593,0,254445,43,254402,148148,148154,-6,6504,0,-1999,10257,-1754,0,-16683,-15373,-1310,388525,677770,-1726,-423938,-606557,61,-606618,0,83038,31562,11371,56648,136126,124656,11470,293,0,93,200,-1107
