date,FU316010105.Q,FU316210001.Q,FU316240001.Q,FU316231001.Q,FU316231061.Q,FU316601001.Q,FU316150105.Q,FU316403105.Q,FU316402101.Q,FU316900005.Q,FU316901001.Q,FU316404001.Q,FU316403001.Q,FU316130001.Q,FU316402001.Q,FU316006005.Q,FU316300001.Q,FU313154015.Q,FU315440095.Q,FU316000105.Q,FU315090005.Q,FU315019001.Q,FU315420003.Q,FU315000005.Q,FU314090005.Q,FU313011005.Q,FU313020005.Q,FU313030003.Q,FU314022005.Q,FU313061703.Q,FU313063763.Q,FU314023005.Q,FU313069005.Q,FU313065005.Q,FU313066220.Q,FU313064105.Q,FU313070000.Q,FU313078000.Q,FU313090005.Q,FU314190005.Q,FU313111303.Q,FU713014003.Q,FU313112003.Q,FU314122005.Q,FU313161105.Q,FU313161205.Q,FU313161305.Q,FU313161705.Q,FU314123005.Q,FU313165403.Q,FU313169003.Q,FU313170005.Q,FU313140003.Q,FU313190005.Q,FU343073045.Q,FU313172003.Q,FU313190015.Q,FU317005005.Q,FU314000105.Q
1945:Q4,ND,ND,ND,ND,ND,ND,ND,ND,ND,ND,ND,ND,ND,ND,ND,ND,ND,ND,ND,ND,ND,ND,ND,ND,ND,ND,ND,ND,ND,ND,ND,ND,ND,ND,ND,ND,ND,ND,ND,ND,ND,ND,ND,ND,ND,ND,ND,ND,ND,ND,ND,ND,ND,ND,ND,ND,ND,ND,ND
1946:Q1,ND,ND,ND,ND,ND,ND,ND,ND,ND,ND,ND,ND,ND,ND,ND,ND,ND,ND,ND,ND,ND,ND,ND,ND,ND,ND,ND,ND,ND,ND,ND,ND,ND,ND,ND,ND,ND,ND,ND,ND,ND,ND,ND,ND,ND,ND,ND,ND,ND,ND,ND,ND,ND,ND,ND,ND,ND,ND,ND
1946:Q2,ND,ND,ND,ND,ND,ND,ND,ND,ND,ND,ND,ND,ND,ND,ND,ND,ND,ND,ND,ND,ND,ND,ND,ND,ND,ND,ND,ND,ND,ND,ND,ND,ND,ND,ND,ND,ND,ND,ND,ND,ND,ND,ND,ND,ND,ND,ND,ND,ND,ND,ND,ND,ND,ND,ND,ND,ND,ND,ND
1946:Q3,ND,ND,ND,ND,ND,ND,ND,ND,ND,ND,ND,ND,ND,ND,ND,ND,ND,ND,ND,ND,ND,ND,ND,ND,ND,ND,ND,ND,ND,ND,ND,ND,ND,ND,ND,ND,ND,ND,ND,ND,ND,ND,ND,ND,ND,ND,ND,ND,ND,ND,ND,ND,ND,ND,ND,ND,ND,ND,ND
1946:Q4,39452,16351,7691,8642,0,6463,0,305,0,47618,28982,8654,3144,5110,1728,-8166,9952,1320,-642,1108,7485,3079,0,4406,-15753,-89,-22723,16,0,0,0,1963,2309,-346,0,0,-800,5813,67,-20159,0,0,126,-23079,-22876,-24462,1586,-203,0,0,0,-2013,1165,3642,3677,0,-35,-6377,-22104
1947:Q1,ND,ND,ND,ND,ND,ND,ND,ND,ND,ND,ND,ND,ND,ND,ND,ND,ND,ND,ND,ND,ND,ND,ND,ND,ND,ND,ND,ND,ND,ND,ND,ND,ND,ND,ND,ND,ND,ND,ND,ND,ND,ND,ND,ND,ND,ND,ND,ND,ND,ND,ND,ND,ND,ND,ND,ND,ND,ND,ND
1947:Q2,ND,ND,ND,ND,ND,ND,ND,ND,ND,ND,ND,ND,ND,ND,ND,ND,ND,ND,ND,ND,ND,ND,ND,ND,ND,ND,ND,ND,ND,ND,ND,ND,ND,ND,ND,ND,ND,ND,ND,ND,ND,ND,ND,ND,ND,ND,ND,ND,ND,ND,ND,ND,ND,ND,ND,ND,ND,ND,ND
1947:Q3,ND,ND,ND,ND,ND,ND,ND,ND,ND,ND,ND,ND,ND,ND,ND,ND,ND,ND,ND,ND,ND,ND,ND,ND,ND,ND,ND,ND,ND,ND,ND,ND,ND,ND,ND,ND,ND,ND,ND,ND,ND,ND,ND,ND,ND,ND,ND,ND,ND,ND,ND,ND,ND,ND,ND,ND,ND,ND,ND
1947:Q4,42814,18793,7664,10589,0,5389,77,302,0,40351,22940,8383,2916,5377,735,2463,9512,1116,-676,11535,21204,2796,0,18408,14778,1401,-552,-9,0,0,0,3966,4059,-93,0,0,-100,9669,403,-3630,0,0,-28,-6408,-6371,-9279,2908,-37,0,0,0,-666,605,2867,3123,0,-256,-9669,-2114
1948:Q1,ND,ND,ND,ND,ND,ND,ND,ND,ND,ND,ND,ND,ND,ND,ND,ND,ND,ND,ND,ND,ND,ND,ND,ND,ND,ND,ND,ND,ND,ND,ND,ND,ND,ND,ND,ND,ND,ND,ND,ND,ND,ND,ND,ND,ND,ND,ND,ND,ND,ND,ND,ND,ND,ND,ND,ND,ND,ND,ND
1948:Q2,ND,ND,ND,ND,ND,ND,ND,ND,ND,ND,ND,ND,ND,ND,ND,ND,ND,ND,ND,ND,ND,ND,ND,ND,ND,ND,ND,ND,ND,ND,ND,ND,ND,ND,ND,ND,ND,ND,ND,ND,ND,ND,ND,ND,ND,ND,ND,ND,ND,ND,ND,ND,ND,ND,ND,ND,ND,ND,ND
1948:Q3,ND,ND,ND,ND,ND,ND,ND,ND,ND,ND,ND,ND,ND,ND,ND,ND,ND,ND,ND,ND,ND,ND,ND,ND,ND,ND,ND,ND,ND,ND,ND,ND,ND,ND,ND,ND,ND,ND,ND,ND,ND,ND,ND,ND,ND,ND,ND,ND,ND,ND,ND,ND,ND,ND,ND,ND,ND,ND,ND
1948:Q4,42376,18065,7828,11583,0,4415,193,292,0,41404,22630,7186,5219,5554,815,972,8368,641,-619,9318,17420,4411,0,13009,11283,399,1185,6,0,0,0,1363,1317,46,0,0,0,8415,-85,-1726,0,0,-5,-4886,-5733,-8157,2424,847,0,0,0,0,213,2952,3238,0,-286,-8102,1243
1949:Q1,ND,ND,ND,ND,ND,ND,ND,ND,ND,ND,ND,ND,ND,ND,ND,ND,ND,ND,ND,ND,ND,ND,ND,ND,ND,ND,ND,ND,ND,ND,ND,ND,ND,ND,ND,ND,ND,ND,ND,ND,ND,ND,ND,ND,ND,ND,ND,ND,ND,ND,ND,ND,ND,ND,ND,ND,ND,ND,ND
1949:Q2,ND,ND,ND,ND,ND,ND,ND,ND,ND,ND,ND,ND,ND,ND,ND,ND,ND,ND,ND,ND,ND,ND,ND,ND,ND,ND,ND,ND,ND,ND,ND,ND,ND,ND,ND,ND,ND,ND,ND,ND,ND,ND,ND,ND,ND,ND,ND,ND,ND,ND,ND,ND,ND,ND,ND,ND,ND,ND,ND
1949:Q3,ND,ND,ND,ND,ND,ND,ND,ND,ND,ND,ND,ND,ND,ND,ND,ND,ND,ND,ND,ND,ND,ND,ND,ND,ND,ND,ND,ND,ND,ND,ND,ND,ND,ND,ND,ND,ND,ND,ND,ND,ND,ND,ND,ND,ND,ND,ND,ND,ND,ND,ND,ND,ND,ND,ND,ND,ND,ND,ND
1949:Q4,37860,15376,7870,9405,0,4696,233,280,0,46330,24502,8200,6928,5878,822,-8470,7518,592,-368,-1176,6259,5918,0,341,6993,149,339,65,0,0,0,857,740,117,0,0,0,5434,149,6652,0,0,-19,3617,3528,1025,2503,89,0,0,0,0,84,2970,3430,0,-460,-7435,483
1950:Q1,ND,ND,ND,ND,ND,ND,ND,ND,ND,ND,ND,ND,ND,ND,ND,ND,ND,ND,ND,ND,ND,ND,ND,ND,ND,ND,ND,ND,ND,ND,ND,ND,ND,ND,ND,ND,ND,ND,ND,ND,ND,ND,ND,ND,ND,ND,ND,ND,ND,ND,ND,ND,ND,ND,ND,ND,ND,ND,ND
1950:Q2,ND,ND,ND,ND,ND,ND,ND,ND,ND,ND,ND,ND,ND,ND,ND,ND,ND,ND,ND,ND,ND,ND,ND,ND,ND,ND,ND,ND,ND,ND,ND,ND,ND,ND,ND,ND,ND,ND,ND,ND,ND,ND,ND,ND,ND,ND,ND,ND,ND,ND,ND,ND,ND,ND,ND,ND,ND,ND,ND
1950:Q3,ND,ND,ND,ND,ND,ND,ND,ND,ND,ND,ND,ND,ND,ND,ND,ND,ND,ND,ND,ND,ND,ND,ND,ND,ND,ND,ND,ND,ND,ND,ND,ND,ND,ND,ND,ND,ND,ND,ND,ND,ND,ND,ND,ND,ND,ND,ND,ND,ND,ND,ND,ND,ND,ND,ND,ND,ND,ND,ND
1950:Q4,48803,17432,8734,16958,0,5259,233,187,0,46921,23888,10227,5422,6187,1197,1882,6879,547,-201,8415,17235,5531,0,11704,16634,-284,-238,8,0,0,0,955,388,567,0,0,400,15798,-5,4930,0,0,-10,-395,227,-809,1036,-622,0,0,0,1100,309,3926,4183,0,-257,-8820,-429
1951:Q1,ND,ND,ND,ND,ND,ND,ND,ND,ND,ND,ND,ND,ND,ND,ND,ND,ND,ND,ND,ND,ND,ND,ND,ND,ND,ND,ND,ND,ND,ND,ND,ND,ND,ND,ND,ND,ND,ND,ND,ND,ND,ND,ND,ND,ND,ND,ND,ND,ND,ND,ND,ND,ND,ND,ND,ND,ND,ND,ND
1951:Q2,ND,ND,ND,ND,ND,ND,ND,ND,ND,ND,ND,ND,ND,ND,ND,ND,ND,ND,ND,ND,ND,ND,ND,ND,ND,ND,ND,ND,ND,ND,ND,ND,ND,ND,ND,ND,ND,ND,ND,ND,ND,ND,ND,ND,ND,ND,ND,ND,ND,ND,ND,ND,ND,ND,ND,ND,ND,ND,ND
1951:Q3,ND,ND,ND,ND,ND,ND,ND,ND,ND,ND,ND,ND,ND,ND,ND,ND,ND,ND,ND,ND,ND,ND,ND,ND,ND,ND,ND,ND,ND,ND,ND,ND,ND,ND,ND,ND,ND,ND,ND,ND,ND,ND,ND,ND,ND,ND,ND,ND,ND,ND,ND,ND,ND,ND,ND,ND,ND,ND,ND
1951:Q4,62915,25375,9190,21421,0,6410,308,211,0,58412,37401,7894,5135,6534,1448,4503,7358,291,-289,11859,21187,12543,0,8644,16370,37,119,88,5,5,0,1318,690,628,0,0,900,13956,-53,7726,0,0,24,272,409,170,239,-137,0,0,0,1600,173,5657,5699,0,-42,-9328,197
1952:Q1,19776,10817,2347,4518,0,1956,83,55,0,15768,10876,1977,906,1682,327,4008,1963,77,-91,5985,8030,4162,0,3868,4410,3,3208,12,9,9,0,440,177,263,0,0,300,444,-6,542,0,0,15,-1305,-1268,-1367,99,-37,0,0,0,-200,15,2017,2096,0,-79,-2045,1985
1952:Q2,15027,6088,2509,4553,0,1738,84,55,0,16593,11466,1922,1156,1689,360,-1566,2021,186,-98,367,3689,4191,0,-502,711,29,30,27,-10,-10,0,311,274,37,0,0,400,-70,-6,1213,0,0,7,-169,-14,-329,315,-155,0,0,0,-100,20,1455,1555,0,-100,-3322,631
1952:Q3,15638,6925,2552,4435,0,1580,89,57,0,17483,12251,2076,1177,1713,266,-1845,2105,84,-92,268,2712,4379,0,-1667,3460,8,115,8,-2,-2,0,429,362,67,0,0,200,2715,-13,5127,0,0,9,3621,3273,2832,441,348,0,0,0,100,8,1389,1471,0,-82,-2444,273
1952:Q4,15369,6337,2713,4775,0,1393,92,59,0,18085,12999,2106,1013,1743,224,-2716,2177,41,-66,-514,537,4491,0,-3954,2252,-114,-982,26,0,0,0,395,202,193,0,0,51,2865,11,6206,0,0,6,4176,3951,3756,195,225,0,0,0,275,0,1749,1831,0,-82,-1051,-1092
1953:Q1,21023,11290,2600,4938,0,2040,97,58,0,17828,12601,2204,950,1773,300,3195,2232,51,-137,5514,9149,4672,0,4477,3424,21,802,-6,52,52,0,350,162,188,0,0,326,1868,11,-1053,0,0,3,-2918,-3020,-3428,408,102,0,0,0,108,8,1746,1793,0,-47,-3635,237
1953:Q2,15836,5930,2710,5211,0,1824,102,59,0,18183,12813,2144,1197,1790,239,-2347,2310,137,-39,-135,3854,4825,0,-971,430,-72,-2223,-5,-34,-34,0,497,349,148,0,0,-87,2376,-22,1401,0,0,13,15,460,390,70,-445,0,0,0,-204,18,1559,1625,0,-66,-3989,-1823
1953:Q3,17124,7569,2713,5027,0,1652,105,58,0,17783,12567,2098,1030,1820,268,-659,2330,82,-78,1667,3524,4735,0,-1211,7269,55,2753,4,-19,-19,0,666,577,89,0,0,24,3790,-4,8480,0,0,7,6682,6540,6437,103,142,0,0,0,-12,25,1778,1824,0,-46,-1857,2774
1953:Q4,14624,6517,2684,3959,0,1307,100,57,0,18973,13623,2256,1088,1846,160,-4349,2377,58,-96,-1933,-1554,4439,0,-5993,-470,-90,-2864,-2,-1,-1,0,143,173,-30,0,0,-300,2642,2,5523,0,0,11,3771,1943,1796,147,1828,0,0,0,-67,23,1785,1866,0,-81,-379,-2544
1954:Q1,19198,10466,2370,3869,0,2338,94,61,0,17746,12090,2606,984,1878,188,1451,2430,5,-86,3962,8558,4342,0,4216,2292,-42,1866,2,18,18,0,-83,-15,-68,0,0,313,251,-33,-1924,0,0,22,-3886,-4544,-4614,70,658,0,0,0,163,-13,1790,1834,0,-44,-4596,1350
1954:Q2,13583,4813,2392,4117,0,2110,90,61,0,17322,11455,2707,916,1903,341,-3739,2490,47,-79,-1217,4346,4150,0,196,621,10,451,-9,-10,-10,0,-378,-367,-11,0,0,-111,630,38,425,0,0,10,-758,151,-285,436,-909,0,0,0,-351,-59,1583,1659,0,-76,-5563,667
1954:Q3,15097,6713,2295,4098,0,1849,83,59,0,17472,11666,2592,1072,1926,216,-2376,2542,-123,-75,364,754,3826,0,-3072,410,-175,-2068,9,-2,-2,0,63,-74,137,0,0,192,2324,67,3482,0,0,2,1831,3296,3130,166,-1465,0,0,0,-104,-100,1853,1870,0,-17,-390,-1583
1954:Q4,14633,6076,2450,4491,0,1479,79,58,0,17963,11941,2775,1155,1939,153,-3330,2600,-81,-83,-567,-1249,3785,0,-5034,2345,38,-588,26,-5,-5,0,171,62,109,0,0,-163,2763,103,7379,0,0,2,5629,3828,3487,341,1801,0,0,0,58,-127,1817,1890,0,-73,683,-128
1955:Q1,17881,8281,2384,4788,0,2294,71,63,0,17808,11481,2963,1165,1938,261,73,2624,-109,-76,2882,9164,3565,0,5599,3156,-81,-3,4,6,6,0,239,207,32,0,0,27,2862,102,-2443,0,0,3,-4115,-4372,-4559,187,257,0,0,0,-146,-99,1914,1903,0,11,-6282,223
1955:Q2,18512,7758,2658,5300,0,2659,76,61,0,17127,10858,2931,1090,1933,315,1384,2646,50,-33,4013,8698,3581,0,5117,4902,14,1423,-4,1,1,0,242,148,94,0,0,-139,3266,99,-215,0,0,-1,-1647,-602,-976,374,-1045,0,0,0,-75,-52,1560,1691,0,-131,-4685,516
1955:Q3,17738,7652,2640,5186,0,2112,86,62,0,18155,12108,2772,1097,1992,186,-418,2700,10,-46,2318,2381,3516,0,-1135,2368,-37,-808,-18,-4,-4,0,87,66,21,0,0,-104,3177,75,3503,0,0,0,1819,2461,2194,267,-642,0,0,0,21,1,1662,1720,0,-58,-63,-765
1955:Q4,16942,6779,2746,5547,0,1715,94,61,0,18550,12354,2836,1124,2058,178,-1608,2767,-7,-92,1257,390,3551,0,-3161,2475,-30,-882,5,16,16,0,95,45,50,0,0,45,3159,67,5636,0,0,0,3825,3122,2998,124,703,0,0,0,117,-15,1709,1937,0,-228,867,-648
1956:Q1,19516,9059,2523,5106,0,2646,108,74,0,17907,11418,3094,1002,2076,317,1609,2842,65,-97,4483,9520,3608,0,5912,3739,-41,2481,-6,-5,-5,0,-44,-47,3,0,0,-8,1252,110,-2173,0,0,2,-4278,-4284,-4465,181,6,0,0,0,6,58,2039,1999,0,40,-5037,2593
1956:Q2,20234,8986,2675,5341,0,3041,118,73,0,18323,11688,3128,1082,2162,263,1911,2893,194,-150,4760,9532,3754,0,5778,2162,-51,-600,-20,-1,-1,0,244,235,9,0,0,250,2222,118,-3616,0,0,3,-5449,-4983,-5222,239,-466,0,0,0,13,90,1727,1830,0,-103,-4773,-967
1956:Q3,18303,8367,2726,4834,0,2180,125,71,0,18388,11654,2998,1148,2229,359,-86,2948,84,-109,2887,3244,4070,0,-826,2368,155,-217,-1,-8,-8,0,29,32,-3,0,0,-23,2213,220,3194,0,0,5,1199,1433,974,459,-234,0,0,0,65,86,1839,1581,0,258,-357,-50
1956:Q4,17790,7501,3042,5266,0,1780,132,69,0,19818,12592,3080,1201,2378,567,-2028,3002,52,-103,1025,74,4329,0,-4255,1735,545,-1952,0,3,3,0,423,410,13,0,0,-143,2712,147,5990,0,0,9,3490,3051,3161,-110,439,0,0,0,241,69,2181,2190,0,-9,951,-1524
1957:Q1,20795,9578,2750,5130,0,3124,142,71,0,19883,12604,3470,1089,2365,355,912,3094,35,1,3970,9240,4320,0,4920,5104,-58,3226,10,11,11,0,20,-31,51,0,0,105,1458,332,184,0,0,7,-1648,-1670,-1150,-520,22,0,0,0,-74,46,1853,2209,0,-356,-5270,2747
1957:Q2,21664,9901,2939,5138,0,3464,152,70,0,20024,12030,3737,1159,2445,653,1640,3142,94,-80,4768,8340,4214,0,4126,355,73,-1768,-14,-2,-2,0,-205,-247,42,0,0,183,1800,288,-3771,0,0,11,-6044,-5592,-5430,-162,-452,0,0,0,-55,22,2295,2103,0,192,-3572,-1954
1957:Q3,19383,8823,2885,4915,0,2526,165,69,0,20570,12659,3516,1205,2495,695,-1187,3208,-6,-50,2077,3488,4503,0,-1015,4965,254,1500,14,1,1,0,226,150,76,0,0,-70,2907,133,5980,0,0,8,3948,4170,4612,-442,-222,48,48,0,-52,12,2016,2350,0,-334,-1411,1983
1957:Q4,17476,7692,2926,4678,0,1933,177,70,0,21466,13587,3808,1285,2593,193,-3990,3268,-17,11,-716,-291,4537,0,-4828,-64,35,-2822,-39,-6,-6,0,551,439,112,0,0,-307,2585,-61,4764,0,0,10,1849,874,1174,-300,975,48,48,0,342,7,2508,2349,0,159,-425,-2614
1958:Q1,18783,9147,2623,3716,0,3051,173,73,0,21016,12570,4451,1066,2475,454,-2234,3270,-29,155,910,5657,4514,0,1143,2216,94,1712,-31,42,42,0,275,207,68,0,0,-138,141,121,1073,0,0,16,-952,-1548,-1783,235,596,126,126,0,-102,7,1978,2221,0,-243,-4747,1742
1958:Q2,19854,9308,2867,3966,0,3472,168,73,0,21641,12731,4791,1203,2459,457,-1788,3318,47,244,1239,4389,4611,0,-222,4688,13,3699,4,-29,-29,0,144,87,57,0,0,-177,852,182,4910,0,0,12,2433,3486,3294,192,-1053,125,125,0,-61,11,2390,2148,0,242,-3150,3653
1958:Q3,18907,8925,2713,4525,0,2527,145,72,0,22481,13307,4539,1338,2510,787,-3575,3387,85,234,-507,244,4768,0,-4524,-1490,-9,-5040,26,-19,-19,0,402,349,53,0,0,-130,3180,100,3034,0,0,3,776,707,560,147,69,92,92,0,68,16,2079,2264,0,-185,-751,-5140
1958:Q4,18514,8105,2995,5229,0,1976,138,71,0,22976,13973,4410,1568,2601,424,-4463,3449,-74,370,-1310,-1049,5046,0,-6095,4030,-137,-63,27,-4,-4,0,623,391,232,0,0,-93,3751,-74,10125,0,0,7,7441,7134,7182,-48,307,93,93,0,158,22,2404,2367,0,37,-261,-78
1959:Q1,20122,9076,2812,5054,21,3024,206,68,-139,22035,12329,4826,1856,2832,192,-1914,3492,-35,474,1139,3478,5347,0,-1869,-321,-170,-467,-7,-1,-1,0,713,289,424,0,0,-31,-417,59,1548,0,0,6,-365,-81,22,-103,-284,49,49,0,-30,27,1861,2313,0,-452,-2339,-477
1959:Q2,22441,9518,3139,6048,21,3528,223,70,-106,22526,13119,4630,1881,2741,155,-85,3543,45,301,3112,5480,5455,0,25,2912,315,928,11,4,4,0,794,370,424,0,0,-5,733,132,2887,0,0,15,593,881,928,-47,-288,51,51,0,-123,31,2320,2204,0,116,-2368,539
1959:Q3,21665,9824,3036,5235,21,3387,284,67,-189,23367,13751,4473,1993,2875,275,-1703,3603,187,565,1148,2148,5611,143,-3606,2806,160,1465,-11,9,9,0,461,163,298,0,0,15,886,-179,6412,0,0,5,4189,4276,4502,-226,-87,107,107,0,-10,28,2093,2458,0,-365,-1000,1861
1959:Q4,22375,10048,3224,5236,21,3522,323,68,-67,22580,12601,4649,1901,2993,436,-205,3658,-133,378,3208,-1049,5364,141,-6554,-514,-236,-1268,-35,-13,-13,0,88,-36,124,0,0,20,929,1,6040,0,0,13,3074,3064,3600,-536,10,108,108,0,234,23,2588,2491,0,97,4257,-1311
1960:Q1,22878,10070,3134,5388,22,3805,587,70,-198,22495,12077,5030,1717,3492,179,383,3713,-75,210,3961,5239,5360,73,-194,-1381,-117,-349,-5,45,45,0,202,278,-76,0,0,100,-1398,141,-1187,0,0,13,-3752,-3781,-3697,-84,29,100,100,0,205,21,2226,2464,0,-238,-1278,-593
1960:Q2,24163,10411,3503,5386,25,4297,583,73,-114,23333,12668,4986,1983,3492,204,830,3768,366,235,3997,6507,5335,130,1042,1997,-65,2865,10,-31,-31,0,291,247,44,0,0,-51,-1254,232,955,0,0,9,-1697,-1672,-2126,454,-25,102,102,0,-111,18,2634,2307,0,327,-2510,2582
1960:Q3,23147,10648,3095,4934,24,3987,622,77,-240,23533,13120,4934,1782,3457,240,-386,3819,-84,296,3221,2805,5621,134,-2950,1085,-77,291,-10,-12,-12,0,236,138,98,0,0,-10,568,99,4035,0,0,12,1405,1966,1905,61,-561,101,101,0,81,17,2419,2540,0,-121,416,459
1960:Q4,23367,10710,3340,4842,24,3928,586,82,-144,24037,13113,5163,1801,3437,523,-670,3867,-153,116,3234,-699,5581,115,-6395,-777,-158,-1764,-18,33,33,0,267,138,129,0,0,29,613,221,5618,0,0,13,2531,2235,2120,115,296,102,102,0,281,20,2671,2597,0,74,3933,-1609
1961:Q1,22173,10408,2957,4363,26,4005,565,86,-237,23982,12430,6076,1876,3423,177,-1809,3922,-127,266,1974,2524,6030,95,-3601,-2986,-47,-1760,38,-1,-1,0,621,536,85,0,0,2,-1917,77,615,0,0,5,-1985,-2231,-2662,431,246,54,54,0,85,21,2435,2568,0,-133,-550,-1683
1961:Q2,24190,10615,3474,5215,27,4452,564,86,-242,25290,13303,5949,2080,3437,521,-1100,3973,323,224,2326,4155,6033,140,-2018,1284,129,2156,-12,-23,-23,0,-151,-243,92,0,0,-43,-878,107,3302,0,0,16,837,1115,306,809,-278,54,54,0,-233,22,2606,2356,0,250,-1829,2051
1961:Q3,23695,10806,3153,5280,28,4058,553,91,-274,24915,13394,5731,1901,3494,395,-1220,4038,-112,189,2741,3140,6220,154,-3234,4541,408,1909,12,24,24,0,736,605,131,0,0,49,1400,3,7775,0,0,16,5180,5400,5047,353,-220,57,57,0,154,24,2344,2738,0,-394,-399,1514
1961:Q4,25021,10865,3577,5946,31,4051,597,94,-139,25624,13607,5627,1922,3547,921,-603,4101,-137,225,3410,-830,6362,106,-7298,-183,-330,-2346,-16,-2,-2,0,456,315,141,0,0,-22,1838,239,7115,0,0,17,3850,3291,3165,126,559,57,57,0,253,26,2912,2795,0,117,4241,-1834
1962:Q1,23999,10819,3244,5053,32,4351,613,95,-207,26366,13909,6175,2143,3630,509,-2367,4179,-120,287,1645,2833,6483,145,-3795,-297,-201,353,6,3,3,0,697,646,51,0,0,4,-1208,49,3498,0,0,8,676,377,96,281,299,80,80,0,-208,29,2913,2764,0,149,-1187,332
1962:Q2,26202,11398,3723,5587,36,4923,669,97,-230,26634,14562,5905,2165,3743,259,-432,4230,377,251,3170,7018,6507,177,334,3434,175,3282,10,-30,-30,0,583,588,-5,0,0,41,-780,153,3100,0,0,9,624,571,-293,864,53,81,81,0,55,31,2300,2513,0,-213,-3847,3396
1962:Q3,25853,11945,3379,5389,37,4622,650,100,-269,27806,15547,5785,2036,3830,608,-1953,4330,-138,200,2315,3037,6780,138,-3881,-104,-464,-1009,-30,-3,-3,0,142,143,-1,0,0,65,1131,64,3777,0,0,-8,458,1057,892,165,-599,48,48,0,169,33,3077,2934,0,143,-722,-1569
1962:Q4,27132,12368,3785,5642,40,4729,661,102,-195,27751,15000,5937,2013,3904,897,-619,4431,-81,275,3618,-1930,6730,136,-8795,329,-123,-1673,-1,-5,-5,0,561,534,27,0,0,119,1355,95,9124,0,0,11,5850,5060,4853,207,790,51,51,0,417,32,2763,2947,0,-184,5547,-872
1963:Q1,26403,12279,3345,5159,44,4971,675,110,-180,27791,14549,6668,2214,3950,410,-1388,4495,-117,288,2936,3147,6449,102,-3404,264,53,552,-9,10,10,0,683,732,-49,0,0,287,-1363,52,3668,0,0,9,701,500,73,427,201,25,25,0,-87,33,2987,2923,0,64,-211,477
1963:Q2,28956,12543,3937,6202,48,5628,678,121,-201,27918,15080,6172,2397,4015,254,1038,4567,429,290,4887,8183,6600,175,1408,4311,69,3927,-6,49,49,0,110,453,-343,0,0,253,-366,275,2903,0,0,10,526,776,-733,1509,-250,27,27,0,-206,34,2512,2621,0,-109,-3296,3608
1963:Q3,27803,12418,3505,5969,49,5266,703,114,-221,29371,16119,6010,2141,4101,1000,-1568,4622,-110,321,2843,3515,6988,175,-3648,-716,-136,-2434,-4,-18,-18,0,172,234,-62,0,0,-45,1731,18,2932,0,0,9,-216,337,239,98,-553,4,4,0,167,33,2935,3054,0,-119,-672,-2061
1963:Q4,28175,11898,3899,6368,47,5241,718,118,-114,28419,15459,6118,2096,4188,558,-244,4669,-64,446,4043,-747,6631,75,-7453,-59,50,-2487,10,-12,-12,0,560,505,55,0,0,-10,1721,109,7394,0,0,18,3891,3460,2878,582,431,6,6,0,456,31,2992,3117,0,-125,4791,-2379
1964:Q1,26473,11216,3413,5669,45,5302,873,114,-159,29160,15255,6712,2335,4273,585,-2687,4727,-111,353,1798,4227,6733,183,-2688,547,-15,1346,0,-8,-8,0,706,694,12,0,0,63,-1463,-82,3235,0,0,19,253,384,309,75,-131,-3,-3,0,-113,28,3051,3081,0,-30,-2430,1597
1964:Q2,28746,11375,4192,6434,45,5898,885,104,-187,29254,15766,6344,2512,4333,299,-508,4778,407,342,3521,7129,6774,235,121,2087,-175,2683,-3,-7,-7,0,642,699,-57,0,0,20,-1051,-22,1966,0,0,16,-445,-573,-1715,1142,128,-6,-6,0,-354,24,2731,2834,0,-103,-3609,2198
1964:Q3,27765,11622,3686,6177,45,5376,922,191,-254,30737,16670,6208,2295,4418,1146,-2972,4824,-79,435,1496,2193,6834,243,-4883,1428,-96,-708,-17,6,6,0,791,794,-3,0,0,102,1415,-66,6311,0,0,14,2871,3058,2696,362,-187,18,18,0,174,24,3210,3189,0,21,-698,-1037
1964:Q4,28335,11772,4133,6279,48,5205,852,208,-162,29060,15448,6245,2211,4467,689,-725,4875,-90,367,3873,-1819,6777,-34,-8562,-464,123,-2860,32,-8,-8,0,646,647,-1,0,0,59,1308,236,8098,0,0,-25,4592,3547,3266,281,1045,21,21,0,388,28,3094,3322,0,-228,5692,-2439
1965:Q1,28636,12290,3902,6284,49,5229,828,221,-167,29667,15312,6864,2327,4539,625,-1032,4918,-79,320,3645,4777,6566,149,-1937,1434,-44,1986,-12,6,6,0,753,787,-34,0,0,36,-1150,-141,3371,0,0,34,-79,-165,-593,428,86,24,24,0,7,31,3354,3302,0,52,-1132,1811
1965:Q2,31031,12946,4231,7085,51,5886,842,229,-239,30530,16007,6626,2979,4620,298,500,4974,498,348,4628,8946,6567,39,2341,3177,532,3131,0,7,7,0,676,789,-113,0,0,128,-1386,89,836,0,0,37,-2450,-2108,-3202,1094,-342,26,26,0,48,34,3141,2979,0,162,-4318,3296
1965:Q3,29484,12801,3428,6753,53,5634,851,240,-276,33257,17412,7273,2443,4668,1461,-3774,5034,-51,278,1033,1825,6799,129,-5102,-2232,-169,-4510,-10,22,22,0,484,453,31,0,0,198,1643,109,2870,0,0,48,-802,-1104,-1520,416,302,-15,-15,0,259,35,3345,3431,0,-86,-792,-4199
1965:Q4,31277,13030,3866,7480,53,5993,801,247,-193,32487,17765,6952,2400,4765,605,-1210,5088,-91,274,3694,-2342,6767,156,-9264,851,-58,-2182,0,-2,-2,0,994,897,97,0,0,26,2124,-51,10115,0,0,115,6255,5853,5573,280,402,-16,-16,0,258,34,3469,3657,0,-188,6036,-2073
1966:Q1,31332,13490,3067,7129,54,6728,904,249,-289,33520,17567,7469,3072,4860,552,-2189,5142,-92,298,2747,3915,7252,254,-3590,650,-204,266,0,22,22,0,1189,974,215,0,0,208,-792,-39,4240,0,0,178,567,127,-65,192,440,-15,-15,0,-13,29,3494,3631,0,-137,-1168,-347
1966:Q2,35303,14499,4053,7852,54,7911,938,253,-257,34916,18506,7209,3834,5002,365,387,5224,516,312,4782,10570,7187,137,3247,3530,53,6264,-10,39,39,0,647,435,212,0,0,163,-3753,128,283,0,0,301,-3234,-4753,-6549,1796,1519,-15,-15,0,95,28,3108,3299,0,-191,-5788,6196
1966:Q3,34730,15060,3506,7300,60,7970,986,256,-408,38487,20489,7486,3207,5122,2183,-3757,5300,-104,364,1283,1798,7778,184,-6163,-386,-128,-4309,-10,441,441,0,1466,1173,293,0,0,471,1541,142,5777,0,0,197,1390,2097,2170,-73,-707,-15,-15,0,271,26,3908,3809,0,99,-515,-4418
1966:Q4,36023,15553,3823,7498,60,8011,1058,261,-241,37451,19924,8183,3239,5280,825,-1429,5383,-52,367,3639,-1897,7872,69,-9837,859,24,-2577,-10,808,808,0,606,289,317,0,0,407,1573,28,10696,0,0,223,6188,6085,5557,528,103,-17,-17,0,430,24,3848,3980,0,-132,5536,-1830
1967:Q1,34556,15283,3372,6630,59,8212,1081,228,-309,40036,21075,9214,3630,5387,730,-5480,5462,-90,303,-231,2900,7966,13,-5079,1722,-469,1148,30,414,414,0,1569,1407,162,0,0,497,-1059,-408,6801,0,0,213,2486,1022,1463,-441,1464,-13,-13,0,-108,24,4199,4039,0,160,-3131,978
1967:Q2,36917,15540,3914,7205,60,9150,1130,238,-320,40571,21917,9164,3744,5406,340,-3655,5559,577,114,1214,4924,7739,-133,-2683,-4921,203,939,20,-32,-32,0,824,725,99,0,0,567,-7586,144,-2238,0,0,218,-6948,-8559,-9621,1062,1611,-15,-15,0,418,24,4065,3642,0,423,-3710,423
1967:Q3,36514,16595,3727,6743,62,8379,1137,248,-377,43055,22320,9318,3880,5477,2060,-6541,5664,-144,313,-1046,-1094,8194,240,-9528,3163,247,11,-10,-392,-392,0,1442,1129,313,0,0,311,1514,40,12691,0,0,166,8414,8595,8310,285,-181,-17,-17,0,11,20,4097,4160,0,-63,48,1311
1967:Q4,38270,16967,4151,7541,67,8361,1196,254,-267,42120,22746,9379,3679,5661,655,-3850,5778,-86,465,1549,-4782,8046,-351,-12478,1952,635,-1617,7,-78,-78,0,733,381,352,0,0,93,1994,185,14430,0,0,86,10372,9111,8609,502,1261,-18,-18,0,331,12,3647,4103,0,-456,6331,-1548
1968:Q1,38479,16887,3846,7613,71,8748,1328,245,-259,43944,23565,10228,3693,5876,582,-5466,5893,-208,781,-146,1186,7812,-528,-6098,4204,387,-407,63,-16,-16,0,1556,1155,401,0,0,227,2484,-90,10302,0,0,224,5740,5383,5215,168,357,-18,-18,0,-283,2,4637,4234,0,403,-1332,-222
1968:Q2,42259,17850,4250,8765,76,9961,1374,243,-260,45795,24072,10660,4632,6093,338,-3536,5982,510,594,1342,4544,7842,-225,-3073,-1634,392,50,-9,407,407,0,1180,829,351,0,0,182,-3991,156,1439,0,0,60,-2398,-3319,-4820,1501,921,-18,-18,0,-154,-8,3957,3781,0,176,-3202,-543
1968:Q3,43942,20542,4219,8249,83,9530,1441,234,-355,47933,24415,10685,3920,6242,2671,-3991,6087,-194,773,1517,506,7787,-224,-7057,5400,335,3160,29,-17,-17,0,1384,1018,366,0,0,61,595,-147,12457,0,0,46,7752,6733,6695,38,1019,-14,-14,0,49,-8,4632,4469,0,163,1011,4011
1968:Q4,45898,21156,4557,8964,89,9659,1393,231,-151,46672,24792,10844,4139,6341,556,-775,6193,-111,717,4813,-1902,7678,62,-9641,-1813,785,-5071,18,-240,-240,0,998,672,326,0,0,105,1746,-154,7828,0,0,86,2829,1966,1690,276,863,-16,-16,0,372,0,4557,4576,0,-19,6714,-4438
1969:Q1,45826,22090,4112,8089,95,10144,1366,241,-311,46556,24180,11508,3892,6415,561,-731,6299,-157,610,5115,6982,8109,10,-1138,3298,10,739,-18,-299,-299,0,1134,888,246,0,0,436,1504,-208,4436,0,0,46,181,-31,-127,96,212,-19,-19,0,-343,11,4560,4453,0,107,-1866,301
1969:Q2,49609,23231,4628,8819,98,11482,1433,248,-330,48613,25011,11628,4969,6666,339,996,6408,378,537,6489,11132,7584,44,3503,-3869,423,1357,2,-630,-630,0,1032,757,275,0,0,353,-6559,153,-7372,0,0,58,-11377,-10868,-11956,1088,-509,-25,-25,0,-34,20,3986,4262,0,-276,-4643,805
1969:Q3,47662,23030,4435,7892,101,10891,1487,252,-426,51589,25734,11456,4435,6956,3008,-3928,6501,-37,533,2077,1229,7775,30,-6577,3081,462,407,-52,-118,-118,0,1096,898,198,0,0,263,914,109,9658,0,0,32,4834,6498,6241,257,-1664,-12,-12,0,-161,22,4943,4866,0,77,849,1913
1969:Q4,48738,23349,4637,8245,100,10797,1549,257,-196,50225,25538,11749,4910,7427,601,-1487,6611,-259,617,4766,-1776,7260,19,-9055,1431,699,-950,-89,-250,-250,0,1174,923,251,0,0,-133,939,41,10486,0,0,136,4807,5150,4889,261,-343,-25,-25,0,460,13,5095,5362,0,-267,6541,-2561
1970:Q1,45500,22505,4241,6300,96,10957,1618,254,-471,51452,25509,12634,5126,7881,302,-5952,6738,-56,482,360,2387,7689,-24,-5278,3428,-200,1941,-31,16,16,0,903,816,87,0,0,-168,921,46,8706,867,400,63,1972,2424,2741,-317,-452,-17,-17,0,-165,69,5517,5624,0,-107,-2027,1146
1970:Q2,48008,22799,4650,7193,95,12022,1679,255,-685,55217,25643,14734,6231,8220,389,-7209,6856,533,415,-1301,2940,7622,-80,-4602,-4357,-606,1751,22,-3,-3,0,703,573,130,0,0,-194,-6117,87,245,0,0,24,-4406,-3920,-5691,1771,-486,-24,-24,0,-532,12,5171,5049,0,122,-4241,1342
1970:Q3,45929,22018,4492,6832,92,11329,1700,226,-760,57761,25597,14071,5879,8568,3646,-11832,6966,-185,344,-5025,-4416,7481,-31,-11866,2070,-548,453,158,-4,-4,0,786,738,48,0,0,-162,1383,4,13936,0,0,71,7510,7609,7420,189,-99,-26,-26,0,-120,11,6490,6240,0,250,-609,793
1970:Q4,45690,21531,4698,6797,91,11196,1703,224,-550,55513,25594,14918,5924,8661,416,-9823,7074,-239,337,-2848,-7708,7669,-135,-15242,478,-401,-615,103,-106,-106,0,500,463,37,0,0,-253,1137,112,15720,0,0,64,9443,9364,8463,901,79,-8,-8,0,-221,14,6428,6154,0,274,4860,-527
1971:Q1,45098,20505,4692,6887,89,11766,1702,229,-772,57845,26300,15991,6418,8686,450,-12747,7182,-184,464,-5845,-2643,6911,-584,-8970,736,59,-3128,17,0,0,0,1129,1218,-89,0,0,-436,3140,-45,9706,717,0,98,2079,2786,1637,1149,-707,-14,-14,0,-2,17,6811,6494,0,317,-3202,-3647
1971:Q2,48689,21047,4886,8095,91,13257,1725,229,-641,61019,26823,17386,7546,8689,575,-12330,7253,488,651,-6216,-2898,6898,46,-9842,-423,-493,4139,37,-7,-7,0,874,914,-40,0,0,-860,-4083,-30,9419,0,0,143,3549,3784,1916,1868,-235,-21,-21,0,-393,18,6123,5741,0,382,-3318,4316
1971:Q3,47582,21730,4666,7401,91,12620,1745,231,-902,61860,26812,16527,6729,8852,2940,-14279,7300,-316,440,-7103,-6698,7220,58,-13976,1698,-1135,1144,13,0,0,0,515,584,-69,0,0,-236,1304,93,15674,0,0,114,9138,9579,8745,834,-441,-18,-18,0,-79,19,6500,6734,0,-234,-405,1289
1971:Q4,49338,22521,4748,7716,96,12687,1799,239,-468,60877,26745,16987,7461,9008,676,-11539,7329,-214,-194,-3802,-10113,6770,40,-16923,2610,13,1345,-10,25,25,0,288,470,-182,0,0,-172,1074,47,19533,0,0,135,13024,12691,11435,1256,333,-19,-19,0,-649,17,7025,6662,0,363,6311,1227
1972:Q1,50032,23557,4344,7350,99,13308,1724,258,-608,64172,28071,18426,7911,9132,632,-14141,7402,-229,-134,-6375,-3306,7115,64,-10485,1227,674,-3395,-20,-21,-21,0,823,737,86,0,0,4,3226,-64,11712,710,0,173,3986,3900,3209,691,86,-25,-25,0,-283,30,7121,7230,0,-109,-3070,-2603
1972:Q2,55297,25430,4748,8611,102,14980,1722,276,-572,67346,28709,18042,10450,9296,849,-12049,7466,644,210,-5437,1052,7698,63,-6709,-4796,-65,1536,-8,-1,-1,0,123,168,-45,0,0,10,-6446,55,1913,0,0,153,-3888,-3873,-6805,2932,-15,-18,-18,0,-433,39,6060,5954,0,106,-6488,878
1972:Q3,55491,26549,4611,8190,102,14637,1749,289,-636,66730,27683,17103,8242,9473,4229,-11239,7630,-263,509,-3855,-3838,7072,-92,-10818,1569,-37,-575,118,0,0,0,868,979,-111,0,0,-173,1334,34,12387,0,0,111,5210,4748,3754,994,462,-21,-21,0,242,42,6803,7098,0,-295,-17,19
1972:Q4,58189,27221,4778,9225,100,15333,1796,297,-561,69771,27833,20249,11087,9729,873,-11583,7705,-198,105,-3784,-11582,7464,-749,-18297,2423,-22,1456,-4,5,5,0,35,658,-623,0,0,-660,1533,80,20720,0,0,96,12783,12417,10878,1539,366,-22,-22,0,675,41,7147,6819,0,328,7797,1392
1973:Q1,57198,25238,4704,8950,97,16711,1924,312,-738,70322,28253,21387,9621,10236,825,-13124,7790,-274,67,-5128,-809,8168,-1308,-7669,7987,-98,1646,164,5,5,0,2168,2329,-161,0,0,110,3872,120,15656,0,0,88,8022,7761,7075,686,261,-22,-22,0,-246,43,7771,7538,0,233,-4319,2254
1973:Q2,63094,26634,4997,10389,96,19327,2051,322,-722,72462,28862,21339,10542,10661,1058,-9368,7945,633,428,-2484,-834,8109,-288,-8655,-6554,-1,161,-40,-7,-7,0,-595,435,-1030,0,0,333,-6506,101,2101,0,0,193,-4325,-3908,-7147,3239,-417,-18,-18,0,67,47,6137,6083,0,54,-1650,-369
1973:Q3,63482,28282,5017,9594,92,19057,2146,203,-909,72838,28390,20981,9577,11049,2841,-9356,8200,-351,180,-985,-1100,7680,-1201,-7579,-1616,5,-5200,-140,-2,-2,0,1987,1027,960,0,0,-98,1760,72,5963,0,0,64,-1415,-1857,-1955,98,442,-16,-16,0,241,46,7043,7874,0,-831,115,-5271
1973:Q4,65472,29427,5081,9986,93,19451,2239,211,-1016,71933,29028,21995,9140,11345,425,-6461,8419,-179,230,1907,-3267,7694,-408,-10553,4805,29,1637,-151,2,2,0,298,656,-358,0,0,-71,2378,683,15358,0,0,77,6868,6724,5949,775,144,-15,-15,0,728,39,7661,7480,0,181,5174,1713
1974:Q1,64093,29205,4786,8439,90,19851,2360,251,-889,75812,29670,24460,9314,11546,822,-11718,8498,-266,688,-3642,-3530,8299,-941,-10889,-162,234,-1865,151,2,2,0,-1564,-1490,-74,0,0,209,2393,278,10727,0,0,100,2970,2613,2232,381,357,-20,-20,0,-301,33,7945,7987,0,-42,-112,-1531
1974:Q2,71041,31254,5112,10468,91,22112,2497,271,-764,79644,30119,25664,11186,11844,831,-8603,8658,737,988,-1670,-680,8841,-3485,-6036,-3961,312,1271,-144,-8,-8,0,1531,656,875,0,0,224,-6697,-449,2075,0,0,97,-2146,-2117,-6729,4612,-29,-22,-22,0,121,27,3998,4910,0,-912,-990,374
1974:Q3,72685,33070,5123,11082,92,21187,2596,280,-745,80362,30961,26395,10164,12215,627,-7677,8994,-484,527,1274,1674,9103,54,-7483,4419,920,-1179,44,0,0,0,1749,1397,352,0,0,357,2590,-62,11902,0,0,103,3484,3692,5371,-1679,-208,-31,-31,0,528,26,7792,8428,0,-636,-400,-471
1974:Q4,70682,32996,5043,9576,94,20935,2610,279,-851,84032,32420,28083,10239,12379,911,-13350,9232,-286,928,-4760,-6935,9422,-1302,-15055,3897,-94,-2782,-13,0,0,0,4635,3090,1545,0,0,208,1713,229,18952,0,0,145,10426,10676,10114,562,-250,-33,-33,0,-904,29,9289,7706,0,1583,2175,-2953
1975:Q1,65219,30879,4710,6973,100,20722,2582,274,-1020,89569,32594,31757,11351,12573,1294,-24350,9456,830,1120,-16844,-14344,9403,-193,-23554,3906,300,686,173,0,0,0,2279,2011,268,0,0,97,248,123,27460,0,0,167,19315,19608,16348,3260,-293,-4,-4,0,-877,1144,7715,8092,0,-377,-2500,-124
1975:Q2,63083,23605,5527,9220,108,22866,2631,275,-1149,95285,33422,34048,13891,12867,1057,-32202,9572,908,792,-24330,-19144,9264,-152,-28256,-1328,21,2340,-158,0,0,0,4112,1991,2121,0,0,522,-8291,126,26928,0,100,211,21899,21948,16527,5421,-49,-42,-42,0,597,379,3784,3641,0,143,-5186,1284
1975:Q3,73462,32775,5812,10918,122,22022,2663,276,-1126,93386,33569,33816,11858,13259,884,-19924,9776,-607,1481,-11022,-12553,10435,-63,-22925,8940,241,1645,158,0,0,0,3683,1675,2008,0,0,391,2668,155,31865,0,0,199,22413,22422,24286,-1864,-9,-17,-17,0,879,39,8352,8717,0,-365,1531,1691
1975:Q4,75071,33472,6028,11066,141,22444,2760,281,-1121,96519,34291,34698,12661,13768,1101,-21448,9940,292,1431,-13231,-18543,10751,-25,-29269,5355,123,-1933,-78,0,0,0,3348,1236,2112,0,0,180,3456,259,34624,0,0,260,25814,25816,24708,1108,-2,-27,-27,0,175,719,7683,7793,0,-110,5311,22
1976:Q1,74765,32770,5002,10881,164,23450,2948,315,-765,99687,34278,37244,12642,14218,1305,-24921,10174,-396,1272,-15623,-14876,10889,-210,-25555,9007,536,-1168,48,0,0,0,3440,2749,691,0,0,4,5940,207,34562,0,0,148,23585,23529,22104,1425,56,-22,-22,0,1758,-99,9192,8761,0,431,-747,-786
1976:Q2,82133,34737,5502,13071,180,26109,3007,297,-770,99305,35051,35667,13003,14523,1061,-17172,10265,1082,1129,-9118,-8974,10905,-750,-19129,1449,1196,7505,104,0,0,0,-1569,-432,-1137,0,0,383,-6384,214,20578,0,0,339,15617,15575,7249,8326,42,-22,-22,0,1010,334,3300,2811,0,489,-144,7136
1976:Q3,82634,36581,5514,12630,186,25063,3097,296,-733,100816,34687,35959,14032,14860,1278,-18181,10498,-583,1332,-8432,-6327,11407,-1084,-16650,10912,568,2310,-154,0,0,0,4368,3574,794,0,0,102,3391,327,27562,0,300,-101,16769,16484,16266,218,285,-32,-32,0,1879,53,8694,9236,0,-542,-2105,1162
1976:Q4,83055,37509,5356,12125,184,25163,3041,315,-638,103677,36030,37126,13934,15295,1292,-20621,10734,117,1301,-11305,-15881,11553,-343,-27091,718,125,-4793,161,0,0,0,1700,1628,72,0,0,-35,3340,220,27809,0,400,103,17906,18310,13941,4369,-404,-15,-15,0,443,311,8661,8100,0,561,4576,-4357
1977:Q1,82663,37416,5265,11124,177,25965,3179,316,-779,105994,36170,39328,13507,15511,1478,-23331,10992,-517,-287,-11535,-13072,11919,36,-25027,1567,399,-3027,-141,0,0,0,1412,1195,217,0,0,-181,2988,117,26594,0,0,-11,16535,16689,14566,2123,-154,-33,-33,0,1319,52,8732,9257,0,-525,1537,-2351
1977:Q2,92981,40046,5665,15350,174,29029,3253,351,-887,107581,37744,37877,14668,15944,1348,-14600,11243,882,1362,-5601,-954,12390,-234,-13110,-3088,105,7152,220,0,0,0,753,-449,1202,0,0,-185,-11457,325,10022,0,0,117,438,516,-4352,4868,-78,-30,-30,0,914,167,8416,8203,0,213,-4647,6997
1977:Q3,93708,41665,6012,15256,181,27824,3289,439,-958,109872,38133,38288,15338,16445,1668,-16165,11404,-502,1592,-5851,-5690,12511,-866,-17334,11323,-93,2807,-50,0,0,0,4552,3269,1283,0,0,454,3453,200,28657,0,0,99,25608,26106,16419,9687,-498,-25,-25,0,993,99,1883,2597,0,-714,-161,2975
1977:Q4,94519,43386,5781,13948,195,28260,3283,471,-805,113869,39089,39529,15494,17361,2396,-19351,11630,-51,1369,-9039,-18997,12384,-357,-31024,-826,-76,-7366,118,0,0,0,3148,1668,1480,0,0,-850,4005,195,30198,0,50,45,20426,20469,16421,4048,-43,-25,-25,0,-21,353,9370,9269,0,101,9958,-6529
1978:Q1,92704,42061,5671,12948,217,28724,3583,507,-1007,117695,39290,41431,16546,18490,1938,-24991,11936,-346,1475,-14184,-13651,12563,21,-26235,5002,-250,-5576,-188,0,0,0,4802,3693,1109,0,0,1189,4689,335,31237,0,0,136,19237,19560,15577,3983,-323,-24,-24,0,1110,53,10725,10880,0,-155,-533,-6351
1978:Q2,106581,45777,6469,17455,235,33137,3853,545,-890,120301,41108,40502,17382,19335,1974,-13720,12352,1202,1659,-4229,2380,13488,-797,-10311,3941,-284,10944,361,0,0,0,2941,2084,857,0,0,460,-10611,130,14252,0,0,97,3986,4083,1071,3012,-97,-27,-27,0,616,306,9274,9938,0,-664,-6609,11614
1978:Q3,109536,49539,6538,16624,247,32618,4087,576,-693,121715,41412,41282,16827,20236,1958,-12179,12520,-633,1758,-784,2865,14084,263,-11482,14823,-136,4998,-105,0,0,0,6450,4468,1982,0,0,241,3205,170,26305,0,50,129,21026,21578,11732,9846,-552,-26,-26,0,1102,67,3957,3949,0,8,-3649,4874
1978:Q4,115004,51821,6600,17367,255,34235,4430,600,-305,126155,42371,42187,17719,21051,2827,-11151,12860,210,1880,-381,-12133,14607,-126,-26614,1492,-2464,-5915,-4,0,0,0,3220,2347,873,0,0,835,5457,363,28106,0,0,112,15360,15723,3869,11854,-363,-20,-20,0,1571,264,10819,10284,0,535,11752,-18540
1979:Q1,112426,51662,6269,15094,257,34431,4646,613,-546,128767,42991,45166,16622,21891,2098,-16342,13116,-561,2120,-4785,-4900,14505,-636,-18769,3451,2399,-9526,-7,0,0,0,4094,2136,1958,0,0,239,6042,210,22220,1139,0,276,8353,8981,9593,-612,-628,-26,-26,0,837,-18,11659,11956,0,-297,115,-8244
1979:Q2,122116,54592,6346,17352,270,38736,4874,630,-683,131278,44651,44963,17101,22478,2086,-9162,13464,1087,2010,1205,9182,15039,-63,-5794,5659,-113,11079,38,0,0,0,6698,4988,1710,0,0,741,-12913,129,11453,0,500,323,-2975,-2528,-151,-2377,-447,-41,-41,0,1017,263,12366,10255,0,2111,-7977,9701
1979:Q3,124708,58180,6480,16651,294,38013,5265,643,-818,134657,44660,47341,17615,23069,1973,-9949,13871,-547,2317,2152,5136,16252,-683,-10434,12964,-1269,6330,24,0,0,0,4675,3099,1576,0,0,332,2780,92,23398,0,0,280,19964,20040,11169,8871,-76,-25,-25,0,1298,2,1879,2957,0,-1078,-2984,6775
1979:Q4,127773,60447,6589,16052,327,38618,5703,657,-620,139683,46533,48598,18488,24018,2047,-11911,14140,243,2581,-595,-11575,15945,-1468,-26052,468,393,-8668,10,0,0,0,3815,2458,1357,0,0,1089,3733,96,26520,0,0,231,18567,18699,17354,1345,-132,-26,-26,0,-909,271,8386,10432,0,-2046,10980,-7634
1980:Q1,125095,58433,6454,15400,370,38444,6110,684,-800,148151,48174,52999,19090,25563,2325,-23056,14470,-649,2660,-10597,-6198,16993,-658,-22533,9760,2228,-6843,-98,0,0,0,6818,4322,2496,0,0,1525,6078,52,32293,1152,1168,216,15443,15507,24515,-9008,-64,-21,-21,0,842,-32,13525,12571,0,954,-4399,-8123
1980:Q2,131306,60903,8575,13119,400,42050,6505,708,-954,152038,51317,53113,18630,26816,2162,-20732,14888,886,2616,-9346,-4236,17259,188,-21683,-3797,-255,6233,-151,0,0,0,6567,4478,2089,0,0,478,-16791,122,17886,0,50,140,7619,7808,13212,-5404,-189,-32,-32,0,638,244,9227,10579,0,-1352,-5110,5584
1980:Q3,134808,63845,9335,14550,414,40544,6493,695,-1068,157740,51235,58589,18823,27017,2076,-22932,15251,-744,2322,-9259,-5781,17675,-475,-22981,16469,844,8054,230,0,0,0,5227,3973,1254,0,0,1127,709,278,39450,0,250,76,37326,37438,28548,8890,-112,-29,-29,0,585,18,1224,1115,0,109,-3479,7134
1980:Q4,142487,67441,9299,15544,413,42593,6961,1055,-819,164527,53896,59138,20477,28133,2883,-22040,15784,-22,2627,-8861,-17135,18322,-3123,-32334,2923,2144,-9980,-191,0,0,0,5001,3334,1667,0,0,648,5200,101,35257,0,-750,132,25991,26119,27300,-1181,-128,-22,-22,0,201,335,9370,10969,0,-1599,8274,-8433
1981:Q1,145920,68168,12212,13238,396,44430,7572,868,-963,172401,55517,62327,20251,31508,2798,-26481,16164,-675,2515,-12157,-12542,18775,51,-31368,19388,3231,2252,26,0,0,0,7639,6264,1375,0,0,642,5572,27,50756,1093,300,110,31391,31445,36620,-5175,-54,-30,-30,0,1429,-32,16495,13426,0,3069,386,-1645
1981:Q2,156324,71671,13243,13116,384,49926,7990,745,-750,173563,58046,61412,19162,32384,2559,-17238,16667,970,2317,-3858,4076,19888,-1330,-14482,-10442,853,-2658,-66,0,0,0,7350,5812,1538,0,0,762,-17183,500,4040,0,250,99,-1111,-952,-43,-909,-159,-27,-27,0,22,334,4473,11103,0,-6630,-7934,6596
1981:Q3,158883,75018,12267,13539,373,49093,8575,754,-736,178350,58808,64969,18148,33936,2489,-19467,17100,-872,2002,-3497,-3261,20544,-3264,-20541,12517,435,6854,-90,0,0,0,4810,4077,733,0,0,638,-415,285,33058,0,250,108,29307,29369,21868,7501,-62,-28,-28,0,-275,-24,3720,-120,0,3840,-236,3040
1981:Q4,159934,76308,12207,11784,364,49561,9114,761,-164,184822,61187,66298,18511,35601,3225,-24887,17591,-296,2011,-9011,-28640,21217,-983,-48874,-1092,114,-6072,-12,0,0,0,4155,2862,1293,0,0,500,58,165,47782,0,0,128,35996,36062,37595,-1533,-66,-24,-24,0,-637,360,11959,11189,0,770,19629,-8001
1982:Q1,149095,71811,10573,6783,334,49420,9508,988,-322,189631,62228,68540,18714,36700,3449,-40536,18115,-653,1302,-23070,-22816,21122,-883,-43055,5581,1019,995,129,0,0,0,3184,2611,573,0,0,1079,-1101,276,48636,0,250,104,29535,30133,32858,-2725,-598,-26,-26,0,1052,35,17686,14268,0,3418,-254,800
1982:Q2,157107,73242,10281,8873,332,54114,9765,1064,-564,191797,62915,69380,18537,37727,3238,-34690,18723,1184,1788,-18939,-11579,22538,-257,-33860,-7397,1093,-1767,174,0,0,0,5408,4375,1033,0,0,1256,-14071,510,26463,0,250,87,11110,11131,11111,20,-21,-32,-32,0,1860,364,12824,11083,0,1741,-7360,-131
1982:Q3,156882,75805,9936,9419,330,51461,9756,1131,-956,196698,65534,71872,17298,38983,3011,-39816,19093,-688,1872,-21908,-23973,22724,-126,-46571,24718,836,17098,28,0,0,0,5212,5266,-54,0,0,-116,1352,309,71289,0,400,71,69539,69581,59899,9682,-42,-30,-30,0,1485,10,-186,-343,0,157,2066,16353
1982:Q4,155579,74738,10166,8767,376,51049,9583,1198,-298,207891,67707,76195,19853,39271,4865,-52312,19449,-412,2193,-34644,-50002,23567,-2426,-71143,-741,1488,-9897,141,0,0,0,2399,1587,812,0,0,2573,2282,273,70402,0,400,95,63306,63398,59763,3635,-92,-31,-31,0,356,437,5839,11005,0,-5166,15358,-9772
1983:Q1,148833,69330,9824,7325,288,51868,9507,1197,-506,208758,68208,78044,18599,39722,4185,-59925,19421,-333,2629,-42800,-39325,24061,10,-63396,6509,1504,-3928,-177,0,0,0,1230,1659,-429,0,0,1273,6115,492,69905,0,0,112,52925,52889,56120,-3231,36,-15,-15,0,221,28,16634,14881,0,1753,-3475,-3870
1983:Q2,162162,70804,11358,11707,311,57670,9505,1277,-470,212526,70080,78103,19082,40784,4477,-50363,20133,992,2135,-33357,-28267,24972,-3658,-49581,12194,281,12668,-201,0,0,0,3812,3023,789,0,0,1082,-5710,263,61775,0,0,133,49174,49217,41012,8205,-43,-32,-32,0,1926,405,10169,10864,0,-695,-5091,12623
1983:Q3,164697,72918,11542,13570,305,55907,9780,1326,-651,212999,72822,75235,18243,42513,4186,-48301,20668,-796,2392,-29229,-23038,26232,-1294,-47976,13352,-111,8654,35,0,0,0,2252,1890,362,0,0,291,1920,311,61328,0,0,137,59482,59506,43830,15676,-24,-14,-14,0,1697,52,-26,-543,0,517,-6192,8439
1983:Q4,169073,73721,11659,14514,307,57623,10146,1420,-317,217661,68912,75836,20947,43952,8014,-48588,20902,583,2653,-30922,-42992,27071,-7,-70056,-18336,1219,-25657,-108,0,0,0,1679,1181,498,0,0,1120,3058,353,51720,0,0,86,38251,38260,34436,3824,-9,-20,-20,0,1167,473,11763,11325,0,438,12070,-24324
1984:Q1,168049,71526,11458,13814,331,59535,10479,1524,-619,222397,70715,78427,20335,45700,7221,-54349,21524,705,2584,-36113,-31175,27499,-706,-57968,15762,539,2027,140,0,0,0,1590,1910,-320,0,0,1319,9572,576,73730,0,0,174,46895,46932,47530,-598,-37,-37,-37,0,2590,86,24022,16613,0,7409,-4938,1722
1984:Q2,181218,73934,11874,16812,332,66401,10942,1572,-650,222968,73976,78076,20077,47103,3737,-41751,21978,1835,2859,-24466,-28319,28370,-1558,-55131,-4500,613,67,25,0,0,0,2692,2449,243,0,0,2285,-10490,308,50631,0,0,155,34561,34573,29128,5445,-12,-24,-24,0,2609,454,12876,11684,0,1192,3853,-242
1984:Q3,179796,77314,12065,14532,307,63824,11054,1586,-887,225350,74756,77525,19503,49697,3870,-45555,22907,5,3072,-25724,-24214,28660,-1079,-51795,18990,701,15705,98,0,0,0,3121,4153,-1032,0,0,1262,-2402,506,70785,0,0,83,66768,66775,51200,15575,-7,-28,-28,0,1756,53,2153,1154,0,999,-1510,16835
1984:Q4,182107,79119,11903,14026,334,64368,11295,1592,-530,236970,76765,79387,23640,51327,5852,-54863,24173,317,3298,-34305,-44255,31065,-614,-74706,243,742,-12534,269,0,0,0,9347,7769,1578,0,0,216,1789,414,74949,0,0,141,67553,67564,60135,7429,-11,-11,-11,0,188,491,6587,11311,0,-4724,9951,-12053
1985:Q1,189320,86553,11439,12417,354,65734,11729,1762,-667,240505,77018,82642,21857,52065,6924,-51185,23629,807,2665,-31028,-28649,30907,47,-59603,7643,85,-4563,-69,0,0,0,6451,6250,201,0,0,2079,3255,405,67246,0,0,277,51137,51151,44347,6804,-14,-25,-25,0,3017,36,12804,6718,0,6086,-2379,-4188
1985:Q2,191431,76915,11447,14752,462,73258,11877,3201,-481,241853,78373,82149,21671,53286,6375,-50422,24054,409,3373,-30150,-26673,32581,-48,-59206,6501,244,10378,-27,0,0,0,6494,5997,497,0,0,1731,-12393,74,65707,0,0,18,49844,49853,33165,16688,-9,-20,-20,0,2877,469,12519,10769,0,1750,-3477,10597
1985:Q3,197498,85912,11799,16844,544,68991,12137,1813,-542,242861,81714,82172,21889,53630,3457,-45363,24351,-20,3365,-24357,-27667,34500,-1131,-61036,3765,-3,-6337,83,0,0,0,7069,6489,580,0,0,1040,1594,318,64801,0,0,80,60723,60729,38075,22654,-6,-13,-13,0,2807,56,1148,1192,0,-44,3310,-6425
1985:Q4,197477,87073,11367,14456,579,69926,12189,1820,67,249751,83276,82919,24519,54761,4277,-52274,24937,335,3789,-31461,-52838,34541,-70,-87309,13892,1580,13513,53,0,0,0,-2009,-2572,563,0,0,-1171,1538,388,101201,0,100,12,103922,103920,77587,26333,2,-11,-11,0,1939,547,-5308,1901,0,-7209,21377,14379
1986:Q1,197313,85391,10896,14338,367,71866,12775,1827,-146,251363,81953,86258,23139,55642,4371,-54049,25234,872,3303,-32991,-37976,33474,-9,-71441,-9154,19,-18663,373,0,0,0,3142,3141,1,0,0,-497,6286,186,62287,0,0,211,35116,35170,35807,-637,-54,-11,-11,0,2059,30,24882,18704,0,6178,4985,-19480
1986:Q2,208788,87106,10688,16869,396,79474,12467,1884,-96,260580,84926,85873,24523,56069,9189,-51792,25718,724,3427,-30225,-33883,34631,-1858,-66656,6971,-119,12380,25,0,0,0,3964,3716,248,0,0,706,-10336,351,73627,0,100,93,56766,56764,26432,30332,2,-9,-9,0,4973,496,11208,10564,0,644,3658,13148
1986:Q3,205207,88620,11151,17136,437,73872,12726,1677,-412,260230,86547,87855,24866,56177,4785,-55023,26099,220,3505,-32649,-34057,36971,-2,-71026,8655,-479,7304,-190,0,0,0,2828,2776,52,0,0,-948,378,-238,79681,0,200,76,68940,68546,65105,3441,394,-12,-12,0,5912,73,4492,4706,0,-214,1408,7059
1986:Q4,206600,89484,10963,17679,513,73721,11951,2223,67,261676,86346,88675,24095,56316,6244,-55075,26537,480,2875,-31894,-48189,36810,-1155,-83844,549,-163,-612,-23,0,0,0,742,-480,1222,0,0,-1583,1979,209,84393,0,0,109,84747,84698,55426,29272,49,-4,-4,0,1674,443,-2576,867,0,-3443,16295,-745
1987:Q1,213091,94404,10898,17749,465,75662,11690,2405,-181,263461,85522,89635,22604,56747,8953,-50370,26925,206,2855,-26506,-26159,36492,-1,-62650,-17396,-1334,-22207,-112,0,0,0,-2656,-2366,-290,0,0,5275,3296,342,45254,0,0,128,24978,23992,15988,8004,986,-9,-9,0,2311,127,17719,18521,0,-802,-347,-22864
1987:Q2,235001,102890,11196,22176,500,84207,11671,2693,-332,264314,87676,90442,22667,57284,6245,-29313,27274,495,3112,-5646,12423,38179,-47,-25709,24225,-1774,30992,252,0,0,0,727,774,-47,0,0,1484,-7579,123,49934,0,0,107,37657,38124,22091,16033,-467,-2,-2,0,1299,489,10384,9627,0,757,-18069,32699
1987:Q3,225540,97046,11886,23916,481,78075,11527,2534,75,262982,86722,91162,21610,58288,5200,-37442,27718,922,2865,-13511,-12933,39014,-206,-51741,-10912,-125,-2972,-53,0,0,0,-5862,-608,-5254,0,0,1080,-3392,411,40829,0,0,114,35807,36033,17143,18890,-226,-3,-3,0,2447,1031,1433,1667,0,-234,-578,-2688
1987:Q4,225859,98648,11960,21609,594,79486,11050,2574,-61,274471,90421,90229,24216,59996,9609,-48612,28190,-506,3059,-22975,-44335,38758,-184,-82909,-13878,-2131,-13888,131,0,0,0,-67,-369,302,0,0,139,1488,449,69031,0,0,120,75740,74497,47725,26772,1243,-1,-1,0,1420,-442,-7806,1286,0,-9092,21360,-15021
1988:Q1,228674,96911,12229,20413,531,83543,12713,2246,89,278364,88689,96243,24630,61031,7771,-49690,28912,164,2988,-23930,-29842,36457,45,-66344,3581,-1041,-2451,-79,0,0,0,-1477,-1579,102,0,0,1151,7306,171,69925,0,0,129,37204,37327,32357,4970,-123,0,0,0,2669,21,29902,19585,0,10317,5912,-1080
1988:Q2,245513,100097,12598,23639,687,94634,11270,2307,281,276980,90948,95375,23956,61152,5549,-31467,29474,746,3263,-6003,-3992,36951,607,-41550,2478,-146,18053,72,0,0,0,-1059,-371,-688,0,0,116,-14833,275,44028,0,0,100,26460,24529,11953,12576,1931,1,1,0,2545,520,14402,8880,0,5522,-2011,16423
1988:Q3,242306,102409,12440,25003,598,87988,11417,2466,-15,273986,89087,95529,23548,62215,3607,-31680,29986,60,3078,-4833,-11285,36938,-595,-47628,8788,3613,5439,-225,0,0,0,1817,2733,-916,0,0,-1325,-795,265,56416,0,0,120,53068,47844,30861,16983,5224,-2,-2,0,1111,37,2082,2775,0,-693,6452,4588
1988:Q4,245938,104428,12560,24708,558,88614,12181,2588,301,293058,94725,95796,26797,63517,12223,-47120,30543,379,2782,-19738,-50000,37643,-213,-87430,-19879,-1036,-12046,-15,0,0,0,-8754,-9205,451,0,0,132,1513,326,67551,0,0,162,71174,60772,37630,23142,10402,-4,-4,0,1641,595,-6017,-513,0,-5504,30262,-9551
1989:Q1,253271,108304,13137,24911,750,90763,12476,2715,215,296654,91711,103582,26063,65809,9489,-43383,30996,-72,3051,-15365,-20040,37139,31,-57210,-2123,1948,-19031,-72,0,0,0,494,508,-14,0,0,1708,12572,258,55087,0,350,140,33154,33448,31722,1726,-294,-1,-1,0,2638,22,18784,20521,0,-1737,4674,-19670
1989:Q2,266763,112250,12409,24588,616,101195,12647,2813,245,299270,97624,104083,25162,67315,5086,-32507,31451,869,2741,-4666,5609,37632,-387,-31636,13352,6082,25854,-47,0,0,0,-495,349,-844,0,0,1392,-19638,204,44988,0,3150,180,18018,16735,5629,11106,1283,-1,-1,0,3477,527,19637,8639,0,10998,-10274,28538
1989:Q3,261613,115299,11805,23705,684,92954,13018,3136,1012,295865,95421,103678,25838,67847,3081,-34252,31945,-70,2548,-4785,-19505,38635,-182,-57958,927,2943,-8886,-130,0,0,0,-2794,-2799,5,0,0,181,169,9444,58885,0,0,110,50719,48944,30696,18248,1775,-1,-1,0,1598,-8,6467,3494,0,2973,14720,-2977
1989:Q4,260827,117242,12390,22364,690,93050,12372,3123,-404,310049,98128,105511,28325,68689,9396,-49222,32478,522,2972,-20238,-47984,37813,-198,-85599,-2543,1711,-12116,106,0,0,0,-226,-347,121,0,0,-87,2606,5463,83056,0,0,137,79019,80164,50036,30128,-1145,0,0,0,906,616,2378,-1548,0,3926,27746,-11810
1990:Q1,258493,113809,12602,20994,672,95569,12594,3030,-777,317996,99483,111584,28998,70079,7852,-59503,32756,-76,3149,-29820,-24144,38977,-108,-63013,9378,1598,-12269,148,0,0,0,9991,2632,7359,0,0,2204,8383,-677,72391,0,0,150,53531,46138,12504,33634,7393,1,1,0,-2625,-4,21338,21504,0,-166,-5676,-10015
1990:Q2,278245,117895,12665,24455,722,107370,12566,3126,-554,322406,101075,113258,30382,71254,6437,-44161,33104,502,1423,-12982,8850,39879,-340,-30689,29045,-326,16128,-74,0,0,0,10160,-584,10744,0,0,1008,-16540,18689,59734,0,0,161,44377,43034,30090,12944,1343,-3,-3,0,1407,548,13244,9448,0,3796,-21831,15957
1990:Q3,275657,120553,12091,26410,760,99855,13028,3359,-399,319548,99043,113963,28875,73303,4364,-43892,33610,4,2336,-12621,-6785,39816,-359,-46242,25278,-1053,4851,124,0,0,0,15168,1528,13640,0,0,-998,2853,4333,71520,0,0,99,76752,77082,58788,18294,-330,-1,-1,0,-521,35,-4844,3068,0,-7912,-5836,6762
1990:Q4,275234,119851,13554,22652,876,99247,15862,3794,-602,330953,104568,114378,29631,74410,7966,-55719,34024,415,9700,-31810,-47621,39534,26,-87182,3017,593,-3870,-56,0,0,0,-1683,-5514,3831,0,0,-3949,76,11906,90199,0,1500,543,105591,105844,73298,32546,-253,0,0,0,-4058,609,-13986,-1179,0,-12807,15811,-4376
1991:Q1,266428,112517,14550,20551,666,99986,13462,4137,560,320184,105616,122008,10988,75221,6351,-53755,34550,-8,3748,-22945,-23359,38816,38,-62213,15382,329,5244,-103,0,0,0,9830,170,9660,0,0,-860,7473,-6530,77595,0,0,-298,44656,50656,48075,2581,-6000,1,1,0,-2758,61,35933,22663,0,13270,413,-2673
1991:Q2,285118,115447,15279,22603,672,113358,12708,4234,818,338309,108116,124799,23060,76031,6303,-53190,34863,799,2954,-22080,-8258,40367,37,-48662,6078,-442,6805,244,0,0,0,7385,-1285,8670,0,0,-918,-13993,6997,54740,0,0,112,52503,54053,39716,14337,-1550,-1,-1,0,593,572,961,7891,0,-6930,-13823,10847
1991:Q3,279255,117648,15895,24056,641,103796,12712,4369,138,338763,105446,124447,29232,76095,3543,-59508,35279,233,6305,-30767,-40099,39202,34,-79335,19468,-1884,-9342,-17,0,0,0,-892,-3408,2516,0,0,-566,-1106,33275,98803,0,0,100,109947,117145,103302,13843,-7198,0,0,0,324,-109,-11459,2968,0,-14427,9332,-1421
1991:Q4,277021,117979,16041,21949,623,103473,11903,4447,607,358975,106961,129007,35117,77011,10879,-81953,35404,490,2500,-49539,-68729,38414,40,-107183,18968,-612,24694,24,0,0,0,-5841,-423,-5418,0,0,-2289,671,2321,126151,0,0,126,109487,108533,82392,26141,954,0,0,0,-3683,672,19549,-2830,0,22379,19190,7702
1992:Q1,278951,114832,15448,24421,663,107309,11022,4370,886,365272,105047,137705,38587,76609,7324,-86321,35452,-293,2588,-53164,-63041,38561,52,-101655,-843,565,-28732,350,0,0,0,4227,28,4199,0,0,668,14320,7759,100812,0,0,18,77068,79859,83140,-3281,-2791,0,0,0,-873,-116,24715,23938,0,777,9877,-30147
1992:Q2,298302,118377,15295,27375,651,120573,10766,4316,949,368908,107207,139072,39793,76978,5858,-70606,35677,852,3182,-38963,-28701,39227,52,-67980,12686,-647,29365,300,0,0,0,-4908,-172,-4736,0,0,-2574,-17416,8566,80666,0,0,72,73262,73165,58696,14469,97,-2,-2,0,1402,613,5319,8176,0,-2857,-10262,26396
1992:Q3,286391,121263,16037,23914,648,109325,10308,4411,485,368443,109708,139606,38671,76919,3539,-82052,35853,239,2732,-49170,-52584,39142,45,-91771,2161,-827,12039,-26,0,0,0,-7080,110,-7190,0,0,-3251,30,1276,93932,0,0,47,91061,88804,73563,15241,2257,0,0,0,-697,167,3354,2384,0,970,3414,12944
1992:Q4,290710,123024,16515,26284,676,106758,10331,5322,1800,386235,110098,141596,45181,76381,12979,-95525,36286,344,2830,-62413,-93439,39463,40,-132942,-36885,-822,-29525,-1301,0,0,0,-4180,33,-4213,0,0,-1520,2683,-2220,96057,0,-2000,83,102379,101712,76930,24782,667,0,0,0,-2633,775,-2547,-3534,0,987,31026,-26065
1993:Q1,292454,120963,15194,25980,718,113495,10900,5016,189,378120,105804,144501,41350,77691,8774,-85666,36516,69,3111,-52330,-42095,38131,56,-80282,839,675,-7854,62,0,0,0,-5762,-1332,-4430,0,0,-281,14453,-454,81121,0,0,72,51875,51085,54380,-3295,790,0,0,0,1130,3,28041,24951,0,3090,-10234,-12473
1993:Q2,315777,126239,16016,31462,645,125512,10809,4949,145,384835,106972,147638,42964,77963,9298,-69058,36616,528,2501,-35471,-29704,37894,39,-67638,8276,-473,39150,-101,0,0,0,-6266,-758,-5508,0,0,-1629,-21465,-940,75914,0,0,90,70616,69596,49277,20319,1020,0,0,0,1550,640,3018,7364,0,-4346,-5767,39216
1993:Q3,311067,129505,16832,31544,668,113872,10683,4940,3023,386652,109022,147923,42249,78126,9332,-75585,36716,-84,3125,-41910,-44291,37113,25,-81429,-17454,349,-7593,-9,0,0,0,-4340,-1122,-3218,0,0,182,-1873,-4170,63975,0,0,106,60893,56835,42630,14205,4058,-1,-1,0,2016,69,892,2067,0,-1175,2381,-9244
1993:Q4,311741,130981,18316,33497,709,112638,10252,5249,99,394969,107690,149864,50842,77659,8914,-83228,37179,179,2664,-48892,-75383,37541,34,-112958,-4863,436,-2954,-15,0,0,0,-9235,-7326,-2262,353,0,-660,5804,1761,108095,0,0,178,109820,107889,82614,25275,1931,-1,-1,0,-1745,681,-838,-3961,0,3123,26491,1705
1994:Q1,312469,129622,18932,28035,750,118647,10755,5680,48,390431,107182,153265,44371,77309,8304,-77962,37251,-142,2110,-42679,-38942,35437,-17,-74362,-5043,79,-4434,-88,0,0,0,-12039,-6507,-5529,-3,0,-707,13966,-1820,69319,0,0,164,43313,43639,52718,-9079,-326,0,0,0,513,6,25323,24562,0,761,-3736,-11576
1994:Q2,342960,138394,19465,34504,774,133530,10826,5381,86,390690,105194,152686,45646,79156,8008,-47730,37472,235,2839,-13332,-7450,35949,-234,-43165,-19278,-1840,6814,-34,0,0,0,-2768,-1135,-1637,4,0,-770,-25744,5064,23887,0,0,159,17152,15973,7113,8860,1179,0,0,0,1051,679,4846,7314,0,-2468,-5882,6233
1994:Q3,337339,137277,20132,37450,785,121869,11132,5511,3183,397656,110313,154167,44276,80998,7902,-60317,37622,173,2930,-25798,-32452,37408,352,-70212,-17209,1,-15568,33,0,0,0,-359,618,-1181,204,0,-406,1061,-1971,53003,0,0,192,51376,50652,39749,10903,724,0,0,0,-508,98,1845,2951,0,-1106,6654,-14971
1994:Q4,336577,139788,20457,36264,833,122106,11387,5019,723,406191,106634,155708,52503,83377,7969,-69614,37984,244,3060,-34934,-42000,36569,-27,-78541,4514,-943,-8544,-34,0,0,0,9514,8894,-5687,6307,0,-1896,4455,1961,83055,0,0,171,81651,83070,62588,20482,-1419,0,0,0,-1276,485,2024,-4654,0,6678,7066,-6381
1995:Q1,337694,139915,18478,35282,919,126399,11460,4717,524,412467,107656,161930,48380,86089,8412,-74773,38281,174,3417,-40083,-24220,37463,-41,-61642,13752,3355,-7285,438,0,0,0,-2284,-102,-2191,9,0,394,22796,-3662,75394,0,0,184,56991,57298,73541,-16243,-307,0,0,0,-1542,50,19711,25716,0,-6005,-15863,-10271
1995:Q2,365737,148294,18669,40335,902,140691,11903,4465,478,415961,107644,163789,47942,88010,8576,-50224,38354,1224,3557,-16651,822,37321,-693,-35806,8688,1832,45359,-72,0,0,0,-5587,-634,-4290,-663,0,-1225,-30318,-1301,44494,0,0,170,35601,35199,25075,10124,402,0,0,0,-741,431,9033,7687,0,1346,-17473,40417
1995:Q3,360018,149292,19376,42625,1026,127894,11778,4282,3745,415831,109109,163611,45493,88908,8710,-55813,38449,725,3227,-21316,-37587,36788,-7087,-67288,-21873,1260,-21141,-1,0,0,0,-2457,-192,-3220,955,0,-1272,295,1443,45415,0,2150,197,34613,34511,26938,7573,102,0,0,0,-378,74,8759,3174,0,5585,16271,-21779
1995:Q4,353983,152796,19030,37689,1069,126919,12107,4072,301,415283,104565,164554,48041,89319,8804,-61300,38444,609,2751,-26216,-55763,36136,-108,-91792,-30057,-8,-16935,-113,0,0,0,-14335,-12535,-3816,2016,0,512,-639,1461,61735,0,0,127,38049,36766,48195,-11429,1283,8914,0,8914,-1802,464,15983,12407,0,3576,29547,-14110
1996:Q1,360372,156064,18009,39105,1171,130075,11598,4245,105,425521,105667,170872,50402,89781,8799,-65149,38504,432,3288,-30365,-15734,38665,-293,-54106,31557,515,1418,95,0,0,0,8551,8097,-1900,2354,0,806,21900,-1727,85663,0,0,-1,84986,85566,78985,6581,-580,-8914,0,-8914,341,92,9159,12792,0,-3633,-14631,-990
1996:Q2,395984,168546,17766,45143,1175,147189,11540,4477,148,426514,106038,171765,50628,89304,8779,-30530,38398,1363,2664,3841,30650,37872,-175,-7047,-7904,438,18146,3301,0,0,0,862,331,-972,1503,0,-1182,-28569,-900,-857,0,0,-45,-11657,-12219,-24059,11840,562,-1,-1,0,1439,608,8799,5850,0,2949,-26808,18475
1996:Q3,389112,170164,18224,44973,1318,134176,11898,4692,3667,427182,108560,172217,47398,90293,8714,-38070,38484,358,2220,-2164,-17568,37211,-410,-54369,-4152,-4078,982,-1023,0,0,0,-1001,-1104,-2387,2490,0,594,190,184,50217,0,-450,586,52406,53174,41938,11236,-768,-1,-1,0,745,39,-3108,4301,0,-7409,15405,5416
1996:Q4,390878,173635,18855,41318,1491,133973,11753,9313,540,436511,109093,174790,53407,90610,8611,-45633,38279,720,2759,-10833,-49135,36054,-3907,-81282,-12139,246,-9583,-937,0,0,0,-4491,-4677,-1956,2142,0,701,6153,-4228,69143,0,0,-1,74273,75097,42426,32671,-824,-2,-2,0,-1424,-122,-3581,-8396,0,4815,38303,-10042
1997:Q1,394277,178376,17471,41188,1189,138911,11660,4808,675,433187,107498,176607,50044,90546,8492,-38910,38388,423,2259,-3204,-5196,34423,-318,-39301,20168,-2806,-1208,50,0,0,0,4842,4241,-2240,2841,0,786,21454,-2951,59469,0,-518,109,38170,38525,45975,-7450,-355,-2,-2,0,-1583,710,22583,27095,0,-4512,1993,-6339
1997:Q2,425034,184799,19752,46217,1163,155708,11733,4942,720,438767,110803,178752,49716,91192,8304,-13733,38643,866,2374,21670,61304,35876,-6911,32339,-14281,158,18185,844,0,0,0,380,-1382,-611,2373,0,625,-32715,-1757,-46620,0,0,39,-59694,-59755,-71108,11353,61,0,0,0,-978,551,13462,7852,0,5610,-39634,21512
1997:Q3,424912,190530,20430,49780,1238,141920,11600,5189,4225,435601,108955,178633,47998,91769,8246,-10689,38633,147,2171,25626,17824,36996,-1025,-18147,-2548,666,-9013,-513,0,0,0,6137,4563,-1155,2729,0,-3485,4362,-702,15599,0,0,313,26180,26410,7547,18863,-230,0,0,0,-2616,-24,-8254,1937,0,-10191,7802,-10009
1997:Q4,423165,196117,20184,45151,1506,142894,11234,5125,954,451796,112314,181717,57340,92093,8332,-28631,38641,232,1846,7932,-27702,36427,-547,-63582,-6076,4451,-8506,638,0,0,0,-33,-1524,-530,2021,0,-1166,-3417,1957,57506,0,0,-1,58755,58318,18486,39832,437,0,0,0,-3100,500,1352,-8000,0,9352,35634,-7372
1998:Q1,426999,197840,19300,41967,1157,148321,12241,5226,947,439342,104925,180465,53527,92086,8339,-12343,38554,64,902,25245,24990,35143,-746,-9407,26437,350,-4068,-410,0,0,0,3867,393,-288,3762,0,1704,23634,1360,35844,0,0,80,14671,15279,11310,3969,-608,0,0,0,-1665,180,22578,28507,0,-5929,256,-6412
1998:Q2,456662,205193,20035,45985,1208,165798,12065,5364,1014,445248,109228,182371,53100,91910,8639,11414,38866,2013,633,47634,110398,36755,-2789,76432,16539,1453,44871,245,0,0,0,2573,720,-336,2189,0,-177,-33924,1498,-59893,0,0,56,-70739,-70379,-96983,26604,-360,0,0,0,-1370,653,11507,7888,0,3619,-62764,39653
1998:Q3,454505,211658,20667,47522,1365,151437,12015,5403,4438,443699,109120,182045,51898,91551,9085,10806,38893,260,977,48462,30840,38373,-2125,-5408,-21217,1957,-35311,320,0,0,0,1618,-1474,-314,3406,0,2026,6496,1677,-15809,0,0,425,-14049,-13946,-37260,23314,-103,0,0,0,-571,3,-1617,3349,0,-4966,17623,-31454
1998:Q4,451671,216507,20696,42207,1950,151845,11841,5473,1152,460151,114567,185462,60241,90022,9859,-8480,39097,735,1255,28627,-36904,37407,-365,-73946,-27088,2267,-22176,1164,0,0,0,-2470,-2088,94,-476,0,-2051,-6394,2572,46858,0,0,-1,58711,55665,26964,28701,3046,0,0,0,-3965,456,-8343,-8516,0,173,65531,-14588
1999:Q1,450949,212931,19709,42983,1392,156371,11121,5471,971,448515,108512,183488,57712,88297,10507,2434,39142,340,426,40810,48560,36370,-67,12257,35099,-2291,6703,-856,0,0,0,3137,-638,-345,4120,0,1593,25594,1219,22842,0,-1000,0,-2901,-2518,6440,-8958,-383,0,0,0,473,169,26101,28401,0,-2300,-7750,1743
1999:Q2,487132,221800,20272,48485,1547,176211,11327,6447,1043,456892,113019,187125,57413,88184,11152,30240,39384,1027,1318,67279,132857,38761,-204,94300,9743,-1181,31466,207,0,0,0,2182,127,-96,2151,0,673,-25450,1846,-84557,0,0,517,-97823,-97973,-111458,13485,150,0,0,0,2436,674,9639,8305,0,1334,-65577,27133
1999:Q3,483369,228458,21497,49128,1631,160837,11653,5736,4430,458099,115320,186950,56838,87487,11505,25270,39572,390,1899,62553,47029,39167,-859,8721,6464,-2033,2981,517,0,0,0,4822,767,385,3670,0,1148,-2169,1198,-2257,0,-1000,500,-3598,-3606,-14072,10466,8,0,0,0,1457,57,327,3957,0,-3630,15525,4414
1999:Q4,485125,234239,21954,46961,1551,161406,12479,5777,758,473945,119639,191023,63452,88216,11616,11180,40055,628,6416,44191,174,40562,-87,-40301,22762,-1589,25021,803,0,0,0,-5793,-7302,-22,1531,0,1191,2258,871,63063,0,-1000,-1,74236,74228,48136,26092,8,0,0,0,-4167,501,-6506,-8167,0,1661,44018,26125
2000:Q1,499017,238985,20974,50054,1786,167913,12318,6269,718,468340,114327,193669,60441,88757,11146,30677,40512,-707,2426,69470,34004,38180,-87,-4089,-9031,476,-39813,89,0,0,0,3373,40,-943,4276,0,2570,22425,1849,-4942,0,0,540,-38596,-38080,-19122,-18958,-516,0,0,0,6129,292,26693,28603,0,-1910,35466,-35949
2000:Q2,531439,247770,21946,52080,1977,188298,12622,6024,722,479841,121921,195779,61927,88975,11239,51598,40710,487,2367,89454,190096,39607,-124,150613,-18581,-2082,11366,251,0,0,0,965,-899,23,1841,0,1460,-31490,949,-169194,0,-2000,798,-179173,-179632,-187449,7817,459,0,0,0,1333,656,9192,7845,0,1347,-100642,13194
2000:Q3,522375,254343,22426,48704,1856,171632,12885,6234,4296,472624,119920,192102,61012,88273,11317,49751,40934,-24,2873,87836,61781,39221,-293,22853,-8917,-386,-5079,523,0,0,0,3242,-867,-328,4437,0,778,-8708,713,-31770,0,-1000,1057,-39749,-39143,-44296,5153,-606,0,0,0,1420,54,6448,4482,0,1966,26055,-6478
2000:Q4,515579,258524,21905,43258,1944,170727,13233,6406,-418,487920,120146,200787,67660,87723,11604,27659,40964,426,5463,62734,16650,40380,-121,-23609,-33312,1343,-31537,91,0,0,0,470,-1038,388,1120,0,479,-5225,1067,-9703,0,-1000,-1,-17457,-17162,-25446,8284,-295,0,0,0,-3219,438,11536,10959,0,577,46084,-25902
2001:Q1,511699,257127,21069,35761,2000,175488,14422,6320,-488,497390,121643,209200,67913,86641,11993,14309,40994,34,3112,52156,23457,38934,-1167,-14310,31400,-289,5196,2045,0,0,0,1900,-2234,-590,4724,0,3506,18092,950,45710,0,0,398,32005,32564,19586,12978,-559,0,0,0,2941,159,10207,10046,0,161,28700,-21422
2001:Q2,538674,261604,21450,38655,1809,195449,13795,6411,-499,503502,126685,209562,71056,84090,12109,35171,41069,1596,3419,71225,172781,41232,-176,131725,-3142,1260,18080,1478,0,0,0,685,-1476,-136,2297,0,2176,-27659,838,-134867,0,0,326,-145801,-146082,-159637,13555,281,0,0,0,951,593,9064,8044,0,1020,-101556,16796
2001:Q3,483937,225916,21444,33868,1998,177771,13287,6372,3281,501262,125991,213057,65012,81569,15633,-17325,41188,-135,4489,19508,-10982,41049,-107,-51924,33308,3467,2407,1812,0,0,0,2979,-254,-849,4082,0,3819,18575,249,85232,0,0,558,81952,82040,79172,2868,-88,0,0,0,2722,7,-7,5333,0,-5340,30491,3052
2001:Q4,497899,251382,21320,29297,2123,174554,12094,6624,505,515013,131890,218738,74138,78925,11322,-17115,41198,239,4594,19250,-38301,42629,0,-80930,-9370,127,15412,-1144,0,0,0,-1698,-3863,460,1705,0,-2177,-19766,-124,71560,0,0,0,87056,87239,56889,30350,-183,0,0,0,-3395,626,-12727,-9060,0,-3667,57551,6814
2002:Q1,460593,206229,20861,26963,1892,185139,11972,6516,1022,521170,132118,228270,75512,75084,10186,-60576,41369,-218,8181,-27170,-59251,42122,20,-101393,-28784,-484,-41875,4706,0,0,0,3296,-296,-30,3622,0,428,5215,-71,72609,0,0,234,38736,39185,53506,-14321,-449,0,0,0,1385,-68,32322,30157,0,2165,32081,-34209
2002:Q2,477420,204043,21500,34044,1992,196800,11701,6220,1121,536796,138869,232121,78999,76998,9809,-59376,41543,9,5526,-23367,15999,45419,16,-29436,14932,1798,29967,-5385,0,0,0,682,640,-263,305,0,-1238,-11455,564,44368,0,0,150,29921,29474,18025,11449,447,0,0,0,2016,1000,11281,9300,0,1981,-39367,24634
2002:Q3,454838,202330,22563,34836,2017,173131,11543,6056,2362,534208,143963,232756,73068,74508,9913,-79370,41806,-266,4205,-41503,-15458,47121,-125,-62454,38816,1356,24191,8563,0,0,0,3439,-164,-450,4053,0,-2180,1995,1452,101270,0,0,604,100610,100215,84503,15712,395,0,0,0,152,-29,-67,6171,0,-6238,-26045,25771
2002:Q4,477921,219731,21900,30120,2163,184356,11167,6179,2306,546414,145884,234758,80520,74682,10570,-68492,42098,-2852,10150,-33692,-73648,47489,-187,-120950,-17659,706,-29403,9181,0,0,0,602,-702,1263,41,0,-283,465,1073,103291,0,0,0,112824,112719,84890,27829,105,0,0,0,-3036,670,-7167,-8827,0,1660,39956,-17808
2003:Q1,475478,205168,22210,37350,1951,189465,11104,6382,1848,555652,149639,241415,80589,72251,11758,-80174,42424,-1952,10793,-46591,-84409,46613,-192,-130830,11735,-140,-23807,-9180,0,0,0,289,0,-2350,2639,0,13384,31793,-604,142565,0,0,141,41044,41439,112264,-70825,-395,49520,0,49520,23034,19,28807,30497,0,-1690,37818,-29385
2003:Q2,485354,198892,22181,39389,2690,202484,11621,6429,1668,578318,156784,243094,90624,73617,14199,-92964,42789,-65,13725,-63835,-38189,48807,-330,-86666,9565,137,18893,9368,0,0,0,-1405,-495,55,-965,0,3154,-21862,1280,96231,0,0,401,117171,117042,62784,54258,129,-49520,0,-49520,18088,420,9671,8673,0,998,-25646,27705
2003:Q3,437778,170280,22950,43985,2080,179035,11435,6480,1533,574239,163101,245053,82182,72173,11730,-136461,43262,-509,12686,-105376,-96305,49665,-225,-145745,717,507,12161,-18677,0,0,0,-324,-1046,-425,1147,0,-311,7043,319,146462,0,0,23,117086,117072,81936,35136,14,0,0,0,18484,137,10732,9439,0,1293,-9070,-15257
2003:Q4,496993,204290,22867,55059,2522,192292,11442,6940,1581,584777,161574,248267,89971,73679,11286,-87784,43774,523,10590,-55123,-107226,50078,-96,-157208,12084,-2278,2005,-6698,0,0,0,-824,-125,246,-945,0,2853,16353,673,169292,0,0,-1,145406,147563,115132,32431,-2157,0,0,0,12551,550,10786,-5665,0,16451,52103,-7904
2004:Q1,485985,194297,23212,47901,2404,199341,10350,7118,1362,595564,166818,255389,88778,73612,10968,-109579,44335,-1038,12936,-77143,-103470,49466,-108,-152828,11275,-640,-31482,-558,0,0,0,6354,1311,2006,3037,0,6358,30532,711,164103,0,0,196,122070,121804,149007,-27203,266,0,0,0,8685,-12,33164,33321,0,-157,26327,-12982
2004:Q2,510251,191035,23357,61567,2262,212683,10566,7403,1378,602395,166714,255576,92717,76566,10823,-92144,44847,-63,10247,-57481,-16005,51605,-188,-67422,995,-1198,23633,264,0,0,0,-4045,-1873,-1497,-675,0,3332,-21819,828,68417,0,0,289,48739,49650,33935,15715,-911,0,0,0,5470,472,13447,12195,0,1252,-41476,23370
2004:Q3,484319,194181,24527,54277,2124,189565,10893,7619,1133,604329,176562,257823,81846,76846,11253,-120011,45309,115,12021,-86838,-60831,53692,-141,-114382,-6088,-490,-11297,133,0,0,0,1412,-1181,181,2412,0,-1131,4067,1217,108294,0,0,174,98420,98458,85470,12988,-38,0,0,0,3498,54,6148,6053,0,95,-26007,-8215
2004:Q4,547148,223506,24168,68459,3319,207390,11630,7701,975,618903,173233,261745,91953,78999,12974,-71756,45995,15,11539,-37315,-86576,53656,-196,-140036,-1952,-788,-11864,155,0,0,0,-1304,-1150,912,-1066,0,1932,9438,478,138084,0,0,30,133619,133541,97682,35859,78,0,0,0,-2253,572,6116,-11073,0,17189,49261,-5276
2005:Q1,551612,223403,23958,73724,2718,208144,11304,7861,500,635210,178681,270609,93020,78810,14090,-83597,46677,-29,16454,-53346,-110550,53275,-226,-163599,32911,-5399,-2025,-9,0,0,0,-4077,-7693,265,3351,0,698,44026,-304,196510,0,0,199,153112,153297,142756,10541,-185,0,0,0,10650,1,32548,32443,0,105,57205,-7372
2005:Q2,579054,225258,25012,80263,2490,225412,11925,8389,305,647593,177057,271562,95871,88022,15081,-68538,47278,733,12700,-34693,52704,55314,-280,-2330,-12764,725,11581,-701,0,0,0,-994,-658,153,-489,0,4709,-28958,874,-10434,0,0,270,-34048,-33702,-70618,36916,-346,0,0,0,10041,418,12885,12617,0,268,-87397,8769
2005:Q3,566043,234156,25626,77675,3280,204842,12217,8219,28,649491,186952,275155,86827,85154,15403,-83448,47916,-500,29084,-64116,-49089,56843,-1031,-104901,-140,-4803,1088,382,0,0,0,2994,-746,961,2779,0,2130,-2961,1030,104761,0,0,229,86804,86898,52733,34165,-94,0,0,0,9928,70,7730,6563,0,1167,-15027,2767
2005:Q4,607671,254400,24815,87828,3217,214998,13065,9242,106,665846,182760,278630,96103,92389,15964,-58175,48664,-181,14271,-23601,-97312,56581,-253,-153640,9432,-4940,1510,-635,0,0,0,-881,5,1007,-1893,0,1687,12511,180,163072,0,0,81,140999,140800,98261,42539,199,0,0,0,3045,647,18300,-8225,0,26525,73711,433
2006:Q1,622223,262171,24424,80119,2661,229211,13686,9249,702,680872,191722,297603,91338,86369,13839,-58649,49351,-484,12249,-21063,-108945,57611,-361,-166195,9919,-574,-28147,98,0,0,0,2781,-695,441,3035,0,-1524,35868,1416,176114,0,0,144,141981,142234,154526,-12292,-253,0,0,0,3548,76,30365,34386,0,-4021,87883,-28665
2006:Q2,633178,252888,24509,89108,2748,239353,14524,9502,546,695247,189616,298859,97206,96772,12793,-62069,49992,-39,12728,-24766,100192,59406,-392,41178,-2172,482,38100,38,0,0,0,1585,352,1722,-489,0,2348,-44811,86,-43350,0,0,189,-70226,-70283,-86079,15796,57,0,0,0,7396,555,18736,15548,0,3188,-124958,37334
2006:Q3,612220,254625,25588,94084,2952,210307,14723,9595,346,692371,192686,300891,89289,97126,12378,-80151,50665,-463,11925,-40948,-6861,58789,-620,-65030,97,-1112,5201,3247,0,0,0,1534,-222,903,853,0,-708,-9014,949,65127,0,0,250,58298,58552,46374,12178,-254,0,0,0,640,137,5802,5044,0,758,-34087,9963
2006:Q4,670659,286163,24726,102648,5361,226811,14884,9786,280,691735,191026,304159,92521,91945,12083,-21075,51278,-338,11959,18582,-73946,59836,-12870,-120912,-23313,-1518,-17875,-3162,0,0,0,57,1211,640,-1794,0,-11711,10362,534,97599,0,0,-1,89095,88971,39682,49289,124,0,0,0,-5362,734,13133,-10583,0,23716,92528,-24087
2007:Q1,670653,293563,23105,81939,3036,241178,17429,10277,127,715728,192487,314696,99074,97567,11905,-45075,52099,130,16419,-9525,-103734,59628,-536,-162826,14936,-58,-25562,-99,0,0,0,4747,421,814,3512,0,1834,33512,561,177762,0,0,102,136901,137230,126153,11077,-329,0,0,0,9613,361,30785,35324,0,-4539,94209,-24676
2007:Q2,677333,282010,23040,90991,3424,249949,17113,10242,564,734000,196738,317305,100610,107468,11880,-56668,52811,-17,14958,-18798,110087,63065,-1269,48291,-21294,-144,20715,-128,0,0,0,629,146,806,-323,0,2280,-45559,913,-69585,0,0,-331,-120841,-120817,-129219,8402,-24,0,0,0,14167,567,36853,30646,0,6207,-128885,18665
2007:Q3,643753,282967,24382,84355,3249,219436,17246,11143,975,732085,204714,320224,92453,102904,11791,-88333,53578,-339,15114,-49529,-24834,63605,-181,-88258,48460,-46,50152,-82,0,0,0,2105,-1022,-19,3146,0,2985,-7391,737,136718,0,0,-351,121957,122160,108565,13595,-203,0,0,0,6801,-16,8327,4269,0,4058,-24696,50408
2007:Q4,676072,312360,24099,70955,4182,236735,16264,11004,473,745672,206534,324404,102820,100039,11876,-69601,54316,-209,12919,-27995,-106552,63739,-1347,-168944,-42535,-126,-20163,1490,0,0,0,-619,-1758,482,657,0,-5903,-16965,-249,126409,0,0,-101,132375,132189,90629,41560,186,0,0,0,-1262,653,-5256,-22720,0,17464,78557,-16910
2008:Q1,666432,307612,22912,54428,3674,248756,17718,10991,341,760445,211500,335443,101235,100277,11989,-94013,55252,-652,14978,-53086,-153711,63791,-2661,-214841,19283,95,-11415,941,0,0,0,5663,-290,511,5442,0,1345,21871,783,234124,0,0,-227,185138,184819,197967,-13148,319,0,0,0,19269,-87,30031,35283,0,-5252,100625,-9542
2008:Q2,662639,289115,23399,59127,3625,257521,18319,11296,237,851918,215055,418938,105179,100567,12178,-189279,56115,-147,12804,-145821,15278,67953,-5459,-47217,-44157,1123,9672,-2006,0,0,0,5174,951,2968,1255,0,3087,-60184,-1023,3060,0,0,-117,-41848,-41911,-35522,-6389,63,0,0,0,25853,488,18684,13566,0,5118,-161099,4660
2008:Q3,619061,281857,23986,57086,3838,226948,13791,11261,294,802785,226494,364016,96314,103498,12462,-183724,56927,-484,16103,-142416,-180179,69383,-2455,-247108,303005,-72,317668,1075,3311,3311,0,12084,411,3028,8645,0,2413,-11847,-21627,550113,0,0,-297,545321,545744,536863,8881,-423,0,0,0,939,-116,4266,1328,0,2938,37764,319804
2008:Q4,632545,298047,23690,31320,5800,241273,16035,16141,240,790465,225846,360289,107316,84055,12958,-157919,57564,-619,12241,-111977,-218600,70562,-9819,-279343,300714,3070,-2804,-1274,51116,51116,0,16207,5098,6957,4152,256340,-2690,-13051,-6200,580057,0,0,-191,613891,613643,564058,49585,248,0,0,0,-24238,693,-10098,-33468,0,23370,106623,-6317
2009:Q1,559193,233951,21247,28334,3387,239827,15864,16442,141,814350,222519,387302,114779,76410,13339,-255156,57833,138,13782,-211243,-292411,67738,-6940,-353209,105064,873,-97939,153,52284,52284,0,27369,14729,905,11735,90911,267,28338,2808,458273,0,0,-1,443350,444148,470152,-26004,-798,0,0,0,-17451,-58,32433,42260,0,-9827,81168,-97309
2009:Q2,563346,204831,23130,38734,3437,251645,21678,19603,288,892427,234951,415724,135021,93165,13565,-329081,58133,-678,16800,-287070,-201945,70912,-1212,-271645,81963,3567,48380,-116,44031,43659,372,36897,24080,5445,7372,-31969,3221,-17352,-4695,353608,0,0,-1,342727,343001,344601,-1600,-274,0,0,0,-10197,515,20564,14682,0,5882,-85125,48465
2009:Q3,529315,198428,23428,42870,2835,219591,26726,15018,419,882712,237876,411161,123594,93615,16465,-353397,58493,-808,19149,-313245,-286150,71996,-407,-357739,79398,48828,-42863,308,23131,22957,174,60477,23755,7769,28953,13425,-22514,9954,-11348,437137,47598,3000,-250,394614,393686,396975,-3289,928,0,0,0,-10797,35,2937,3384,0,-447,-27096,-42708
2009:Q4,587616,229342,23580,43024,3109,239600,32727,16136,99,893157,240220,416357,131665,91343,13571,-305541,59181,41,20369,-266769,-237724,71976,-307,-309393,-20010,-1345,-81820,-8,23094,23080,14,51605,3726,-1558,49437,-71772,-2074,13983,48327,289383,0,0,-100,325137,324844,263906,60938,293,0,0,0,-16726,606,-19534,-43426,0,23892,-29045,-81610
2010:Q1,589162,223864,22819,53058,3058,239019,30718,16644,-18,924544,239994,444769,135189,91298,13294,-335382,59829,-730,20929,-295752,-350473,71319,-194,-421598,77890,681,24920,103,-9990,-10011,21,17682,3884,-1310,15108,-1360,1392,43017,1446,499488,0,0,0,461084,460998,482308,-21310,86,0,0,0,7783,-95,30716,35989,0,-5273,54720,25276
2010:Q2,613630,225836,23647,56395,3401,257043,31018,16704,-415,941402,250594,442305,138525,96635,13343,-327772,60633,-275,25687,-292551,-260641,74852,-432,-335061,40473,124,71471,-187,-10995,-11066,71,16357,-1977,1297,17037,18686,-3005,-35370,-16608,375534,0,0,-1,348733,348464,344431,4033,269,0,0,0,4059,177,22566,16232,0,6334,-31910,70026
2010:Q3,593952,228833,25337,56928,3155,227302,35591,17569,-763,941438,255414,442770,134481,95167,13606,-347485,61226,-922,23310,-308648,-260740,75576,-282,-336034,75498,1030,20455,-60,-10824,-10929,105,54643,866,-5410,59187,4919,710,-1800,6425,411532,0,0,-275,406786,406665,397724,8941,121,0,0,0,-1935,165,6791,4225,0,2566,-47907,20596
2010:Q4,647282,265036,24977,53005,4248,247539,36458,17225,-1206,955004,254667,444131,143819,98388,13999,-307721,62053,-799,21638,-266508,-248822,75503,-43,-324282,85989,-256,32043,196,-15056,-15179,123,42083,2277,4,39802,1816,197,20214,4752,410271,0,0,0,429314,429124,365510,63614,190,0,0,0,-858,615,-18800,-40049,0,21249,-17686,33047
2011:Q1,646499,277994,25708,61692,3388,225495,36581,17060,-1418,945568,244511,448198,136248,102105,14506,-299069,62957,-732,21862,-257242,-316230,73149,-51,-389328,-106891,4065,-224025,-438,-10778,-10777,-1,56164,5324,701,50139,15327,1729,51937,-872,282437,0,0,0,246086,245788,268153,-22365,298,0,0,0,2587,70,33694,36047,0,-2353,58988,-224945
2011:Q2,644060,272869,26806,53767,3376,237957,33604,17135,-1454,974595,254520,448257,142885,114067,14866,-330535,63561,-487,24577,-291064,-162572,74295,-168,-236699,-7656,6200,18656,130,-34770,-34770,0,25166,6853,1665,16648,12396,2306,-39066,1326,229043,0,0,0,6053,6014,204325,-198311,39,104574,0,104574,9209,432,108775,108934,0,-159,-128492,19075
2011:Q3,623816,281305,27962,48521,4100,216028,30864,16695,-1659,942982,254629,448999,119170,105253,14931,-319166,64096,-1404,21477,-275143,-287083,74924,-401,-361606,-47356,3996,-78438,144,-33153,-33087,-66,56381,14163,-2,42220,242,1211,2096,165,314250,0,0,0,496243,495759,293201,202558,484,-104574,0,-104574,-2435,289,-75273,-84415,0,9142,11940,-79477
2011:Q4,658403,298594,28148,59973,4202,223726,29357,16167,-1763,943772,249603,451049,123943,104018,15159,-285369,64324,-674,21294,-241665,-271191,73298,-266,-344223,29577,1966,26190,-105,-39517,-39496,-21,20020,-2882,934,21968,12324,-485,8848,337,373800,0,0,0,390306,390020,317744,72276,286,0,0,0,-251,472,-16727,-42220,0,25493,29526,27345
2012:Q1,679796,293768,27995,63989,3849,238412,38319,15118,-1655,935993,248021,449324,121695,102467,14486,-256197,64925,-860,20057,-210470,-330919,71334,-336,-401917,19795,1160,-42467,86,-29655,-29630,-25,53045,14848,1564,36633,-4940,1337,44499,-3270,421712,0,0,0,381855,382690,400607,-17917,-835,0,0,0,6056,106,33695,38450,0,-4755,120449,-41931
2012:Q2,678844,276981,28137,76967,4023,245077,35693,13787,-1821,952168,248774,448498,127364,113131,14401,-273324,65304,-523,20012,-227508,-113971,72466,-316,-186121,45198,3250,46883,228,-1472,-1461,-11,28974,1253,621,27100,-4519,1665,-31223,1412,231319,0,0,0,204500,204465,183856,20609,35,0,0,0,4460,360,21999,15429,0,6570,-113537,48071
2012:Q3,640136,278337,29308,66977,4112,216636,34354,12405,-1993,938543,257867,449561,118993,98161,13961,-298407,65651,-729,18991,-251019,-139439,73043,-343,-212139,29775,774,-5471,-34,-97,0,-97,41602,-2608,496,43714,-2470,1301,-4140,-1690,241914,0,0,0,249504,249578,232608,16970,-74,0,0,0,-4190,-55,-3345,2057,0,-5402,-111580,-6174
2012:Q4,701571,317299,29723,66767,4717,237833,32760,14783,-2311,946329,244589,452402,125741,108865,14732,-244758,65758,-498,27083,-205585,-300070,70446,-969,-369547,-19372,-928,7720,-103,-27,0,-27,-33633,-52624,-1050,20041,-1250,-1658,11668,-1161,350175,0,0,0,344719,344234,304788,39446,485,0,0,0,6507,-124,-927,-9558,0,8631,94485,7504
2013:Q1,733264,301714,30086,72155,4282,275700,35203,16355,-2231,932700,239842,460335,121005,96787,14730,-199436,65910,-494,17865,-150896,-217245,66933,-487,-283691,72691,834,-13747,-419,-44,0,-44,47353,2574,1791,42988,-1290,-1622,42334,-708,356382,0,0,0,347824,348077,345185,2892,-253,0,0,0,-4296,41,12813,9929,0,2884,66349,-13737
2013:Q2,817468,312539,30647,76058,4279,287280,93714,15471,-2520,953555,240985,458350,129271,110040,14908,-136087,66287,-257,15973,-85515,70920,67197,-748,4471,30537,-248,55403,234,-20,0,-20,17669,2448,-113,15334,-694,3288,-41663,-3432,26066,0,0,0,-104444,-104780,-4963,-99817,336,12800,0,12800,9331,183,108196,108824,0,-628,-156436,55607
2013:Q3,750621,326017,32218,75846,4633,255352,43908,15282,-2636,948802,244574,459933,123163,106259,14872,-198181,66561,-754,15794,-146660,-118264,68465,-904,-185825,3928,-1042,-46091,46,-13,0,-13,41680,1247,929,39504,-2576,-1413,9504,3832,189753,0,0,-350,52206,52070,195423,-143353,136,101705,0,101705,5975,-124,30341,38601,0,-8260,-28397,-46397
2013:Q4,837637,362580,32526,74372,4933,273448,70299,22154,-2675,935702,231529,461772,124427,103239,14734,-98064,67119,-409,14642,-45178,23337,67053,-340,-43376,257459,-2802,74011,-326,-5,0,-5,165108,148299,1366,15443,-280,3002,14488,4263,300835,0,0,0,561713,562324,270598,291726,-611,-114505,0,-114505,3089,130,-149592,-169015,0,19423,-68516,74107
2014:Q1,835988,359038,33615,80771,5458,289405,51715,17914,-1927,952177,236861,468187,127461,105115,14553,-116188,67456,-459,16742,-65015,-110420,64272,-325,-174367,105699,-1007,-20266,-27,-2,0,-2,80392,38877,482,41033,-138,1840,42162,2745,280066,0,0,0,249424,249908,264317,-14409,-484,0,0,0,183,-20,30479,34358,0,-3879,45405,-20111
2014:Q2,831999,336241,33368,93710,4982,298890,44424,22212,-1828,979818,234940,474181,137553,118648,14496,-147819,67473,-89,16335,-96592,36467,66282,-444,-29371,-46226,757,-3244,319,-19,0,-19,-17222,-33055,585,15248,-270,665,-31875,4663,-16855,0,0,0,-43550,-43582,-50993,7411,32,0,0,0,626,138,25931,19183,0,6748,-133059,-2588
2014:Q3,792085,336272,34872,85955,5025,265484,37458,28721,-1701,987377,248343,476996,136287,111329,14422,-195292,67606,-602,16210,-143293,-264788,66856,-1584,-330060,-102139,-1015,19034,60,0,0,0,-103806,-145762,734,41222,-1059,-10517,-7577,2741,227921,0,0,-250,230264,230442,208261,22181,-178,0,0,0,-1682,306,-717,2567,0,-3284,121495,19332
2014:Q4,831930,372177,34437,79213,4922,286276,38121,18406,-1622,969981,231057,481232,139567,104000,14125,-138051,67684,-781,15591,-85176,-132884,66390,-250,-199024,74686,-2539,64775,326,0,0,0,14206,1055,-77,13228,-170,2858,-6852,2082,273710,0,0,0,299789,299272,225082,74190,517,0,0,0,-2221,346,-24204,-38010,0,13806,47708,65927
2015:Q1,853389,382551,34469,81819,5494,299465,32770,17897,-1076,993274,238115,491407,142711,107169,13872,-139885,67950,-475,15877,-87337,-113089,64981,-190,-177880,-23664,-4174,-123318,-206,0,0,0,42032,133,866,41033,-110,1777,55514,4820,154216,0,0,0,17935,18178,125849,-107671,-243,60920,0,60920,14455,-521,61427,70019,0,-8592,25752,-123616
2015:Q2,866110,367946,35259,91973,5458,311945,33849,20629,-949,996726,234335,497047,144895,106466,13983,-130616,67823,-366,14198,-76625,100723,66637,-30404,64489,135215,-903,154409,-157,-20,0,-20,16048,2080,-113,14081,146,323,-38970,4339,70726,0,0,0,-80938,-81457,63951,-145408,519,66645,0,66645,-1324,231,86112,85421,0,691,-177347,153848
2015:Q3,826534,369204,34735,83912,5819,276598,40429,16523,-686,1010060,247057,499572,142170,106971,14290,-183526,67960,-735,15864,-130695,-108282,67716,-184,-175815,-35665,-305,-55796,215,-17,0,-17,32237,-1943,-1004,35184,-50,-795,-13862,2708,140150,0,0,-551,22764,23319,142188,-118869,-555,72350,0,72350,3723,-145,42009,43948,0,-1939,-22413,-55332
2015:Q4,902008,412878,35856,71384,5407,302772,53119,21128,-536,1008194,234669,502242,148073,108677,14533,-106186,67765,-826,14009,-51604,-162433,67281,-122,-229592,161052,-1011,135109,-314,0,0,0,15742,3087,-463,13118,-10,11402,-2258,2392,390644,0,0,0,764811,764352,356154,408198,459,-199915,0,-199915,-2313,327,-172266,-193033,0,20767,110829,134543
2016:Q1,858703,383672,34033,71486,6157,304478,38334,20778,-234,1019799,237768,506831,148604,111562,15034,-161095,67481,-395,15512,-108731,-147132,66260,-106,-213286,68612,-1072,-19501,52,0,0,0,38726,-2259,901,40084,0,2733,42603,5070,281898,0,0,0,236129,236244,238106,-1862,-115,0,0,0,17765,-99,28103,34296,0,-6193,38400,-19731
2016:Q2,871077,373703,33368,79856,5894,322913,34702,21218,-577,1026214,236734,510083,150638,113303,15456,-155137,67780,-557,14322,-101122,57749,66932,-8237,-946,31424,182,49771,115,0,0,0,7973,-3368,-47,11388,-30,-897,-28669,2979,32370,0,0,0,7952,7835,-15455,23290,117,0,0,0,1958,195,22265,18472,0,3793,-158871,49710
2016:Q3,857057,385412,34627,84524,5880,294720,35032,17266,-403,1045312,251183,512699,151507,114309,15614,-188254,68043,-500,14818,-134529,-165520,67515,-462,-232573,26815,1650,-10900,-93,0,0,0,33555,-2121,159,35517,-20,950,-620,2293,259388,0,0,-550,258590,258783,230318,28465,-193,0,0,0,1389,16,-57,1503,0,-1560,30991,-10436
2016:Q4,876498,405164,34411,75997,6122,302492,32110,20422,-220,1041129,240963,515857,154299,114901,15109,-164630,68484,-513,15866,-111500,-162068,67351,-91,-229328,79488,1454,46338,-302,0,0,0,17634,2821,2173,12640,-10,1001,10759,2615,308816,0,0,0,339994,339898,258257,81641,96,0,0,0,8263,2,-39443,-62047,0,22604,50568,45749
2017:Q1,907632,412135,31286,59279,5894,328481,40579,29777,201,1049369,243813,524038,151881,114903,14734,-141737,68708,-352,15537,-88214,-207681,67164,-156,-274689,-226224,-268,-306698,-294,0,0,0,35666,-1041,-1035,37742,1,-1728,42455,4641,48465,0,0,0,-110304,-110073,42783,-152856,-231,107638,0,107638,3685,-285,47731,61076,0,-13345,119467,-307187
2017:Q2,885489,389063,32168,67438,6081,336589,35480,18378,293,1050635,243265,527938,147528,117505,14399,-165146,69017,-593,15485,-111021,46832,69459,-144,-22483,36187,125,88632,95,0,0,0,10214,-1122,90,11246,-130,2736,-64030,-1455,58670,0,0,0,-75287,-75450,42789,-118239,163,33790,0,33790,6188,-127,94106,90135,0,3971,-157853,88719
2017:Q3,846054,388577,33488,66932,6158,299424,32460,18753,262,1067930,249896,532258,150282,120159,15335,-221876,69409,-619,23153,-175001,-130909,70061,-1838,-199132,11287,-68,-21347,156,0,0,0,36130,-1119,1953,35296,-10,698,-7182,2909,210419,0,0,-250,432406,432429,190269,242160,-23,-129383,0,-129383,5413,162,-97929,-103039,0,5110,-44092,-21590
2017:Q4,885157,424862,33987,51756,6391,319178,30580,18255,148,1078830,248174,536329,156100,123375,14852,-193673,69905,-583,-236099,112914,89100,72026,-91,17165,334277,-1524,69259,428,0,0,0,13772,2602,-832,12002,0,-1632,249179,4795,317112,0,0,0,200155,200128,278526,-78398,27,139633,0,139633,2198,77,-24951,-42013,0,17062,23813,69903
2018:Q1,896090,416920,36873,40872,6352,344602,29799,20483,189,1103263,255277,548932,157464,127192,14398,-207173,70570,-332,13804,-150075,-290546,70754,-75,-361224,138286,-23,60529,-78,0,0,0,37253,780,419,36054,3989,2835,31400,2381,499510,0,0,0,615356,615089,460101,154988,267,-151678,0,-151678,26188,104,9540,11896,0,-2356,140471,61063
2018:Q2,888890,389701,37919,53045,6541,352838,28445,20415,-14,1116144,256685,552684,159232,133241,14302,-227254,71228,-382,15370,-171014,31584,72501,-105,-40812,29366,3118,43987,66,0,0,0,11824,871,954,9999,1,1100,-36659,5930,70178,0,0,0,43579,44730,39028,5702,-1151,0,0,0,1009,-154,25744,17773,0,7971,-202597,43126
2018:Q3,861399,388113,41333,53247,6488,313719,32478,26299,-279,1133710,267064,556420,157946,137956,14324,-272311,71773,-675,15270,-215133,-157817,74742,-102,-232457,100620,-214,51449,146,0,0,0,34087,592,757,32738,-20,3734,8025,3413,333077,0,0,-266,326425,327114,293905,33209,-689,0,0,0,24693,181,-17956,-15015,0,-2941,-57316,51614
2018:Q4,921244,422770,46625,63389,6885,333453,31931,16729,-537,1146197,264476,560472,159378,142153,19718,-224952,72193,-657,15061,-167163,-260689,77952,-518,-338123,54719,2101,17582,-7,0,0,0,15918,2791,1225,11902,0,2734,13124,3268,392842,0,0,0,424405,424287,338593,85694,118,0,0,0,22151,63,-53777,-66574,0,12797,93526,17400
2019:Q1,935740,437586,41905,47314,6768,358676,27581,16236,-327,1171749,267446,580637,162370,143615,17682,-236009,73024,-532,16841,-179294,-284373,76781,-1595,-359559,13689,190,-68384,33,0,0,0,38690,4649,742,33299,0,400,40771,1989,373248,0,0,0,63440,64179,322492,-258313,-739,215313,0,215313,32804,509,61182,58818,0,2364,105078,-68104
2019:Q2,935404,412684,40771,60481,6949,368674,30546,15762,-464,1185712,272911,585224,166563,145893,15122,-250309,73266,-186,15455,-192311,-41383,79017,-465,-119935,-101804,2334,-70501,247,0,0,0,7024,1497,-3249,8776,0,1536,-45473,3029,18131,0,0,0,-92181,-91977,-4422,-87555,-204,1423,0,1423,5913,-103,103079,96125,0,6954,-150928,-70234
2019:Q3,893336,411918,45151,56780,6967,326949,25400,20716,-547,1198912,279519,589002,164062,145981,20349,-305577,73949,-585,16145,-247187,-204674,81577,-438,-285813,145291,1848,118478,319,0,0,0,35599,169,2790,32640,0,-1531,-10877,1455,431104,0,0,-540,756851,757393,419404,337989,-542,-193639,0,-193639,-7300,408,-124676,-114141,0,-10535,-42513,119475
2019:Q4,946683,450832,45851,52731,6979,347929,27789,15135,-564,1201771,277418,592611,165484,146124,20135,-255089,74577,-929,17642,-197224,-261314,84484,-232,-345566,26480,211,21446,-335,0,0,0,12243,3658,327,8258,0,-2301,-5311,527,372046,0,0,0,446762,447006,325217,121789,-244,-23097,0,-23097,4604,83,-56306,-75800,0,19494,64090,20683
2020:Q1,967132,456009,44556,44817,7277,372705,28200,13705,-138,1228977,279737,612905,172296,145418,18620,-261845,75135,-820,18898,-204788,-260078,82537,-113,-342502,180282,-260,111570,-397,0,0,0,29371,-3509,1527,31353,0,-160,37192,2966,522784,0,0,0,499710,499737,486922,12815,-27,0,0,0,-2470,-147,25691,30620,0,-4929,55290,111208
2020:Q2,866778,382457,31363,44209,6646,360834,26856,14481,-69,2279094,292290,1212250,363292,139778,271483,-1412316,75895,-1190,16955,-1352186,-1448962,84362,-32,-1533292,1493660,4941,1206681,156,0,0,0,120368,113802,1390,5176,0,7195,39214,115105,3026952,0,0,0,2852074,2852239,2751206,101033,-165,0,0,0,-9785,-10,184673,30421,157100,-2848,96776,1206894
2020:Q3,869020,398365,37628,52440,6818,327189,31914,14627,38,1802018,287208,880563,194396,136635,303215,-932998,76486,-986,17577,-873104,-596585,86766,-2785,-680566,69674,1807,60144,-422,0,0,0,88618,65984,-1003,23637,0,1079,-83655,2104,750240,0,0,-40,528897,529765,473146,56619,-868,0,0,0,16530,339,204514,-16252,223150,-2384,-276518,59727
2020:Q4,972983,460002,39133,57507,7258,365226,27600,16373,-117,1500542,283264,735803,194414,134614,152446,-527559,77509,-1005,17323,-466368,-581592,88286,-60,-669818,-34406,2447,-52082,-664,0,0,0,15658,10978,1430,3250,0,3212,-4790,1813,635412,0,0,0,700481,700425,605977,94448,56,0,0,0,13536,8,-78613,-65959,-27225,14571,115224,-53527
2021:Q1,986763,455116,39373,55690,7587,388133,25919,15038,-92,2041176,302367,1298628,207070,132426,100685,-1054413,78367,-257,69350,-1045139,-921716,86590,-4568,-1003739,-596139,-2524,-616096,8870,0,0,0,36644,7098,1088,28458,-10,7010,30082,-60115,407599,0,0,0,341749,342129,401207,-59078,-380,0,0,0,15697,284,49870,26881,29850,-6861,-123423,-597942
