date,FU216010105.Q,FU216210001.Q,FU216240001.Q,FU216231001.Q,FU216601001.Q,FU216150105.Q,FU216403105.Q,FU216402101.Q,FU216900005.Q,FU216901001.Q,FU216404001.Q,FU216403001.Q,FU216130001.Q,FU216402001.Q,FU216006005.Q,FU216300001.Q,FU215440005.Q,FU216000105.Q,FU215090005.Q,FU215019001.Q,FU215420003.Q,FU215000005.Q,FU214090005.Q,FU213020005.Q,FU213030000.Q,FU213034003.Q,FU212051003.Q,FU214022005.Q,FU213069103.Q,FU213061105.Q,FU213061703.Q,FU213062003.Q,FU213063003.Q,FU213065005.Q,FU213064103.Q,FU213064203.Q,FU213070003.Q,FU213078005.Q,FU213093003.Q,FU214190005.Q,FU213162005.Q,FU213162400.Q,FU213162200.Q,FU213169203.Q,FU213170003.Q,FU223073045.Q,FU217005005.Q
1945:Q4,ND,ND,ND,ND,ND,ND,ND,ND,ND,ND,ND,ND,ND,ND,ND,ND,ND,ND,ND,ND,ND,ND,ND,ND,ND,ND,ND,ND,ND,ND,ND,ND,ND,ND,ND,ND,ND,ND,ND,ND,ND,ND,ND,ND,ND,ND,ND
1946:Q1,ND,ND,ND,ND,ND,ND,ND,ND,ND,ND,ND,ND,ND,ND,ND,ND,ND,ND,ND,ND,ND,ND,ND,ND,ND,ND,ND,ND,ND,ND,ND,ND,ND,ND,ND,ND,ND,ND,ND,ND,ND,ND,ND,ND,ND,ND,ND
1946:Q2,ND,ND,ND,ND,ND,ND,ND,ND,ND,ND,ND,ND,ND,ND,ND,ND,ND,ND,ND,ND,ND,ND,ND,ND,ND,ND,ND,ND,ND,ND,ND,ND,ND,ND,ND,ND,ND,ND,ND,ND,ND,ND,ND,ND,ND,ND,ND
1946:Q3,ND,ND,ND,ND,ND,ND,ND,ND,ND,ND,ND,ND,ND,ND,ND,ND,ND,ND,ND,ND,ND,ND,ND,ND,ND,ND,ND,ND,ND,ND,ND,ND,ND,ND,ND,ND,ND,ND,ND,ND,ND,ND,ND,ND,ND,ND,ND
1946:Q4,12484,859,9141,462,155,407,1094,366,11679,9508,1468,0,703,0,805,1571,-236,2612,1342,1629,70,-357,445,875,179,0,0,-757,0,-352,-100,-305,0,25,0,0,123,0,0,802,69,1,68,-21,146,608,1270
1947:Q1,ND,ND,ND,ND,ND,ND,ND,ND,ND,ND,ND,ND,ND,ND,ND,ND,ND,ND,ND,ND,ND,ND,ND,ND,ND,ND,ND,ND,ND,ND,ND,ND,ND,ND,ND,ND,ND,ND,ND,ND,ND,ND,ND,ND,ND,ND,ND
1947:Q2,ND,ND,ND,ND,ND,ND,ND,ND,ND,ND,ND,ND,ND,ND,ND,ND,ND,ND,ND,ND,ND,ND,ND,ND,ND,ND,ND,ND,ND,ND,ND,ND,ND,ND,ND,ND,ND,ND,ND,ND,ND,ND,ND,ND,ND,ND,ND
1947:Q3,ND,ND,ND,ND,ND,ND,ND,ND,ND,ND,ND,ND,ND,ND,ND,ND,ND,ND,ND,ND,ND,ND,ND,ND,ND,ND,ND,ND,ND,ND,ND,ND,ND,ND,ND,ND,ND,ND,ND,ND,ND,ND,ND,ND,ND,ND,ND
1947:Q4,14175,997,10442,604,175,430,1191,336,14114,11202,2045,0,867,0,61,1875,-320,2256,2534,2890,90,-446,1811,741,159,0,0,675,0,711,3,-39,0,25,0,0,211,0,0,2257,1611,199,1412,19,-132,759,-278
1948:Q1,ND,ND,ND,ND,ND,ND,ND,ND,ND,ND,ND,ND,ND,ND,ND,ND,ND,ND,ND,ND,ND,ND,ND,ND,ND,ND,ND,ND,ND,ND,ND,ND,ND,ND,ND,ND,ND,ND,ND,ND,ND,ND,ND,ND,ND,ND,ND
1948:Q2,ND,ND,ND,ND,ND,ND,ND,ND,ND,ND,ND,ND,ND,ND,ND,ND,ND,ND,ND,ND,ND,ND,ND,ND,ND,ND,ND,ND,ND,ND,ND,ND,ND,ND,ND,ND,ND,ND,ND,ND,ND,ND,ND,ND,ND,ND,ND
1948:Q3,ND,ND,ND,ND,ND,ND,ND,ND,ND,ND,ND,ND,ND,ND,ND,ND,ND,ND,ND,ND,ND,ND,ND,ND,ND,ND,ND,ND,ND,ND,ND,ND,ND,ND,ND,ND,ND,ND,ND,ND,ND,ND,ND,ND,ND,ND,ND
1948:Q4,16345,1140,11898,671,201,469,1692,274,16275,12645,2695,0,935,0,70,2137,-449,2656,3258,4069,116,-927,1514,499,271,0,0,604,0,387,197,20,0,54,0,0,86,0,0,2441,1334,165,1169,70,143,894,-602
1949:Q1,ND,ND,ND,ND,ND,ND,ND,ND,ND,ND,ND,ND,ND,ND,ND,ND,ND,ND,ND,ND,ND,ND,ND,ND,ND,ND,ND,ND,ND,ND,ND,ND,ND,ND,ND,ND,ND,ND,ND,ND,ND,ND,ND,ND,ND,ND,ND
1949:Q2,ND,ND,ND,ND,ND,ND,ND,ND,ND,ND,ND,ND,ND,ND,ND,ND,ND,ND,ND,ND,ND,ND,ND,ND,ND,ND,ND,ND,ND,ND,ND,ND,ND,ND,ND,ND,ND,ND,ND,ND,ND,ND,ND,ND,ND,ND,ND
1949:Q3,ND,ND,ND,ND,ND,ND,ND,ND,ND,ND,ND,ND,ND,ND,ND,ND,ND,ND,ND,ND,ND,ND,ND,ND,ND,ND,ND,ND,ND,ND,ND,ND,ND,ND,ND,ND,ND,ND,ND,ND,ND,ND,ND,ND,ND,ND,ND
1949:Q4,18176,1357,13034,605,194,492,2170,324,17675,13988,2657,0,1030,0,501,2176,-547,3224,4354,5397,199,-1242,823,246,152,0,0,379,0,66,0,313,0,81,0,0,-35,0,0,2065,986,204,782,-85,161,1003,-1130
1950:Q1,ND,ND,ND,ND,ND,ND,ND,ND,ND,ND,ND,ND,ND,ND,ND,ND,ND,ND,ND,ND,ND,ND,ND,ND,ND,ND,ND,ND,ND,ND,ND,ND,ND,ND,ND,ND,ND,ND,ND,ND,ND,ND,ND,ND,ND,ND,ND
1950:Q2,ND,ND,ND,ND,ND,ND,ND,ND,ND,ND,ND,ND,ND,ND,ND,ND,ND,ND,ND,ND,ND,ND,ND,ND,ND,ND,ND,ND,ND,ND,ND,ND,ND,ND,ND,ND,ND,ND,ND,ND,ND,ND,ND,ND,ND,ND,ND
1950:Q3,ND,ND,ND,ND,ND,ND,ND,ND,ND,ND,ND,ND,ND,ND,ND,ND,ND,ND,ND,ND,ND,ND,ND,ND,ND,ND,ND,ND,ND,ND,ND,ND,ND,ND,ND,ND,ND,ND,ND,ND,ND,ND,ND,ND,ND,ND,ND
1950:Q4,19815,1480,14216,770,223,537,2235,354,19502,15172,3190,0,1140,0,313,2181,-624,3118,2252,5925,269,-3942,1775,469,101,0,0,693,0,509,-100,284,0,52,0,0,460,0,0,5717,4525,393,4132,67,114,1011,866
1951:Q1,ND,ND,ND,ND,ND,ND,ND,ND,ND,ND,ND,ND,ND,ND,ND,ND,ND,ND,ND,ND,ND,ND,ND,ND,ND,ND,ND,ND,ND,ND,ND,ND,ND,ND,ND,ND,ND,ND,ND,ND,ND,ND,ND,ND,ND,ND,ND
1951:Q2,ND,ND,ND,ND,ND,ND,ND,ND,ND,ND,ND,ND,ND,ND,ND,ND,ND,ND,ND,ND,ND,ND,ND,ND,ND,ND,ND,ND,ND,ND,ND,ND,ND,ND,ND,ND,ND,ND,ND,ND,ND,ND,ND,ND,ND,ND,ND
1951:Q3,ND,ND,ND,ND,ND,ND,ND,ND,ND,ND,ND,ND,ND,ND,ND,ND,ND,ND,ND,ND,ND,ND,ND,ND,ND,ND,ND,ND,ND,ND,ND,ND,ND,ND,ND,ND,ND,ND,ND,ND,ND,ND,ND,ND,ND,ND,ND
1951:Q4,21825,1680,15555,883,242,662,2403,400,20225,16318,2644,0,1263,0,1600,2621,-651,4872,5336,7038,272,-1974,1582,414,152,0,0,709,0,480,200,29,0,69,0,0,238,0,0,3556,2115,312,1803,261,86,1094,-464
1952:Q1,5652,454,4087,211,67,165,562,107,5309,4270,707,0,332,0,343,675,-168,1186,-208,1506,61,-1775,785,315,94,0,80,300,0,348,-80,32,0,28,0,0,-68,5,31,2560,2246,201,2045,-45,121,238,1393
1952:Q2,5781,461,4197,199,68,162,593,102,5626,4538,749,0,339,0,155,693,-172,1020,-229,1920,61,-2210,765,-21,-6,0,87,677,0,460,205,12,0,25,0,0,-93,-1,97,2975,2464,-87,2551,73,126,312,1249
1952:Q3,5964,462,4301,198,69,162,676,97,5168,4098,723,0,347,0,796,718,-184,1698,1005,2111,63,-1169,469,-451,-7,0,512,151,0,78,65,8,0,26,0,0,128,-6,116,1638,1215,163,1052,136,120,167,693
1952:Q4,6137,461,4416,218,74,166,705,97,5555,4464,734,0,357,0,582,710,-185,1477,969,1860,67,-958,606,480,4,0,-432,294,0,320,-24,-2,0,24,0,0,107,12,117,1564,962,-84,1046,158,123,321,508
1953:Q1,6073,478,4491,216,74,180,530,105,5717,4625,725,0,367,0,356,725,-169,1250,111,1559,77,-1525,184,39,30,0,9,229,0,288,-62,3,0,21,0,0,-30,2,-116,1709,1564,127,1437,-225,128,242,1138
1953:Q2,6366,481,4561,217,75,186,738,110,5819,4692,750,0,377,0,547,721,-224,1492,959,2044,82,-1167,202,305,84,0,-256,149,0,162,-43,30,0,21,0,0,12,-4,-109,1369,1158,-128,1286,-74,125,160,534
1953:Q3,6417,488,4647,211,78,189,690,115,5576,4418,770,0,388,0,841,729,-200,1770,1233,2309,84,-1160,579,-574,-46,0,815,183,0,126,-2,59,0,20,0,0,53,-9,137,1739,1416,214,1202,3,131,189,537
1953:Q4,6473,490,4696,165,79,190,731,123,5887,4761,727,0,399,0,586,719,-205,1510,1226,2084,86,-944,679,645,261,0,-640,341,0,228,23,90,0,21,0,0,-31,-42,124,1623,1217,-44,1261,-68,134,340,284
1954:Q1,6514,514,4740,180,79,201,668,133,6065,4905,749,0,410,0,450,712,-213,1375,428,1783,79,-1434,287,340,326,0,-391,182,0,60,31,91,0,22,0,0,-48,-14,-130,1721,1504,189,1315,-104,140,181,947
1954:Q2,6577,522,4803,185,81,200,646,140,6261,5077,761,0,422,0,317,743,-207,1266,1258,2399,84,-1225,254,-47,52,0,216,142,0,64,21,57,0,24,0,0,6,7,-146,1479,1350,-104,1454,-193,143,179,8
1954:Q3,6760,527,4875,197,82,201,734,145,5966,4758,772,0,435,0,795,745,-211,1751,1524,2721,94,-1291,649,-928,103,0,1006,231,0,172,32,27,0,23,0,0,98,25,91,1940,1510,159,1351,-24,148,306,227
1954:Q4,6888,529,4964,211,82,202,748,152,6412,5177,785,0,449,0,476,761,-210,1447,1395,2392,109,-1105,633,1006,-19,0,-834,209,0,151,59,-1,0,21,0,0,119,28,103,1738,1287,-134,1421,-14,149,316,52
1955:Q1,6990,591,5066,234,83,203,643,170,6673,5409,800,0,464,0,317,753,-233,1303,448,1979,135,-1666,337,-52,-42,0,230,251,0,189,73,-11,0,17,0,0,8,27,-102,2003,1492,105,1387,8,158,345,855
1955:Q2,7151,590,5176,237,84,206,675,183,6862,5558,825,0,479,0,290,767,-244,1301,1590,2616,150,-1176,462,454,75,0,-402,301,0,270,32,-1,0,14,0,0,92,0,-72,1638,1112,-188,1300,-9,161,374,-290
1955:Q3,7441,602,5328,245,84,212,779,191,6481,5172,815,0,494,0,960,809,-263,2032,2002,2939,162,-1099,805,-874,-139,0,1136,293,0,302,-17,8,0,13,0,0,208,-4,172,1904,1401,202,1199,3,163,337,30
1955:Q4,7596,606,5469,252,86,219,769,195,6981,5660,812,0,509,0,615,832,-258,1705,2063,2611,169,-717,816,491,43,0,-415,331,0,386,-71,16,0,15,0,0,177,18,156,1533,1029,-91,1120,10,164,330,-358
1956:Q1,7727,666,5610,261,89,234,675,192,7159,5817,817,0,525,0,568,866,-266,1700,920,2216,168,-1464,173,103,152,0,-158,217,0,262,-61,16,0,16,0,0,-31,-48,-78,1637,1235,156,1079,7,169,226,781
1956:Q2,7911,667,5755,267,91,243,698,191,7391,6038,812,0,541,0,520,895,-276,1691,1956,2934,170,-1148,401,619,1,0,-563,354,0,333,13,8,0,14,0,0,96,-20,-100,1549,921,-149,1070,2,173,453,-265
1956:Q3,8190,672,5893,252,94,250,838,191,7002,5627,817,0,558,0,1188,925,-291,2404,2185,3309,172,-1295,583,-1715,-162,0,1878,301,0,248,57,-4,0,19,0,0,107,-20,175,1878,1185,192,993,35,174,484,218
1956:Q4,8331,673,6013,264,96,256,840,189,7621,6198,846,0,577,0,710,945,-293,1948,2044,2926,173,-1054,485,465,53,0,-586,263,0,209,73,-19,0,31,0,0,92,100,67,1539,824,-105,929,24,176,515,-96
1957:Q1,8487,717,6146,272,98,267,801,187,7838,6374,869,0,595,0,649,960,-408,2016,832,2466,172,-1806,-126,-70,184,0,-174,71,0,29,57,-15,0,41,0,0,-32,8,-154,1680,1063,150,913,57,186,374,1184
1957:Q2,8565,722,6253,260,98,270,775,187,8137,6637,887,0,613,0,428,988,-392,1807,1870,3272,174,-1576,-82,1003,139,0,-1118,12,0,-11,14,9,0,52,0,0,-12,-1,-157,1494,911,-166,1077,2,189,392,-63
1957:Q3,8840,726,6339,255,100,273,952,196,7736,6196,912,0,628,0,1104,1000,-414,2518,2127,3678,177,-1728,242,-2142,19,0,2242,-140,0,-139,-41,40,0,57,0,0,55,-3,154,1970,1356,247,1109,66,191,357,390
1957:Q4,8891,727,6378,232,101,274,987,193,8420,6846,933,0,641,0,471,1002,-432,1905,1889,3239,181,-1531,318,599,41,0,-422,-180,0,-207,-49,76,0,52,0,0,100,-36,164,1849,1177,-56,1233,26,197,449,15
1958:Q1,8803,756,6447,222,98,290,802,189,8769,7131,992,0,646,0,34,994,-586,1614,524,2715,189,-2380,-352,-374,650,0,-62,-302,0,-334,-44,76,0,52,0,0,-130,34,-220,2028,1460,211,1249,51,203,314,1090
1958:Q2,8985,757,6534,227,99,291,892,186,9095,7427,1005,0,663,0,-110,1019,-660,1569,1925,3570,193,-1837,132,1186,681,0,-1758,83,0,69,-25,39,0,51,0,0,70,14,-195,1969,1143,-116,1259,37,207,582,-356
1958:Q3,9324,769,6685,258,98,293,1035,187,8563,6875,1001,0,687,0,761,1044,-640,2445,2307,3963,196,-1852,437,-1718,-379,0,2093,65,0,76,-29,18,0,53,0,0,167,35,121,2289,1541,298,1243,59,215,474,138
1958:Q4,9751,782,6856,297,100,295,1230,192,9257,7501,1037,0,719,0,494,1061,-784,2339,2021,3436,198,-1613,406,696,-146,0,-676,126,0,156,-44,14,0,56,0,0,154,-19,215,2019,1306,22,1284,33,221,459,318
1959:Q1,9722,902,6984,290,101,277,928,241,9509,7663,1084,0,762,0,213,1072,-886,2171,982,2842,198,-2058,228,1100,0,0,-1213,194,0,221,-35,8,0,61,0,0,70,-12,28,2286,1578,263,1315,25,227,456,1188
1959:Q2,9836,924,7054,318,102,278,902,259,9741,7880,1081,0,780,0,95,1077,-724,1896,2310,3706,200,-1596,526,175,58,0,-204,330,0,317,11,2,0,67,0,0,117,20,-37,2122,1258,-50,1308,63,227,574,-414
1959:Q3,10441,992,7316,282,104,284,1195,269,9147,7248,1081,0,818,0,1294,1086,-1021,3401,2162,4067,202,-2107,505,-349,-470,0,998,206,0,210,5,-9,0,66,0,0,62,-17,9,2612,1939,561,1378,43,224,406,1239
1959:Q4,10430,1006,7488,272,106,294,988,277,9942,8001,1093,0,848,0,488,1095,-844,2427,2723,3471,205,-953,910,745,2,0,-422,411,0,467,-32,-24,0,61,0,0,127,-25,11,1863,1067,-371,1438,54,218,524,-296
1960:Q1,10717,1038,7611,345,112,332,997,282,10247,8251,1106,0,889,0,470,1109,-692,2271,1648,2863,208,-1422,825,591,169,0,-422,322,0,358,-10,-26,0,52,0,0,86,36,-9,2247,1587,150,1437,38,222,400,623
1960:Q2,11002,1053,7805,316,111,352,1076,289,10669,8629,1125,0,914,0,333,1123,-772,2228,2648,3672,212,-1236,711,-28,400,0,-154,383,0,311,86,-14,0,43,0,0,61,0,6,1947,1105,-169,1274,98,230,514,-420
1960:Q3,11222,1066,7956,301,119,322,1164,294,9940,7895,1155,0,889,0,1282,1139,-808,3229,2417,4030,219,-1832,693,-350,288,0,155,449,0,264,171,14,0,44,0,0,90,-15,32,2525,1571,394,1177,79,233,642,813
1960:Q4,11251,1073,8103,287,119,317,1054,298,10820,8762,1175,0,882,0,431,1154,-735,2320,2378,3541,227,-1389,399,-226,521,0,-331,280,0,-36,257,59,0,53,0,0,102,-22,22,1788,1047,-91,1138,-10,235,516,-58
1961:Q1,11571,1087,8230,290,121,345,1196,303,11199,9084,1213,0,902,0,372,1171,-877,2419,1318,3027,238,-1947,204,-593,326,0,255,138,0,-158,237,59,0,61,0,0,-3,-16,36,2151,1449,363,1086,50,248,404,1102
1961:Q2,11763,1121,8361,311,117,355,1193,306,11666,9468,1230,0,968,0,97,1188,-793,2077,2990,3974,246,-1229,510,-141,383,0,-79,212,0,365,-171,18,0,69,0,0,82,6,-22,1739,830,-337,1167,113,243,553,-913
1961:Q3,12119,1162,8524,330,124,357,1313,310,10853,8578,1258,0,1017,0,1266,1205,-800,3270,2701,4411,252,-1961,711,-192,-24,0,556,185,0,-156,358,-17,0,71,0,0,120,30,-35,2672,1768,392,1376,38,245,621,569
1961:Q4,12280,1187,8692,359,130,360,1241,312,11818,9475,1281,0,1062,0,462,1225,-821,2508,2711,3841,257,-1386,974,898,223,0,-611,214,0,212,46,-44,0,66,0,0,108,70,6,2360,1331,-182,1513,25,259,745,-204
1962:Q1,12648,1213,8869,372,131,369,1384,311,12068,9656,1305,0,1107,0,580,1250,-862,2692,1546,3209,258,-1920,553,-176,622,0,96,-63,0,-26,14,-51,0,65,0,0,8,-6,7,2473,1688,208,1480,85,258,442,1145
1962:Q2,12717,1240,8990,368,135,386,1282,317,12387,9940,1328,0,1119,0,330,1274,-903,2506,2918,4156,262,-1499,802,221,254,0,-41,294,0,244,83,-33,0,65,0,0,58,5,-54,2301,1166,-166,1332,161,258,716,-412
1962:Q3,13100,1276,9129,380,139,397,1452,328,11551,9054,1337,0,1160,0,1549,1294,-835,3678,3454,4631,266,-1443,980,-340,-226,0,912,415,0,361,91,-37,0,63,0,0,179,18,-41,2423,1349,-55,1404,52,264,758,224
1962:Q4,13152,1298,9264,382,143,386,1337,343,12559,10022,1370,0,1167,0,593,1318,-926,2836,2787,4101,272,-1585,1049,387,335,0,-446,666,0,576,159,-69,0,58,0,0,78,10,-39,2634,1248,2,1246,206,267,913,49
1963:Q1,13483,1317,9403,385,149,385,1480,364,12872,10284,1393,0,1193,2,611,1339,-964,2914,2451,3528,278,-1355,954,-122,859,0,-467,573,0,950,-297,-80,0,54,0,0,35,-2,24,2309,1176,-174,1350,61,277,795,463
1963:Q2,13627,1326,9567,412,156,404,1384,379,13310,10666,1416,0,1225,3,317,1364,-996,2677,3001,4670,284,-1953,724,168,157,0,1,287,0,291,55,-59,0,48,0,0,71,17,-25,2677,1748,438,1310,21,279,629,-325
1963:Q3,14148,1374,9786,423,160,419,1595,391,12443,9745,1432,0,1263,3,1705,1387,-1058,4149,4001,5166,291,-1456,933,-626,-8,0,1004,345,0,568,-175,-48,0,47,0,0,150,24,-3,2389,1175,59,1116,102,290,822,148
1963:Q4,14278,1397,9945,433,164,429,1515,396,13633,10854,1456,0,1319,4,645,1416,-1125,3186,3256,4406,298,-1448,896,1516,635,0,-1749,248,0,-652,952,-52,0,48,0,0,208,39,-49,2344,1141,123,1018,49,296,858,-70
1964:Q1,14795,1441,10173,457,166,457,1701,401,14015,11187,1494,0,1331,3,780,1440,-1070,3289,2340,3617,308,-1585,442,350,268,0,-198,17,0,190,-120,-53,0,56,0,0,-67,58,-42,2027,1137,34,1103,-4,301,593,950
1964:Q2,15009,1500,10352,457,168,489,1639,405,14516,11610,1522,0,1381,3,492,1465,-1161,3119,3506,5114,313,-1921,842,-837,319,0,943,198,0,-58,294,-38,0,60,0,0,109,57,-7,2763,1771,533,1238,75,312,605,-387
1964:Q3,15464,1554,10599,468,172,477,1786,409,13491,10595,1549,0,1345,2,1972,1489,-1271,4732,4245,5755,317,-1827,1278,-17,207,0,344,501,0,347,172,-18,0,58,0,0,204,-33,14,3105,1812,397,1415,98,316,879,487
1964:Q4,15481,1590,10722,462,176,489,1631,412,14805,11840,1589,0,1374,2,676,1516,-1219,3411,3903,4788,320,-1205,1628,1766,925,0,-2102,722,0,540,184,-2,0,53,0,0,286,-38,16,2833,1400,-203,1603,92,319,1022,-492
1965:Q1,15856,1615,10954,469,181,522,1699,416,15253,12217,1616,0,1418,2,603,1553,-1198,3353,2745,3886,319,-1460,1009,-911,638,0,910,328,0,264,66,-2,0,50,0,0,63,-30,-39,2469,1501,-200,1701,59,325,584,609
1965:Q2,16454,1637,11172,485,188,559,1995,418,15859,12734,1653,0,1468,4,595,1591,-1180,3365,3705,5392,321,-2008,1452,-292,123,0,848,456,0,390,80,-14,0,48,0,0,167,90,12,3460,2197,620,1577,132,338,793,-340
1965:Q3,16647,1655,11448,495,191,547,1895,417,14819,11655,1680,0,1479,5,1828,1624,-1166,4618,4856,6317,325,-1785,1748,-282,476,0,539,716,0,773,-39,-18,0,45,0,0,221,-4,37,3533,2047,403,1644,64,355,1067,-239
1965:Q4,16938,1689,11708,528,198,570,1833,412,16300,13087,1702,0,1504,7,638,1660,-1205,3502,4875,5571,329,-1025,1968,908,1137,0,-1247,803,0,764,61,-22,0,46,0,0,312,21,-12,2993,1492,-205,1697,58,363,1080,-1373
1966:Q1,17826,1784,11881,564,200,624,2372,402,16909,13594,1758,0,1550,7,918,1697,-1265,3879,3598,4544,338,-1284,1207,322,58,0,443,283,0,311,-2,-26,0,45,0,0,13,41,2,2491,1445,-232,1677,46,370,630,281
1966:Q2,18502,1892,12056,564,204,638,2753,395,17683,14217,1877,0,1583,6,819,1755,-1279,3853,4060,6064,342,-2346,1332,152,390,0,265,254,0,511,-235,-22,0,47,0,0,134,25,65,3678,2299,776,1523,87,378,914,-208
1966:Q3,18827,2005,12307,558,207,673,2685,393,16580,13002,1931,0,1641,6,2247,1796,-1309,5353,5045,6764,345,-2064,653,-1011,127,0,1708,-361,0,-98,-256,-7,0,43,0,0,225,-81,3,2717,1383,185,1198,297,385,652,308
1966:Q4,19038,2096,12518,544,210,684,2595,392,18296,14578,2055,0,1658,5,743,1843,-1292,3877,4628,6107,346,-1825,895,1077,701,0,-903,-384,0,-151,-246,13,0,40,0,0,269,20,75,2720,1109,-68,1177,197,402,1012,-751
1967:Q1,19590,2080,12669,645,213,698,2894,391,18760,15019,2092,0,1643,6,830,1880,-1278,3987,3208,5113,341,-2246,513,80,1538,0,-785,-261,0,18,-287,8,0,34,0,0,-132,34,5,2759,1232,-110,1342,10,417,1100,779
1967:Q2,19932,2074,12918,644,217,698,2991,390,19601,15666,2237,0,1692,6,331,1911,-1061,3302,4177,6743,343,-2909,894,50,668,0,-20,-57,0,-112,52,3,0,26,0,0,144,42,41,3803,2321,943,1378,50,419,1013,-875
1967:Q3,20882,2169,13386,650,222,777,3291,387,18605,14377,2381,0,1840,7,2276,1963,-1333,5572,4858,7328,347,-2816,942,-162,-210,0,959,201,0,30,180,-9,0,27,0,0,203,-46,-30,3758,2124,816,1308,106,419,1109,714
1967:Q4,21313,2253,13801,686,225,829,3138,382,20741,16228,2522,0,1984,7,572,2013,-1417,4002,5094,6538,351,-1795,1121,768,434,0,-703,152,0,-291,445,-2,0,28,0,0,363,95,-16,2916,1474,174,1300,9,432,1001,-1093
1968:Q1,22036,2433,14303,811,229,836,3049,375,21540,16919,2654,0,1960,7,496,2082,-1678,4256,3785,5613,372,-2200,1144,-689,488,0,613,629,0,-422,1091,-40,0,41,0,0,-80,123,19,3344,1485,74,1411,57,447,1355,471
1968:Q2,23397,2568,14680,826,231,847,3875,371,22632,17762,2841,0,2022,7,765,2127,-1574,4466,5214,7425,366,-2577,1366,849,142,0,-669,678,0,-17,636,59,0,46,0,0,283,44,-7,3943,2149,353,1796,95,465,1234,-748
1968:Q3,23300,2711,15107,827,238,874,3174,369,21328,16313,2920,0,2088,7,1972,2157,-1791,5920,6143,8048,351,-2256,1646,-1865,910,0,1169,1134,0,211,918,5,0,51,0,0,363,-52,-64,3902,1996,-325,2321,43,474,1389,-223
1968:Q4,23878,2840,15445,846,244,919,3222,363,23644,18442,3031,0,2165,6,234,2234,-1798,4266,4499,7042,325,-2869,1747,1044,1678,0,-2642,1195,0,412,761,22,0,54,0,0,381,70,-33,4616,2813,41,2772,115,485,1203,-233
1969:Q1,24706,2965,15827,952,245,997,3364,357,24503,19179,3154,0,2164,6,204,2301,-1730,4234,2262,6126,273,-4137,1772,-239,-834,0,1113,1579,0,506,1049,24,0,48,0,0,73,75,-43,5909,3671,863,2808,137,496,1605,1973
1969:Q2,25956,3081,16268,917,254,1057,4024,356,25637,20182,3208,0,2241,6,320,2383,-1718,4421,3943,7723,248,-4028,1490,220,-1586,0,1460,983,0,524,402,57,0,59,0,0,331,45,-22,5518,3540,1076,2464,75,508,1395,478
1969:Q3,26530,3341,16747,879,260,1116,3833,355,24274,18586,3351,0,2331,6,2257,2437,-1651,6345,4950,8093,232,-3376,1182,-447,-3118,0,3558,797,0,795,-1,3,0,130,0,0,370,-95,-13,4558,2711,639,2072,66,511,1270,1396
1969:Q4,27317,3420,17201,862,267,1172,4037,358,26973,21027,3504,0,2435,7,344,2523,-1744,4612,4378,6875,228,-2726,1510,2345,-352,0,-2259,1138,0,1256,-99,-19,0,220,0,0,465,-15,-32,4236,1464,188,1276,468,509,1795,234
1970:Q1,28448,3504,17653,939,268,1238,4482,365,28202,21956,3676,0,2564,6,246,2600,-1648,4495,2854,5980,239,-3366,944,-1116,1714,0,-589,475,0,956,-453,-28,0,426,0,0,-17,52,-1,4310,2140,309,1831,-41,522,1689,1641
1970:Q2,29919,3537,18108,934,270,1280,5426,365,29676,23069,3909,0,2692,6,243,2690,-1578,4512,3624,7437,257,-4070,1229,611,2214,0,-2010,67,0,403,-422,86,0,109,0,0,193,43,2,5299,3340,937,2403,-126,531,1554,887
1970:Q3,30122,3579,18581,958,273,1310,5063,358,28275,21303,4138,0,2828,6,1847,2776,-1485,6108,4597,8491,284,-4179,955,-2160,2748,0,1073,-971,0,-498,-475,2,0,166,0,0,167,-39,-29,5134,2584,106,2478,194,561,1795,1511
1970:Q4,30572,3597,18991,909,278,1330,5125,343,31466,24112,4378,0,2970,6,-894,2879,-1501,3486,2520,7427,318,-5225,1208,1698,3329,0,-2489,-1822,0,-928,-982,88,0,216,0,0,279,9,-12,6433,3919,991,2928,50,573,1891,966
1971:Q1,31704,3678,19563,1022,283,1360,5474,324,32746,25018,4581,0,3140,7,-1042,2954,-1659,3570,1118,6492,373,-5747,1127,195,2954,0,-403,-2094,0,-930,-1143,-21,0,306,0,0,71,109,-11,6874,4245,1134,3111,93,582,1954,2452
1971:Q2,33547,3902,20057,1054,291,1368,6562,313,34275,26229,4765,0,3273,8,-728,3026,-1877,4174,3577,7925,402,-4751,2178,420,42,0,1819,-884,0,-120,-732,-32,0,156,0,0,138,438,49,6929,4220,824,3396,-68,596,2181,598
1971:Q3,33627,4004,20702,1093,296,1376,5844,313,32392,24059,4911,0,3413,9,1236,3085,-1768,6088,4358,8500,422,-4564,2654,-663,705,0,1901,-239,0,-42,-151,-46,0,327,0,0,223,330,70,7218,3909,610,3299,249,599,2461,1730
1971:Q4,34869,4319,21180,1115,304,1383,6251,317,35619,26973,5075,0,3561,10,-750,3163,-1700,4113,4384,7794,431,-3841,3305,1032,3458,0,-2764,440,0,739,-146,-153,0,290,0,0,497,369,-17,7146,3691,-85,3776,91,617,2747,-271
1972:Q1,36317,4875,21592,1248,314,1411,6541,337,36863,27838,5302,0,3711,12,-545,3230,-1751,4436,2718,6705,415,-4402,3385,-547,1436,0,800,795,0,692,231,-128,0,335,0,0,23,518,25,7787,4115,471,3644,267,626,2779,1718
1972:Q2,40113,5242,22132,1261,327,1441,9354,357,38279,28991,5405,0,3870,13,1835,3282,-1657,6774,5778,7848,414,-2484,3867,471,1290,0,63,987,0,305,962,-280,0,403,0,0,203,448,2,6351,3384,-484,3868,-303,621,2649,996
1972:Q3,38229,5304,22588,1306,334,1496,6831,371,36420,26739,5629,0,4038,14,1809,3356,-2042,7207,6808,8668,413,-2273,4443,-671,290,0,2314,1467,0,566,688,213,0,287,0,0,506,295,-45,6716,3411,204,3207,126,632,2547,399
1972:Q4,42454,5462,23136,1437,345,1576,10121,377,39480,29633,5617,0,4215,15,2974,3445,-1820,8239,8157,8120,414,-378,5610,1515,3761,0,-3266,2082,0,746,1440,-104,0,362,0,0,722,518,-84,5988,2708,-139,2847,255,656,2369,83
1973:Q1,42252,5475,23765,1509,356,1732,9040,375,40751,30514,5812,0,4408,17,1501,3542,-1833,6876,6524,7260,420,-1156,5191,-1563,2988,0,606,2119,0,528,1366,225,0,278,0,0,284,477,2,6347,3166,377,2789,167,670,2344,352
1973:Q2,43282,5579,24083,1518,367,1862,9506,367,42470,31874,5990,0,4587,19,812,3647,-1911,6370,8434,8575,426,-567,5665,1060,585,0,346,2178,0,465,1718,-5,0,243,0,0,761,485,7,6232,3049,-285,3334,-242,678,2747,-2064
1973:Q3,43408,5778,24667,1464,380,2005,8761,353,40206,29380,6043,0,4762,21,3202,3755,-1711,8668,7509,9388,434,-2313,5426,-1612,2003,0,1706,1958,0,263,1786,-91,0,446,0,0,668,237,20,7739,3459,301,3158,416,696,3168,1159
1973:Q4,44090,5994,24906,1537,389,2164,8769,331,44018,32824,6239,0,4931,24,72,3896,-1857,5825,7211,8766,443,-1998,6332,1902,1648,0,-1209,1776,0,-87,1763,100,0,733,0,0,1114,425,-57,8330,4109,-78,4187,-55,727,3549,-1386
1974:Q1,44614,5816,25256,1582,399,2358,8913,291,45181,34202,5857,0,5096,26,-567,4129,-2310,5872,5335,8260,455,-3380,4923,-1746,1576,0,2251,1654,0,37,1635,-18,0,453,0,0,276,519,-60,8303,3920,-47,3967,58,771,3554,536
1974:Q2,46582,6021,25998,1658,411,2506,9754,235,47555,36069,6180,0,5278,28,-974,4441,-2523,5990,7667,10568,465,-3366,4571,2319,1750,0,-2748,1352,0,-293,1241,404,0,464,0,0,730,678,26,7937,4000,608,3392,-193,824,3306,-1677
1974:Q3,47563,6291,26709,1820,421,2622,9540,161,45705,33736,6463,0,5476,30,1858,4771,-2006,8635,6540,11419,474,-5354,3188,-2501,-240,0,3331,1114,0,449,578,87,0,443,0,0,611,398,32,8542,3597,1633,1964,392,853,3700,2095
1974:Q4,47886,6396,26876,1619,434,2707,9739,116,50527,38028,6776,0,5691,32,-2642,5012,-2331,4701,1627,10253,482,-9108,-2693,1861,2616,0,-4590,-52,0,265,-368,51,0,1110,0,0,-3655,69,-52,6415,1241,515,726,419,874,3881,3074
1975:Q1,49021,6431,27255,1528,438,2808,10475,86,53121,39859,7304,0,5923,35,-4100,5152,-2531,3583,3492,8396,490,-5395,856,-1220,-1422,0,2212,727,0,468,283,-24,0,549,0,0,-221,246,-15,6251,1435,231,1204,96,935,3785,92
1975:Q2,52020,6614,27921,1659,450,2822,12473,81,55594,41797,7619,0,6140,38,-3574,5214,-2334,3975,5501,10797,491,-5787,1762,1033,-446,0,-953,932,0,-257,1283,-94,0,448,0,0,191,572,-15,7549,2936,744,2192,-10,922,3701,-1526
1975:Q3,52814,6792,28725,2049,467,2804,11893,84,52617,38495,7738,0,6343,41,197,5269,-3086,8552,9493,13242,486,-4235,3022,-1490,-1001,0,1946,2076,0,449,896,731,0,298,0,0,675,520,-2,7257,1702,-1715,3417,115,952,4488,-941
1975:Q4,54165,7040,29314,2111,488,2751,12364,96,57413,42697,8141,0,6531,44,-3248,5341,-3023,5115,5416,12115,477,-7176,2349,2153,895,0,-4026,2070,0,600,-300,1770,0,312,0,0,744,241,-40,9525,4884,481,4403,-12,994,3659,-301
1976:Q1,56102,7367,30218,2419,509,2627,12841,121,58556,43460,8346,0,6705,45,-2455,5415,-2900,5860,4634,9198,461,-5025,4743,-2690,1333,0,565,5172,0,3827,183,1162,0,-60,0,0,-136,600,-41,9768,3397,-1533,4930,1259,1024,4088,1226
1976:Q2,57225,7650,30879,2407,533,2586,13042,129,60157,44882,8354,0,6875,46,-2932,5492,-2832,5392,5787,11681,445,-6339,4422,1400,-2902,0,1515,2676,0,1467,340,869,0,469,0,0,593,568,103,10761,8761,1758,7003,-1307,998,2309,-395
1976:Q3,58338,7900,31506,2415,559,2585,13236,138,56518,40746,8681,0,7042,49,1820,5535,-3068,10423,9800,13068,428,-3696,5595,-822,992,0,572,3823,0,2459,1016,348,0,386,0,0,510,83,51,9291,2906,-976,3882,1237,987,4161,623
1976:Q4,60510,8157,32411,2395,586,2632,14197,133,61386,45374,8757,0,7206,49,-876,5602,-3221,7947,10998,10945,413,-359,8076,1152,2676,0,-2447,5312,0,4705,614,-7,0,455,0,0,759,193,-24,8435,1371,-3316,4687,847,985,5232,-3052
1977:Q1,61406,8383,33220,2629,628,2728,13698,120,62608,46268,8923,0,7365,52,-1203,5711,-3213,7721,9038,8273,392,374,9484,-1470,2688,0,521,6719,0,3385,3591,-257,0,155,0,0,335,532,4,9110,2494,-3326,5820,342,1021,5253,-1318
1977:Q2,63755,8680,33875,2847,676,2840,14722,115,64895,47939,9373,0,7532,51,-1140,5803,-3260,7922,9763,11420,385,-2042,9783,1488,-1028,0,1354,6890,0,6153,880,-143,0,-221,0,0,593,776,-69,11825,9509,2226,7283,-2041,1051,3306,-1841
1977:Q3,65783,8982,34583,2962,714,2974,15459,109,63414,46340,9316,0,7706,52,2369,5910,-3442,11721,13860,13012,386,462,10947,-1058,2370,0,715,8089,0,6101,1572,416,0,287,0,0,433,181,-70,10486,4327,-352,4679,1216,1054,3889,-2139
1977:Q4,67344,9322,35263,2991,757,3124,15761,126,66856,49486,9427,0,7888,55,488,6012,-3173,9673,13289,11254,395,1640,10192,2114,2940,0,-2685,6349,0,5483,303,563,0,334,0,0,983,176,-19,8553,3344,-1463,4807,688,1066,3455,-3616
1978:Q1,68950,9659,35740,2629,796,3306,16669,151,69089,51197,9792,0,8045,55,-140,6122,-3210,9192,8969,8384,418,167,12997,-2277,4154,0,588,9760,0,7411,1710,639,0,557,0,0,406,-188,-3,12830,7689,-1683,9372,285,1071,3785,224
1978:Q2,72041,10035,36924,3093,837,3519,17490,144,71916,53393,10243,0,8223,57,125,6274,-3370,9769,12305,12724,438,-857,13779,1495,-562,0,1382,9239,0,4827,4625,-213,0,584,0,0,872,720,49,14636,12538,1543,10995,-1843,1170,2771,-2536
1978:Q3,71194,10231,36059,3120,871,3769,17020,124,67227,48427,10317,0,8423,60,3966,6431,-3491,13888,13038,15605,456,-3023,12118,-1058,2826,0,479,8427,0,7064,1541,-178,0,530,0,0,624,215,75,15141,10016,468,9548,-3,1210,3918,851
1978:Q4,73597,10526,36898,3264,906,4063,17843,98,72696,53572,10415,0,8642,67,901,6586,-3639,11126,14520,14112,471,-62,15130,1912,1666,0,1679,6999,0,3015,4914,-930,0,828,0,0,1409,614,23,15192,10749,256,10493,5,1246,3192,-3394
1979:Q1,74013,10509,37646,3423,942,4556,16879,59,75579,56025,10596,0,8883,75,-1566,6774,-3908,9116,9861,9758,481,-377,13116,-2386,2955,0,1625,8549,0,5830,3500,-781,0,1100,0,0,449,764,60,13493,6228,-1184,7412,15,1222,6028,-746
1979:Q2,75305,10516,38139,3448,964,4887,17338,14,77950,57866,10876,0,9127,81,-2645,7007,-3754,8116,10402,14133,493,-4223,8557,1119,-3284,0,4217,3254,0,-179,3509,-76,0,1359,0,0,1006,848,38,12780,7524,831,6693,167,1297,3792,-2286
1979:Q3,77420,11348,38890,3402,983,5200,17631,-33,73169,52581,11130,0,9373,85,4252,7258,-4089,15598,13278,17801,505,-5028,9973,-844,350,0,2528,4518,0,755,3707,56,0,1694,0,0,1131,553,43,15001,7691,1623,6068,-97,1358,6049,2320
1979:Q4,79561,11660,39742,3295,991,5499,18446,-71,80821,59400,11714,0,9621,86,-1260,7520,-4467,10727,16266,16664,519,-917,11197,1910,-1036,0,1253,4871,0,-4626,9146,351,0,2306,0,0,1305,672,-84,12114,4976,-293,5269,111,1412,5615,-5539
1980:Q1,81872,11638,40475,4017,902,6087,18852,-98,83370,61137,12273,0,9873,87,-1498,7800,-4599,10901,10369,12730,530,-2891,5281,-2314,1914,0,2232,-809,0,-3431,2374,248,0,2026,0,0,415,1796,21,8172,3824,-1285,5109,52,1467,2829,532
1980:Q2,81951,12000,40836,3189,729,6390,18959,-151,86142,63667,12240,0,10148,87,-4191,8096,-4692,8597,11270,16660,542,-5931,3306,1346,-3684,0,3487,-629,0,448,-1395,318,0,2512,0,0,22,307,-55,9237,6351,1301,5050,65,1464,1357,-2674
1980:Q3,84308,12352,42038,3488,953,6718,19002,-243,81715,58076,13106,0,10444,89,2593,8425,-4562,15579,15387,19107,551,-4271,9193,-1041,-1327,0,2753,4696,0,5510,-869,55,0,2760,0,0,713,665,-26,13464,6568,1474,5094,359,1464,5073,193
1980:Q4,87758,12901,43318,3772,988,7073,20055,-348,90584,66149,13582,0,10762,91,-2826,8740,-4746,10660,14958,17202,556,-2800,9090,1439,1356,0,-3256,5188,0,5335,254,-401,0,2484,0,0,1604,281,-6,11890,4551,247,4304,448,1496,5395,-4298
1981:Q1,91086,13134,45046,4204,936,7487,20752,-472,92323,67225,13900,0,11103,95,-1237,9050,-4599,12412,9852,13500,562,-4210,8103,-2684,1953,0,138,5038,0,4329,843,-134,0,2197,0,0,1265,97,99,12313,4819,254,4565,227,1585,5682,2560
1981:Q2,91122,13418,45917,3791,957,7843,19740,-543,96131,70225,14343,0,11464,99,-5009,9330,-4529,8850,14940,16692,562,-2314,7528,1165,-2848,0,-834,7796,0,5894,2064,-162,0,2239,0,0,535,-574,49,9842,5095,440,4655,757,1558,2432,-6089
1981:Q3,92024,13872,47081,3914,977,8172,18576,-568,90200,63825,14426,0,11847,102,1824,9577,-4303,15703,13599,19292,561,-6254,8944,-1367,664,0,1014,7222,0,3384,3625,213,0,1754,0,0,52,-457,62,15198,9396,1495,7901,-101,1566,4337,2104
1981:Q4,93242,14191,47672,3533,990,8474,18903,-521,98987,72210,14421,0,12250,106,-5745,9820,-4352,8427,9773,17432,561,-8220,5649,1433,2599,0,-3654,4432,0,1386,2832,214,0,1492,0,0,482,-1008,-127,13869,7072,-1051,8123,355,1613,4829,-1346
1982:Q1,94795,14326,48482,3535,1003,8806,19060,-417,100183,72640,14759,0,12673,111,-5388,10025,-4075,8712,6711,12880,557,-6726,7079,-2090,4614,0,-1765,5507,0,8370,-3322,459,0,1134,0,0,-361,57,-17,13805,7810,-778,8588,244,1619,4132,2001
1982:Q2,96686,14517,49575,3567,1009,9067,19304,-353,104574,76085,15254,0,13122,113,-7888,10244,-4283,6639,8847,16673,555,-8382,10892,1270,-1374,0,1554,7305,0,8815,-1513,3,0,1021,0,0,497,635,-16,19274,11989,3810,8179,538,1652,5095,-2208
1982:Q3,96985,15103,50430,3595,1014,9312,17827,-296,98374,69128,15536,0,13595,115,-1389,10416,-4305,13332,8068,19690,553,-12175,7516,-1254,2159,0,1251,2967,0,-2709,5672,4,0,1408,0,0,404,508,73,19691,10549,3074,7475,47,1684,7411,5264
1982:Q4,100054,15202,51490,3337,1017,9534,19686,-212,108148,78291,15648,0,14094,115,-8094,10507,-4283,6696,9883,17749,549,-8415,9146,876,608,0,1385,3517,0,3481,258,-222,0,1676,0,0,808,325,-49,17561,10405,625,9780,138,1726,5292,-3188
1983:Q1,101356,15334,52400,3196,1009,9883,19649,-114,109552,78376,16443,0,14619,114,-8196,10582,-4657,7043,9758,13482,545,-4269,9387,-1764,1030,0,2431,6603,0,5908,402,168,125,1607,0,0,-668,199,-51,13656,7698,-3033,10731,242,1740,3976,-2716
1983:Q2,105117,16068,53996,3916,1014,10173,19962,-12,113052,81276,16583,0,15081,112,-7935,10632,-4207,6904,8848,16891,548,-8591,15788,1917,-3623,0,4905,8376,0,8073,475,-297,125,1870,0,0,457,1602,284,24379,16363,1850,14513,317,1750,5949,-1944
1983:Q3,107337,17023,55511,4348,1037,10506,18839,74,107004,74616,16799,0,15479,110,333,10712,-4580,15625,6534,20694,557,-14717,9089,-2148,-1382,0,7373,2383,0,2591,-710,252,250,1892,0,0,178,692,101,23806,11249,-6,11255,353,1805,10399,9091
1983:Q4,111468,17681,56992,4436,1080,10882,20285,113,114107,81105,17081,0,15815,106,-2639,10787,-4516,12664,14767,17760,574,-3567,15209,1734,508,0,1870,7035,0,6379,-293,449,500,2517,0,0,1532,249,-236,18776,10916,-292,11208,197,1819,5844,-2103
1984:Q1,115823,18322,58668,5017,1130,11230,21215,242,117745,84076,17478,0,16088,103,-1921,10885,-4734,13698,13833,14524,598,-1290,15861,2037,-1225,0,3916,7152,0,4287,1585,499,781,2416,0,0,692,724,149,17151,10618,-2754,13372,-187,1880,4840,-135
1984:Q2,118241,18962,60070,4965,1168,11672,21042,363,120516,86373,17659,0,16386,98,-2274,11009,-4888,13623,17976,19095,626,-1745,19109,2564,-17,0,3419,7522,0,6071,68,289,1094,2783,0,0,1325,636,877,20854,16181,458,15723,287,1932,2454,-4353
1984:Q3,118394,19193,61181,4386,1188,12139,19808,499,113942,79315,17825,0,16708,94,4452,11140,-5094,20686,22210,23343,654,-1787,19954,-2058,3575,0,8267,7148,0,2344,3709,-61,1156,2409,0,0,350,-583,846,21741,16049,-521,16570,941,1993,2758,-1524
1984:Q4,123670,19547,62554,4431,1191,12634,22600,714,124107,88754,18207,0,17056,90,-437,11262,-5351,16176,22306,20625,684,997,16634,3087,1071,0,4855,4527,0,4068,-844,334,969,2627,0,0,743,192,-468,15637,1936,-839,2775,6700,2033,4968,-6129
1985:Q1,126134,19817,63671,4991,1181,13342,22322,810,127137,90927,18722,0,17402,86,-1003,11440,-4858,15295,16241,16308,713,-780,33178,-2433,6132,0,5426,21028,0,10235,10315,-366,844,2056,0,0,175,1215,-421,33958,21146,-2850,23996,2465,2090,8257,-946
1985:Q2,127896,20236,65012,4907,1190,13752,21914,885,131723,94762,19080,0,17798,83,-3827,11594,-5480,13247,28825,22287,747,5791,33657,3669,-1777,0,8668,18679,0,14316,4081,-499,781,2136,0,0,741,1126,415,27866,23110,233,22877,3261,2173,-678,-15578
1985:Q3,129833,20374,66266,5230,1224,14120,21695,924,124899,87093,19517,0,18209,80,4934,11763,-5668,22365,16049,26234,783,-10967,21453,-1639,1531,0,6398,10021,0,6405,1903,994,719,2600,0,0,301,1086,1155,32420,24454,4937,19517,1168,2221,4577,6315
1985:Q4,133616,20934,67132,5119,1291,14399,23865,876,136126,97477,19941,0,18629,79,-2510,11959,-5974,15423,24933,22518,821,1594,92877,1826,2507,0,514,77049,0,61721,14212,460,656,3016,0,0,2558,565,4842,91283,86683,-117,86800,1285,2265,1050,-9510
1986:Q1,137805,21120,68251,5346,1372,14671,26200,845,138269,98701,20392,0,19097,79,-465,12156,-5650,17341,18719,18608,862,-751,6919,-2243,2275,0,251,3212,0,4535,-2118,217,578,4612,0,0,-2031,586,257,7670,1530,-1389,2919,622,2338,3180,-1378
1986:Q2,137396,21253,69140,5512,1448,14758,24487,798,142655,102192,20906,0,19479,78,-5260,12407,-5890,13037,19560,24412,901,-5753,32986,5360,-1881,0,1258,22942,0,29490,-7296,264,484,2877,0,0,276,924,1230,38739,30431,4223,26208,608,2363,5337,-6523
1986:Q3,139869,21874,70585,5594,1529,14765,24755,768,134521,93315,21318,0,19812,76,5348,12647,-6099,24093,22704,28772,938,-7007,12360,-3330,-1400,0,5836,7167,0,-116,6604,226,453,2046,86,0,858,283,814,19367,16041,-2962,19003,-51,2404,973,1390
1986:Q4,142305,22959,71700,6209,1608,14767,24344,718,145901,104009,21728,0,20091,73,-3597,12925,-5381,14709,34160,24408,973,8780,30502,3395,-79,0,-2496,25126,0,23148,1390,103,485,2263,130,0,1830,941,-608,21723,24760,2,24758,258,2409,-5705,-19451
1987:Q1,142676,23098,72977,5670,1683,14639,23890,719,147181,104730,22077,0,20307,67,-4505,13140,-5502,14136,16475,20027,1011,-4563,24045,-3943,2792,0,2696,18751,0,29055,-10849,29,516,3431,104,0,591,-240,-137,28609,28483,-1724,30207,-191,2464,-2148,-2338
1987:Q2,147115,25365,74633,6130,1759,14627,23855,747,152545,109484,22487,0,20507,67,-5430,13380,-5721,13671,24286,25629,1036,-2379,15947,3530,-1678,0,3518,5800,0,3823,1428,2,547,2863,123,0,230,1151,410,18326,17467,-5961,23428,-1891,2493,257,-10615
1987:Q3,146325,23531,76492,6206,1836,14624,22834,803,143886,100243,22889,0,20685,69,2439,13623,-5559,21621,13993,29992,1054,-17053,15613,-2049,-1264,0,5465,10527,86,4214,5776,-65,516,974,82,0,927,68,883,32665,24777,3521,21256,173,2546,5169,7628
1987:Q4,149417,24607,77504,5896,1929,14646,23858,977,156285,112093,23273,0,20846,73,-6868,13826,-5548,12506,23676,26545,1066,-3935,26274,3490,2575,0,252,14063,133,4807,8878,-176,421,1424,223,0,2019,-495,2723,30209,22078,3336,18742,-450,2586,5995,-11170
1988:Q1,153549,24856,78914,5856,2004,14881,25972,1066,157447,112569,23822,0,20976,80,-3898,14073,-5600,15775,7037,21362,1060,-15386,5209,-2912,3508,0,-2767,6335,148,9403,-3363,-166,313,1339,62,0,660,374,-1390,20595,9145,-1429,10574,-708,2614,9544,8739
1988:Q2,155381,24305,80796,6306,2073,15109,25618,1175,162095,116460,24331,0,21217,87,-6714,14291,-5826,13404,17880,28265,1073,-11458,9925,4491,-4378,0,4060,2047,133,-3590,5355,-39,188,678,159,0,871,1288,709,21383,11219,-1892,13111,-890,2692,8362,-4477
1988:Q3,158518,26035,81821,6826,2127,15453,24979,1277,155550,109010,24877,0,21572,91,2968,14534,-5970,23471,15923,32054,1091,-17223,8659,-1361,1384,0,575,6520,109,-7584,13721,86,188,254,305,55,290,1035,-398,25882,16020,3699,12321,-700,2721,7841,7549
1988:Q4,162923,26898,83106,7044,2173,15754,26566,1383,166578,118965,25471,0,22048,94,-3655,14770,-5696,16811,19757,28730,1117,-10091,21540,2329,-588,0,-2882,16096,78,8401,7104,202,311,1679,375,38,2953,945,595,31631,17327,1584,15743,-1000,2780,12524,-2946
1989:Q1,168052,28343,85048,6953,2190,16257,27768,1493,171820,122982,26062,0,22681,95,-3768,15014,-5905,17152,17497,23295,1150,-6948,13757,-5013,2919,0,7978,4245,109,-8342,11814,226,438,1577,314,111,731,1244,-349,20705,8579,-1203,9782,376,2847,8903,-346
1989:Q2,170536,29567,87062,6062,2215,16570,27514,1546,177487,127471,26832,0,23090,94,-6951,15299,-5852,14200,34726,29942,1193,3591,20884,2571,-2207,0,2365,13001,204,2670,9405,159,563,1872,228,273,961,1244,576,17293,7409,-1486,8895,27,2929,6928,-20526
1989:Q3,170828,28629,88475,5700,2255,16785,27419,1565,168861,117704,27749,0,23314,94,1967,15585,-5597,23150,18594,34531,1243,-17179,15433,-1167,-1591,0,3383,10813,266,1223,8663,98,563,1287,153,401,417,809,928,32612,17367,5238,12129,-602,2967,12880,4555
1989:Q4,171954,28101,88540,5524,2314,16947,28940,1587,182538,130387,28705,0,23352,94,-10584,15870,-6045,11330,22035,31446,1298,-10709,20601,2725,43,0,2420,11092,297,9280,1034,45,436,1578,372,585,1376,198,212,31310,14249,758,13491,-31,3055,14037,-10705
1990:Q1,179507,29838,92318,5355,2383,16992,31066,1556,187771,134826,29690,0,23163,92,-8264,16174,-6341,14251,20882,26577,1376,-7071,22643,-2846,346,0,361,22146,391,32025,-10638,55,313,1228,515,761,-447,219,360,29714,18076,-1410,19486,250,3159,8229,-6631
1990:Q2,180863,30646,92171,5528,2464,17047,31491,1517,193304,138904,31041,0,23267,92,-12441,16502,-6068,10128,21893,33075,1423,-12605,11357,2351,-2898,0,3161,4719,546,3887,-31,129,188,1234,216,676,738,10,1150,23962,11141,-1579,12720,150,3163,9508,-11765
1990:Q3,182597,30931,93905,5745,2554,17361,30617,1485,184490,128210,32565,0,23621,94,-1893,16856,-6189,21151,14028,37640,1456,-25068,4763,-842,-1211,0,395,3194,680,2262,-165,229,188,1176,1003,1338,1442,-299,-1433,29831,9981,6049,3932,400,3225,16225,7123
1990:Q4,187106,31145,95683,5859,2634,17069,33214,1503,200756,142076,34359,0,24225,96,-13651,17109,-6393,9852,18389,34872,1475,-17957,11047,1863,-636,0,1814,3986,789,3294,-762,354,311,1616,38,679,716,-460,1431,29004,6981,-115,7096,78,3361,18584,-8538
1991:Q1,189525,30301,96076,5946,2747,17015,35905,1535,204293,143707,35368,0,25117,101,-14768,17354,-6520,9106,12580,27660,1462,-16542,7437,-2811,2189,0,-2099,8601,930,5064,1872,313,422,1360,-366,299,-1530,989,805,23979,13651,224,13427,-68,3359,7037,-3475
1991:Q2,192931,31119,97557,5855,2855,16898,37121,1526,211988,147995,38045,0,25845,103,-19057,17622,-6553,5118,11040,34448,1463,-24871,12371,4023,-4545,0,4969,3845,1101,1216,908,104,516,538,431,1166,1040,635,269,37242,18081,-155,18236,-177,3380,15958,-5922
1991:Q3,195499,31526,99861,5933,2958,16772,36940,1509,202873,136665,39657,0,26447,104,-7374,17846,-6422,16894,9372,39641,1462,-31732,19114,179,-2324,0,970,18892,1336,13400,3702,-93,547,842,67,764,1070,86,-1432,50846,28455,6948,21507,398,3442,18551,7522
1991:Q4,201941,32365,101832,5907,3059,16561,40695,1523,220828,150353,43447,0,26924,104,-18887,18018,-6310,5441,3537,35545,1460,-33468,20957,3914,-5271,0,2831,12381,1633,5303,5210,-280,515,768,-89,575,1820,47,3981,54425,30625,-146,30771,210,3498,20092,1904
1992:Q1,204667,31888,103192,6298,3152,16500,42155,1482,221996,151991,42636,0,27269,100,-17329,18163,-6478,7312,13799,29909,1467,-17577,5673,-2063,966,0,-2654,11667,1648,24479,-14570,-343,453,-9,500,1469,-705,291,-3789,23250,1948,-4974,6922,39,3571,17692,-6487
1992:Q2,208831,34232,104539,6186,3243,16085,43029,1517,229962,157676,44658,0,27530,98,-21131,18420,-6825,4115,11569,35804,1464,-25699,4065,1976,-5723,0,6562,-4024,1383,-24454,18472,-284,859,181,428,1429,1409,280,1547,29764,9642,-2762,12404,-50,3581,16591,-7455
1992:Q3,209217,34193,106029,5794,3327,15839,42430,1605,220424,146160,46456,0,27712,96,-11207,18629,-6697,14119,14606,39821,1461,-26676,1999,1390,579,0,-167,1387,1156,-6253,5880,-249,853,-138,207,1118,802,-189,-2990,28675,13595,11456,2139,-50,3587,11543,-487
1992:Q4,213357,34992,106320,6102,3401,15625,45197,1720,234655,160497,46246,0,27818,94,-21298,18880,-6898,4480,19082,34189,1458,-16565,-4191,2583,-3856,0,867,-7285,969,-11135,2395,-249,735,-78,-112,584,1604,-449,1951,12374,-8544,-4793,-3751,-80,3607,17391,-14602
1993:Q1,213810,34166,106882,6208,3457,15446,45788,1862,233135,158006,47215,0,27821,93,-19325,19188,-6597,6459,-6026,27178,1459,-34663,2411,-1634,3604,26,2820,4498,911,15883,-13275,-245,1224,39,99,1002,-243,-433,-7367,37074,17657,517,17140,-120,3663,15874,12485
1993:Q2,217022,34563,108198,6689,3513,15311,46791,1956,240514,165178,47420,0,27824,92,-23492,19470,-6788,2766,-3519,35196,1464,-40179,7171,2615,-3901,27,-1614,14491,975,7370,4891,-250,1505,-3005,370,1585,680,-1073,-3004,47350,25679,-255,25934,-137,3748,18060,6285
1993:Q3,218795,35896,109883,6298,3559,15280,45812,2067,230392,152327,50148,0,27827,90,-11597,19675,-7415,15493,9780,41509,1474,-33204,142,86,592,52,1756,-3893,978,-20341,14208,-248,1510,-1112,96,1051,878,-1097,1733,33346,15068,3782,11286,-175,3775,14678,5713
1993:Q4,228348,36440,111804,7712,3600,15326,51374,2091,246387,168039,50427,0,27832,89,-18039,19928,-7411,9300,23551,37320,1489,-15259,7699,988,-2536,53,8009,-3672,912,-385,-5359,-256,1416,-1093,288,1479,2286,-108,2005,22958,253,-2252,2505,-280,3823,19162,-14251
1994:Q1,228629,36731,114000,6776,3642,15514,49950,2016,245476,166657,50896,0,27835,88,-16848,20242,-7170,10565,5528,29263,1509,-25244,-3058,-60,3011,53,-5243,-6173,981,-1509,-6768,-249,1372,-401,785,2712,-286,535,2009,22186,-3044,2115,-5159,-4,3867,21367,5036
1994:Q2,231636,35480,116438,7180,3651,15771,51043,2073,252946,173856,50979,0,28025,86,-21310,20509,-7268,6467,29687,37010,1534,-8857,3758,1078,-2796,105,-2470,1033,1200,-6103,4760,-217,1393,203,503,2242,1805,39,2016,12616,-12753,-6712,-6041,86,3944,21339,-23220
1994:Q3,233968,37790,117506,7850,3632,16033,48974,2183,242266,162861,50914,0,28407,84,-8299,20852,-7577,20130,24858,43975,1564,-20681,-382,-2324,1321,105,-7310,786,1493,-13516,11606,-193,1396,1431,-145,952,1118,-8,3692,20300,-12443,3579,-16022,443,4069,28231,-4728
1994:Q4,240906,37989,118318,8163,3590,16415,54087,2344,258376,175404,53918,0,28972,82,-17470,21169,-7908,11607,52396,38564,1600,12232,3334,3212,1246,106,451,-22946,865,-27944,2908,-177,1402,1520,438,2422,2805,701,13379,-8898,-17699,-1160,-16539,-129,4132,4798,-40789
1995:Q1,244048,39233,119688,8135,3498,16823,54081,2590,263833,178937,55090,0,29727,79,-19785,21554,-8196,9966,24637,31535,1640,-8538,-4275,-2811,4979,70,-8825,3487,1764,-19409,19610,-160,1682,1386,-555,-147,22,1075,-2956,4263,-14813,3597,-18410,109,4214,14753,-14672
1995:Q2,243174,38108,119467,7822,3437,17168,54390,2782,269054,183595,55174,0,30207,78,-25880,21888,-8269,4277,22034,40453,1657,-20077,-2073,2655,-2186,195,-8492,-37322,2243,-36599,-5139,-122,2295,1412,-411,-532,1296,-198,41510,18004,-8699,-4117,-4582,-37,4312,22428,-17757
1995:Q3,244687,40167,120878,7972,3367,17520,51819,2964,254016,168351,55178,0,30410,77,-9329,22187,-7885,20744,45727,46432,1652,-2357,-480,-1133,2106,43,4761,-28293,8839,-9300,-28311,-1116,1595,179,7719,-1917,2073,-351,14333,1877,-25849,-62,-25787,589,4325,22812,-24984
1995:Q4,249047,40602,122317,7727,3298,17827,54154,3122,264494,181886,52194,0,30337,77,-15447,22496,-8000,15049,28921,41559,1625,-14263,-3256,2114,3722,125,10213,-30685,4564,-14254,-20672,-2091,1768,969,5631,-800,2675,353,2427,11007,-11542,1812,-13354,-523,4371,18701,-13872
1996:Q1,253585,41335,124443,7983,3253,18070,55230,3272,269482,184857,54562,0,29986,77,-15897,22778,-8625,15506,6699,33626,1574,-28501,-1620,-4121,5138,51,20232,-1699,2458,-6065,-831,-1069,3808,570,2969,-994,68,1029,-24863,26881,-4750,1435,-6185,133,4405,27093,8807
1996:Q2,259152,41481,126627,8382,3165,18339,57798,3360,278692,190774,58048,0,29790,80,-19540,22980,-8357,11797,23083,42682,1526,-21126,8124,1384,-279,-7,8287,11075,8766,-404,-1218,745,3186,536,4699,1986,2212,430,-22199,29249,1222,-1655,2877,559,4500,22968,-11286
1996:Q3,257348,42331,127513,8321,3070,18659,54092,3363,261768,175731,56208,0,29745,84,-4420,23258,-8205,27043,43643,49229,1481,-7067,5526,-1840,1792,16,394,-25595,3727,-19720,-11755,-236,2389,1091,3732,506,195,307,24928,12593,-19271,3338,-22609,253,4590,27021,-16600
1996:Q4,263618,43527,129316,8338,2965,18907,57267,3299,277549,192167,55437,0,29854,91,-13931,23513,-8654,18236,31981,44622,1440,-14081,17188,2289,1777,63,3761,-21338,5678,-6807,-21794,83,1502,1794,3379,-2017,3117,572,23791,31269,7099,3134,3965,-5788,4744,25214,-13745
1997:Q1,266859,44446,130937,8277,2822,19188,58052,3137,279929,193201,56511,0,30115,102,-13070,23830,-8624,19383,29335,36733,1401,-8799,22203,-2581,3228,97,4074,-12975,5825,-8900,-7293,-208,-2399,778,2643,-539,-25,1448,26055,31002,2786,1009,1777,5391,4768,18057,-9952
1997:Q2,268694,44234,132671,8390,2727,19488,58227,2957,286031,199850,55930,0,30143,108,-17337,24184,-8830,15677,35486,45685,1409,-11608,22224,2578,-1287,54,-2268,12327,1716,-4888,12861,112,2526,1114,2619,-8391,1449,842,13187,33832,12751,-2395,15146,-224,4817,16488,-19810
1997:Q3,271543,46019,134158,8887,2660,19707,57322,2791,272243,185179,57009,0,29943,112,-700,24445,-8900,32645,43706,53109,1465,-10868,20308,19,2916,94,3356,-15589,4297,-8207,-11424,-544,289,1030,4865,-6567,2002,649,27533,31176,8216,5270,2946,521,4898,17541,-11061
1997:Q4,279599,47300,136011,8592,2614,19955,62507,2620,290462,202729,58108,0,29510,115,-10863,24808,-8868,22812,26897,47357,1569,-22029,31998,2217,1073,79,-1170,13231,2856,4067,5358,-99,1049,1110,7290,-2725,2917,1306,6670,54027,21864,4430,17434,-548,4999,27712,-4084
1998:Q1,282304,48890,137393,8672,2620,20137,62373,2220,290161,203166,58036,0,28845,114,-7856,25045,-8490,25679,40888,39029,1720,139,48280,-3568,5628,77,8796,-188,5368,-1415,-5270,-406,1535,1070,2195,-6519,1204,1824,37761,48141,19826,901,18925,-15,5039,23291,-15209
1998:Q2,285065,50361,138852,8636,2615,20320,61981,2301,298937,211583,58829,0,28412,113,-13871,25306,-8612,20046,34229,48953,1851,-16575,42286,2622,1032,220,-5797,45805,-1291,20603,22889,-502,4106,1269,5250,2020,430,-747,-9818,58861,24097,-5449,29546,108,5179,29477,-14183
1998:Q3,285742,50399,140391,8920,2584,20480,60598,2370,283912,197107,58482,0,28212,111,1830,25709,-9110,36649,60004,57532,1962,510,39659,-1990,2109,157,-1732,27062,3065,13605,8359,45,1988,-69,1917,-2407,1003,2473,11136,39149,4013,-3651,7664,264,5318,29554,-23355
1998:Q4,296493,51572,142138,8707,2532,20567,68544,2433,306705,217913,60432,0,28251,109,-10212,26102,-9704,25593,24511,50811,2054,-28353,19283,3693,5608,2340,7186,43356,8204,11774,17471,232,5675,7323,-15196,-5392,4373,1427,-35435,47636,18743,1931,16812,-229,5384,23738,1082
1999:Q1,299316,52042,144060,9064,2469,20730,68460,2491,307233,216653,61960,0,28515,105,-7917,26465,-8908,27456,17869,43297,2126,-27554,27144,-3277,3523,97,-515,26011,4316,7902,10854,81,2858,1155,-3356,-1333,2089,1000,1750,54697,19032,921,18111,0,5507,30158,9587
1999:Q2,301623,52350,146357,8866,2425,21006,68134,2485,318808,228545,61594,0,28564,105,-17186,26932,-10046,19792,23617,52966,2167,-31516,19207,1565,2324,76,-1443,27371,3962,10412,10338,64,2595,452,-7974,-2925,1592,5601,-7432,50722,12389,-2146,14535,82,5624,32627,-3825
1999:Q3,306124,54106,148809,8896,2416,21531,67952,2414,306988,214735,63757,0,28389,107,-864,27328,-10568,37032,50996,61198,2178,-12380,27891,28,3402,75,-1621,18133,4024,854,10560,65,2630,364,6077,1900,1590,425,-2482,40271,1510,1471,39,-36,5760,33037,-13964
1999:Q4,315655,55990,150926,8971,2442,22239,72852,2235,328600,235459,65038,0,27991,112,-12945,27847,-10505,25407,36420,56160,2158,-21898,22471,4847,4441,156,1043,30306,6023,5652,14461,130,4040,2719,-16379,-5783,3416,2893,-5188,44368,5954,2317,3637,-1675,5947,34142,-11014
2000:Q1,321115,58039,153107,9297,2506,23107,73072,1988,330306,237788,65021,0,27376,121,-9191,28343,-10807,29959,33476,48813,2107,-17444,20821,-3145,3977,83,-1762,20855,4395,1987,11529,71,2873,401,-4182,-1622,1742,6365,-1891,38265,3303,1661,1642,37,6124,28801,-3517
2000:Q2,327233,60828,154734,9137,2610,23626,74605,1694,338837,244069,67350,0,27289,129,-11604,28944,-10889,28229,45645,58020,2103,-14478,20332,1189,2677,44,-3164,19027,3546,3198,9978,40,2265,-771,2951,785,865,2676,-5947,34810,6893,-1247,8140,59,6150,21708,-17416
2000:Q3,325036,59148,155930,8370,2757,23790,73649,1393,327400,230236,69293,0,27733,138,-2364,29432,-10799,37867,99388,65794,2146,31449,17349,-1800,4907,79,-2197,18009,4431,-1163,11788,68,2885,143,-997,-555,1640,-2456,576,-14100,-6061,-1931,-4130,234,6252,-14525,-61521
2000:Q4,330729,58695,157534,8427,2949,23698,78366,1061,348209,249588,69770,0,28704,147,-17479,29874,-11694,24089,9872,58834,2234,-51196,17264,4615,-1037,36,-3573,18128,3491,2385,9999,36,2217,-1044,8194,2501,678,3994,-15228,68460,12369,2874,9495,49,6416,49626,14217
2001:Q1,338347,62729,159277,7529,3172,23252,81694,694,361099,257066,71818,0,30204,2011,-22752,30312,-11995,19554,34538,50927,2369,-18758,33922,-3996,2450,56,-3168,24647,3955,7121,10986,48,2537,-633,10136,3116,1102,-609,821,52680,27203,6191,21012,74,6603,18800,-14984
2001:Q2,343803,64974,159452,7596,3365,22708,85256,452,376483,263678,77635,0,31575,3595,-32681,30663,-12691,10673,46900,64828,2488,-20416,35425,3800,4620,123,-1323,32865,5831,8187,14902,104,3841,1169,-6982,-2541,2633,-939,2000,55841,34186,2279,31907,30,6807,14818,-36227
2001:Q3,331930,57978,160425,7078,3519,22125,79159,1646,353685,245743,73918,0,32816,1208,-21756,30998,-14340,23582,47723,68411,2589,-23277,12532,-801,1030,0,-4962,9126,2618,-3476,8383,6,1595,-2216,12028,3659,-161,2216,-7387,35809,5958,10396,-4438,-79,6674,23256,-24140
2001:Q4,339353,57336,163253,6650,3635,21381,87030,68,381160,264696,81699,0,33927,838,-41808,31381,-12696,2269,-12260,63874,2673,-78807,20544,6489,4121,114,-1867,32529,5833,7651,15120,98,3827,829,-11345,-3932,2421,2353,-11168,99351,38011,4982,33029,75,6847,54418,14530
2002:Q1,341791,56840,164837,7075,3726,20530,88659,124,384081,268233,80477,0,34913,458,-42289,31773,-14564,4048,16631,54907,2741,-41017,3016,-746,2887,27,-4366,15288,3459,-598,10227,27,2173,-1555,-2884,-1202,460,629,-5522,44033,21771,1109,20662,270,6971,15021,-12583
2002:Q2,344996,53584,165995,7539,3844,19888,93915,231,396886,277341,82971,0,36427,147,-51889,32181,-13221,-6488,-20911,65909,2792,-89612,20466,2593,1770,24,-4488,21968,3412,6239,10155,26,2136,-1644,8626,2441,379,-406,-10797,110078,50049,5124,44925,85,7018,52926,14423
2002:Q3,344911,54706,170117,7867,4018,19388,88550,265,381477,259251,83321,0,38485,420,-36565,32537,-12152,8124,113652,74551,2825,36276,19646,-435,829,-2,-5167,17917,2659,5078,8561,4,1615,-2331,11451,3290,-194,-339,-5373,-16630,23209,8406,14803,173,7079,-47091,-105528
2002:Q4,354502,54715,172258,8383,4238,19009,95758,141,406621,279384,86257,0,41087,-107,-52119,32854,-12957,-6308,-89823,66158,2841,-158822,33947,5229,3278,93,-2999,40282,5494,16419,14720,81,3568,1,-7285,-2572,1926,1645,-5651,192769,48890,10582,38308,103,7163,136613,83515
2003:Q1,356102,54464,174629,8629,4510,18780,95181,-91,410194,280410,85528,0,44234,22,-54092,33258,-12473,-8361,82209,56172,2843,23193,300,-2025,6582,-3,-62,-5001,-82,-4680,-179,-3,-57,-68,2731,835,-76,1044,-3657,-22893,26815,1681,25134,52,7240,-57000,-90570
2003:Q2,365738,51972,177487,7933,4803,18538,105271,-266,420664,285402,88994,0,46182,86,-54926,33554,-13795,-7577,-226897,67595,2849,-297341,-9157,1988,624,163,1201,-10105,1573,-8554,-516,-32,-2576,1295,-850,300,-1414,233,-2592,288184,54848,-218,55066,-27,7115,226248,219320
2003:Q3,369003,58541,180853,8390,5131,18466,98080,-458,401252,264810,89759,0,46933,-250,-32249,33870,-13171,14792,64488,77544,2859,-15914,47158,-63,4062,192,1313,39171,276,19882,14291,318,4404,3113,-850,300,-792,717,-5,63072,8830,2722,6108,86,7212,46944,-49696
2003:Q4,381189,59929,182440,9045,5488,18501,106481,-694,421227,285267,89244,0,46490,226,-40037,34201,-12891,7054,34265,67747,2873,-36355,75532,7888,8190,426,4487,51563,4299,18062,22106,326,6770,6683,-850,300,320,716,-4191,111887,29964,6190,23774,-33,7237,74719,-27211
2004:Q1,385395,59756,188295,9457,5853,18662,104276,-903,423522,286055,92528,0,44846,93,-38127,34637,-13377,9887,7456,57587,2904,-53034,49601,-1155,8562,322,2779,25736,1991,13210,8223,282,2030,4935,-850,300,3026,2933,3013,102635,40630,2723,37907,69,7336,54600,2431
2004:Q2,393717,58587,191281,10199,6131,19020,109634,-1134,439663,296774,99084,0,43713,92,-45946,35448,-12499,2000,50229,70989,2889,-23649,-8145,-4733,-5423,-52,-4691,13478,-7527,12771,5025,259,2950,-3418,-850,300,736,2932,-6424,15504,62661,4809,57852,59,7445,-54661,-48228
2004:Q3,390507,61926,193854,10972,6303,19539,99231,-1318,418234,279630,95429,0,43083,92,-27728,36550,-9559,18381,9660,79170,2829,-72339,108465,-1918,5481,675,9329,58736,10066,15082,25855,454,7279,12570,-850,300,2240,3554,18348,180804,34607,11096,23511,55,7530,138612,8721
2004:Q4,410689,65456,199405,11080,6367,20375,109419,-1412,447886,306901,97926,0,42967,92,-37197,37597,-12636,13035,11685,70039,2724,-61079,-99264,3493,3521,-375,-10933,-63073,-15239,-11288,-28020,-299,-8227,-10677,-850,300,2464,3555,-26689,-38186,44189,3592,40597,135,7693,-90203,1351
2005:Q1,420344,67344,204465,13825,6337,20909,108738,-1273,442479,300949,98075,0,43362,92,-22134,38119,-13870,29854,34071,59541,2577,-28048,51478,7912,-1500,141,-851,34480,-2659,25894,7471,246,3528,903,-850,300,3747,3635,3561,79526,54440,1265,53175,79,7774,17233,-4216
2005:Q2,429538,67611,208972,13244,6247,21794,112966,-1296,463478,314474,105025,0,43885,93,-33940,38997,-14161,19218,20042,74427,2489,-56875,98383,354,-679,529,5959,67083,5570,38950,15853,462,6248,9042,-850,300,4460,3635,8550,155258,47778,-9757,57535,114,7889,99477,-824
2005:Q3,425863,68988,212939,13327,6109,22847,103058,-1405,445366,299610,101126,0,44536,93,-19503,40025,-14606,35128,94896,83694,2458,8744,175574,-7714,6644,846,11122,126610,11552,53122,47205,853,13878,15515,-850,300,5350,3365,14386,166830,26103,-2068,28171,241,8049,132437,-59768
2005:Q4,442727,71296,216651,14547,5922,24012,111802,-1503,469957,322224,102317,0,45322,93,-27230,40746,-7840,21356,59202,73610,2482,-16890,45186,8503,8190,-475,-476,22294,-2497,16281,6201,277,2032,1695,-850,300,3880,3365,-1240,62076,36534,8869,27665,192,8247,17103,-37847
2006:Q1,447611,73733,220681,14912,5691,25393,108839,-1637,465686,322498,96857,0,46237,93,-18074,41231,-14704,37860,40467,64076,2638,-26247,-58256,-1796,3505,220,-7777,-31739,-11048,-4466,-13846,-81,-2298,-7349,-850,300,1126,3448,-17344,-32009,5960,494,5466,74,8387,-46430,-2607
2006:Q2,458916,77520,223047,15079,5467,26605,113190,-1992,482032,332814,102155,0,46969,93,-23116,42333,-14615,33832,64226,81356,2705,-19835,88753,-993,1618,437,3871,58783,2575,25209,22101,583,8315,7102,-850,300,3747,3448,11290,108588,38524,-7982,46506,228,8573,61263,-30394
2006:Q3,451525,74434,225969,15441,5251,27712,105070,-2352,464973,314954,102410,0,47515,93,-13448,43133,-14348,44033,23815,90328,2838,-69351,54655,-1387,8562,618,5032,25859,3748,6879,12073,415,2744,8762,-850,300,1375,1741,4643,124006,18537,-4816,23353,145,8647,96677,20218
2006:Q4,458125,75428,228096,13810,5044,28769,109874,-2896,488499,338025,102499,0,47881,93,-30374,44342,-14244,28212,62108,79492,3038,-20422,136632,6854,12079,811,5368,96839,3937,39301,44904,643,8054,9418,-850,300,2708,1740,1365,157054,52970,3911,49059,148,8707,95229,-33896
2007:Q1,472995,80136,232984,14799,4857,29761,113918,-3460,501656,344814,108317,0,48055,470,-28661,45641,-14073,31052,23355,69550,3304,-49499,120004,-3765,4871,870,6729,87158,5243,46214,25860,788,9053,11502,-850,300,1449,433,11307,169503,60021,1730,58291,212,8979,100291,7697
2007:Q2,481642,83000,234838,14859,4719,30130,118019,-3922,514709,355723,108224,0,48097,2665,-33067,46463,-15387,28784,49209,87082,3477,-41349,-37345,-6533,1459,996,-6969,-4722,-9991,16301,-9244,50,-1838,-6415,-850,300,2806,434,-17851,4004,49286,-4814,54100,176,9155,-54613,-20426
2007:Q3,468548,79898,235105,14074,4637,30247,108892,-4305,492630,336067,106377,0,47998,2188,-24082,47253,-15255,38426,42260,98072,3555,-59367,81873,-408,12351,2119,6295,39521,4477,8263,17888,720,8173,11329,-850,300,775,56,10385,141240,16455,5977,10478,153,9256,115376,-3834
2007:Q4,478925,78554,239277,14147,4616,29581,117360,-4610,522407,361745,111076,0,47776,1810,-43482,48146,-15042,19706,13074,87283,3540,-77748,17265,10753,17625,1959,-1260,-21334,-3792,-9300,-9144,942,-40,1352,-850,300,2806,57,5857,95013,46072,14083,31989,125,9423,39393,6632
2008:Q1,479665,83350,238130,12551,4642,28553,117242,-4802,523631,363719,111489,0,47427,996,-43966,48990,-15552,20577,9367,73928,3430,-67991,-37093,-5075,1141,2572,-3446,-39977,-6088,-19564,-15376,307,744,-1536,-850,300,-2281,782,11277,30898,24307,1455,22852,110,9456,-2975,11210
2008:Q2,492126,90281,239852,12905,4669,27407,121873,-4860,539845,376541,113869,0,48698,737,-47719,49737,-16098,18116,58066,91372,3342,-36647,-12338,-172,-4235,411,-3620,1374,-6202,215,5805,114,1442,-1706,-850,300,-3232,781,-1389,24309,7885,-10486,18371,204,9633,6587,-39951
2008:Q3,473817,80957,241193,13210,4686,26130,112510,-4868,525257,358266,114865,0,51588,538,-51440,50659,-15569,14789,-2763,103341,3275,-109379,-43047,-397,3678,1029,-5616,-39852,-8148,-25723,-14990,597,8412,-4629,-850,300,-4715,1431,6574,66332,-4555,1509,-6064,275,9853,60759,17552
2008:Q4,469904,76283,236578,8768,4693,24894,123483,-4794,547654,374972,115886,0,56097,699,-77750,51774,-15838,-10138,-93370,89265,3230,-185865,-97766,14015,18526,926,-8251,-125868,-10624,-52216,-53822,-145,-9061,-8469,-850,300,-5460,1431,15934,88099,13999,12295,1704,246,9587,64267,83232
2009:Q1,467626,70283,232308,10935,4694,23353,130548,-4495,550250,368874,118632,0,62244,500,-82624,52326,-15796,-14502,-40744,75574,3207,-119525,-47953,-5156,13119,1799,-7064,-35017,-9221,-9057,-11862,-599,-4278,-7056,-850,300,-5687,-1805,-536,71572,28818,-411,29229,150,9583,33021,26242
2009:Q2,483542,68898,230761,12406,4671,22116,148896,-4206,573058,381426,124849,0,66482,301,-89516,52256,-16065,-21195,-67860,93329,3178,-164367,123012,24707,-10797,876,8165,85300,5569,40000,42098,872,-3239,15694,-850,300,-1269,-1805,2691,287379,33092,-9353,42445,194,9726,244367,46665
2009:Q3,474591,73326,234344,10320,4631,21315,134775,-4120,551758,357981,124603,0,68872,302,-77167,52163,-17901,-7102,-13952,103890,3144,-120986,-260,-13992,5617,258,2842,7474,218,-2438,15227,-289,-5244,8298,-850,300,-461,-1769,-7977,120726,19974,15273,4701,181,9772,90799,6849
2009:Q4,489477,73318,238020,10848,4573,20814,146101,-4197,581516,386754,125096,0,69363,303,-92039,52382,-18244,-21413,23414,87495,3105,-67186,46973,13640,2899,-5714,191,8791,-27384,16903,15448,674,3150,4629,-850,300,2514,-1770,22343,114159,58045,2410,55635,295,9752,46067,-44827
2010:Q1,490806,72105,237898,11265,4488,20891,148598,-4438,570128,375213,126514,0,67996,405,-79321,52747,-17300,-9274,-16309,70881,3060,-90250,30395,-3831,6032,-304,1355,44907,23599,7755,10892,506,2155,6081,-850,300,3290,-387,-26198,120645,26715,-31,26746,1197,9630,83103,7035
2010:Q2,494700,69505,241437,10858,4432,20874,152133,-4538,586449,388386,130589,0,66944,530,-91748,53179,-19633,-18936,1910,88786,3018,-89895,-86366,536,-16827,400,-5518,-68190,-7566,-27276,-25409,-269,-7670,-4649,-850,300,3530,-387,5289,3529,-3491,-16416,12925,-89,9628,-2520,-20846
2010:Q3,496245,74457,242534,11362,4415,20850,147105,-4477,557402,359535,131280,0,66193,394,-61157,53543,-19990,12376,-14242,101159,2981,-118382,39255,-657,3521,1290,3817,21861,626,3126,15583,312,2214,10144,-850,300,2401,-161,-2411,157637,7467,4738,2729,367,9567,140236,26618
2010:Q4,512621,77983,244425,12609,4433,20865,156536,-4230,587870,386339,135544,0,65749,238,-75249,53942,-19973,-1334,33701,86429,2947,-55674,98716,10146,6807,1435,2496,71042,-704,32689,26056,1394,11607,8142,-850,300,3732,-161,-4373,154390,56402,10937,45465,785,9549,87654,-35035
2011:Q1,508612,78795,246700,12103,4475,20753,149613,-3828,578179,375917,136443,0,65606,214,-69568,54467,-18863,3763,-22667,70285,2916,-95869,-32150,-607,3424,-252,-3605,-20854,-5865,-9070,-5044,101,-976,-1781,-850,300,3021,168,-11114,63719,-18883,-2859,-16024,1127,9556,71919,26430
2011:Q2,518962,79850,249105,12438,4488,20685,155856,-3460,589483,390180,133314,0,65880,110,-70521,55184,-18553,3215,-15392,86720,2883,-104995,-78084,5107,-4483,2,-5199,-64406,-7045,-30416,-20457,-704,-5784,-4469,-850,300,2481,168,-6735,26911,-33027,-22466,-10561,3575,9592,46771,18607
2011:Q3,496995,81800,248629,11603,4471,20657,132934,-3099,559723,363031,130021,0,66561,111,-62728,55947,-17763,10981,-203,98408,2847,-101457,-54238,-544,5541,-136,-2001,-70768,-1593,-44396,-19946,-683,-4150,-2741,-850,300,71,56,16834,47219,-6359,10432,-16791,4128,9572,39878,11184
2011:Q4,505783,82484,250667,12241,4420,20629,138060,-2718,578048,379362,130906,0,67669,112,-72265,56619,-18922,3276,4443,85540,2808,-83904,89215,13028,13566,781,5712,46710,1894,24234,13849,439,6294,9326,-850,300,-44,56,630,173119,19802,4261,15541,-2049,9593,145773,-1168
2012:Q1,507302,82518,254236,12294,4349,20478,135730,-2303,580861,380527,131019,0,69202,113,-73559,57225,-18061,1726,-12657,69634,2766,-85057,-29664,-8193,5462,-1386,-1348,-9270,-3649,11039,-12184,-320,-4156,-2432,-850,300,2214,1813,-15974,55393,2006,-433,2439,3733,9600,40054,14384
2012:Q2,515619,84258,254876,12381,4293,20466,141337,-1991,592950,385945,136651,0,70240,114,-77331,57841,-18202,-1288,6007,86236,2736,-82965,-33672,-1657,-6523,-1036,-1030,-26115,-3340,1133,-19607,-330,-3971,-2047,-850,300,-646,1813,4119,49293,11155,-8531,19686,132,9555,28451,-7295
2012:Q3,509062,86558,254148,13015,4273,20417,132409,-1758,567874,361755,135205,0,70799,115,-58812,58311,-17761,17260,33558,96078,2718,-65238,49244,-5343,12861,-253,4250,23632,504,17331,4778,146,873,6876,-850,300,4064,1926,1781,114481,-6187,12549,-18736,-35,9531,111172,-16298
2012:Q4,524268,89795,257690,12976,4286,20457,140648,-1583,597374,388502,137876,0,70880,116,-73106,58604,-20334,5832,48899,81795,2712,-35608,-18821,6172,7165,465,-2746,-22305,-4514,4170,-18149,-325,-3487,-4928,-850,300,-72,1926,-3948,16787,-2923,448,-3371,-16019,9567,26162,-43067
2013:Q1,530389,94114,263075,13443,4322,20461,136460,-1486,597615,391458,136586,0,69454,117,-67226,58975,-18221,9971,5974,67357,2642,-64025,61768,-2500,5421,-878,5141,47103,954,22430,14577,536,8606,7989,-850,300,951,817,-1726,125793,7130,-1864,8994,399,9633,108631,3997
2013:Q2,542202,96521,264103,13514,4374,20498,144727,-1535,611219,401749,141202,0,68150,118,-69017,59425,-17334,7742,64315,84500,2594,-22779,12356,-2745,-1256,-241,-862,19172,-3172,13558,1466,467,6853,-1914,-850,300,2436,818,-2502,35135,-18282,-15103,-3179,34,9658,43725,-56573
2013:Q3,533411,91650,267170,13282,4442,20655,137693,-1481,588846,378936,142667,0,67124,119,-55435,59891,-18335,22791,7380,96251,2569,-91440,-13381,3357,7867,391,775,-26003,-2072,-19572,-5457,250,848,667,-850,300,5172,849,-5906,78059,-27027,7210,-34237,153,9732,95201,15410
2013:Q4,539710,91235,268837,13646,4521,20835,141997,-1362,613351,402933,143928,0,66369,121,-73641,60482,-17741,4582,20480,82647,2567,-64734,73183,8754,8417,-83,4754,46284,387,26650,12689,528,6030,7071,-850,300,881,850,-3195,137918,-13818,-1395,-12423,44103,9763,97870,-15898
2014:Q1,547960,93924,270973,14088,4610,20937,144600,-1172,613074,400800,146230,0,65922,122,-65115,60965,-17577,13427,-29206,67506,2565,-99278,-6017,-3025,8196,-1042,1568,-19277,-1686,-6452,-9047,-338,-1754,1823,-850,300,3087,1768,1435,93261,-10834,-2254,-8580,11074,9770,83251,42634
2014:Q2,566185,92352,275556,13767,4678,21091,159749,-1008,628996,411259,151939,0,65675,123,-62811,61392,-18024,16604,5673,86539,2595,-83461,-52372,40,-6307,-883,-1961,-34279,-3781,-3956,-19908,-538,-6096,-3859,-850,300,3470,1768,-9811,31089,-3724,-9403,5679,-10489,9913,35389,10932
2014:Q3,568006,96332,277860,14240,4720,21099,154665,-909,612852,388474,158580,0,65674,124,-44846,61846,-18440,35440,92476,98904,2656,-9084,-53851,2473,6372,-198,-4538,-50158,-5140,-17194,-22611,-902,-4311,-7981,-850,300,4775,1790,-5836,-44767,-29640,3801,-33441,-43697,10030,18540,-57035
2014:Q4,575379,98243,280152,14433,4739,21158,157447,-793,640515,413683,160792,0,65915,125,-65137,62131,-16600,13595,62047,85818,2748,-26518,65940,17296,3337,422,4291,30449,-133,23403,2375,312,4492,6159,-850,300,-304,1789,3051,92458,8614,1469,7145,126,10085,73633,-48453
2015:Q1,580110,98853,280563,14396,4750,20683,161479,-613,634784,405271,162999,0,66387,127,-54674,62292,-17191,24809,30243,70648,2860,-43265,39168,-10548,11114,-608,4439,23920,-191,17145,3738,359,2869,6541,-850,300,-3197,1370,6687,82433,22503,-816,23319,123,9980,49827,-5434
2015:Q2,591079,103822,282389,14375,4775,20460,165788,-529,655149,421237,166804,0,66980,128,-64070,62758,-17074,15762,63010,92170,2948,-32108,-8709,3840,-7547,-260,-826,-5909,-3015,-2966,-5665,129,5608,-2038,-850,300,2948,1369,264,23399,6964,-7050,14014,117,10303,6015,-47249
2015:Q3,587104,101622,284842,13940,4822,20384,161959,-464,633838,398394,167598,0,67717,129,-46734,63114,-18058,34437,55266,105250,3011,-52995,-41471,-3142,2181,119,-2010,-52209,452,-31765,-18568,-389,-1939,-3949,-850,300,2276,1406,14407,11524,-9433,691,-10124,-62,10463,10556,-20829
2015:Q4,614857,103074,287039,13528,4887,20494,186238,-402,665163,428550,167879,0,68604,130,-50306,63245,-17485,30424,70106,87918,3049,-20861,87678,1211,8407,558,6204,60920,-560,34373,16467,448,10192,9003,-850,300,-1446,1407,1964,108539,-8118,1237,-9355,-41,10417,106281,-39682
2016:Q1,596064,99571,289433,13428,4962,20867,168220,-417,653013,413335,169919,0,69628,132,-56949,63283,-18115,24448,-9369,75997,3062,-88428,-2867,896,3534,1475,854,-14534,-2595,-1971,-4707,-46,-5215,1469,-850,300,-243,2617,1615,85561,16880,-605,17485,-143,10535,58289,33817
2016:Q2,603942,102110,291502,13147,5008,21122,171644,-591,675019,432344,172016,0,70527,133,-71078,64030,-18138,11090,22972,95096,3098,-75223,12390,-1583,-3197,979,959,6425,455,11199,-1794,-296,-3139,1595,-850,300,6397,2618,-1253,87613,21738,-5284,27022,-308,10711,55472,-11882
2016:Q3,610711,104307,296114,13281,5030,21473,171308,-802,660316,414681,174213,0,71289,134,-49605,64329,-18350,33074,99697,106649,3158,-10110,70793,1820,-4928,1274,4038,51775,1915,28793,15708,542,4817,6415,-850,300,7033,2719,1197,80903,-6239,2884,-9123,-4,10841,76305,-66623
2016:Q4,620791,103948,298282,13514,5022,21836,179258,-1069,682329,433849,176416,0,71930,135,-61538,64824,-17998,21284,120173,92629,3241,24303,90674,4797,12775,1673,1503,62005,713,34261,16591,829,9611,2421,-850,300,4312,2719,-981,66371,-73,283,-356,707,11011,54726,-98889
2017:Q1,620555,105003,303228,13574,4988,22180,172996,-1414,686135,437636,175909,0,72453,137,-65580,65493,-18112,18025,23036,78351,3347,-58662,13104,140,-5625,-663,2757,19134,1308,6962,7793,202,2869,4423,-850,300,-3688,1367,-4191,71766,-13042,-224,-12818,47,11183,73578,-5011
2017:Q2,616450,100979,306556,13235,4978,22552,169733,-1583,692899,445176,175072,0,72513,138,-76449,66140,-18512,8203,20406,99182,3467,-82243,-33390,-2458,-4278,-377,62,-24538,29,-18437,-3392,-223,-2515,222,-850,300,1863,1367,-4703,48853,-3295,-5542,2247,135,11239,40774,-12203
2017:Q3,628293,106835,309376,13527,4996,22928,172257,-1626,674971,423800,178896,0,72136,139,-46678,66955,-17778,38055,82030,111684,3602,-33256,4344,-6319,5464,749,1284,855,609,-4896,3869,37,1236,2101,-850,300,4673,1246,-5159,37600,-15350,8342,-23692,40,11360,41550,-43975
2017:Q4,649909,119262,313877,13862,5040,23186,176219,-1536,700022,450944,177604,0,71333,141,-50113,67574,-17542,35003,106494,96384,3751,6359,101593,6173,18567,597,4807,60672,2280,34080,17749,484,6079,7624,-850,300,3392,1246,-935,95234,31354,2189,29165,246,11613,52021,-71490
2018:Q1,660101,121745,317043,13844,5112,23351,180361,-1356,707348,457783,179317,0,70105,142,-47247,68487,-17648,38888,89679,82402,3915,3363,-21215,-457,-5296,-1250,-2894,-9364,-1372,-7455,-3717,55,3125,-4484,-850,300,1292,4707,-2919,-24578,-19234,926,-20160,226,11797,-17367,-50792
2018:Q2,656280,113867,319462,15207,5193,23617,180229,-1296,721104,468946,182330,0,69684,143,-64824,69745,-17636,22557,76697,106412,4036,-33751,53047,-5563,-5933,-626,4206,41516,1994,13893,15863,399,9367,6669,-850,300,8389,4708,231,86798,-551,-4483,3932,215,12034,75100,-54140
2018:Q3,662935,118044,321651,15533,5287,23786,179895,-1262,699730,446114,183358,0,70112,145,-36795,70585,-19339,53129,53243,120149,4115,-71021,42208,-6692,5607,-508,2868,28102,1360,12051,10544,468,3679,4581,-850,300,10674,4613,-6487,113229,-19860,5665,-25525,296,12162,120631,-114
2018:Q4,663851,114125,323875,15869,5392,23844,182027,-1282,728655,474944,182201,0,71363,146,-64804,71470,-17556,24223,49278,98961,4153,-53836,-6184,5076,13532,294,-3031,-51346,-1437,-30903,-17070,-390,-1546,-4694,-850,300,2468,4612,27455,47652,-11300,762,-12062,366,12084,46502,-25055
2019:Q1,674388,118795,325410,17123,5497,24054,184841,-1332,728589,470279,184657,0,73505,148,-54202,72054,-18292,36144,23791,85803,4148,-66160,6565,-1599,1723,882,-337,28865,-160,29070,-665,-391,1011,-476,-850,300,2089,1979,-26011,72725,-4328,1159,-5487,248,12153,64653,12353
2019:Q2,694891,129844,328109,17176,5519,24097,191578,-1432,746802,483107,188818,0,74728,149,-51912,73180,-18036,39304,32031,112081,4171,-84220,-39348,-2323,732,1486,-2109,-29914,-1000,-18368,-5468,-483,-4595,-3261,-850,300,6281,1817,-11507,44873,-17588,-2610,-14978,264,12407,49790,7273
2019:Q3,686159,120983,331626,17455,5447,24205,187911,-1468,723675,457615,190862,0,75048,150,-37516,73905,-18603,54992,51063,125423,4220,-78580,3375,-386,4317,2318,203,4791,96,2851,3183,-139,-1200,360,-850,300,7539,2482,-17699,81956,-2669,3501,-6170,260,12365,72000,3929
2019:Q4,687493,120237,332603,17758,5286,24407,188680,-1478,751606,486762,190226,0,74466,152,-64113,74315,-18828,29030,65914,107652,4298,-46036,61213,10467,13002,2073,903,44453,428,37841,5353,117,714,1451,-850,300,3202,2156,-15944,107250,33988,4736,29252,275,12488,60499,-36884
2020:Q1,697948,123961,336551,15676,5091,24459,195159,-2949,747310,482428,191751,0,72978,153,-49362,74930,-19514,45082,41282,93542,4594,-56854,13163,3238,7196,5825,-2180,19364,-1033,9579,3076,24,7718,-3394,-850,300,-7050,4773,-14059,70017,5954,-1799,7753,109,12585,51369,3800
2020:Q2,865758,124093,316081,13559,4776,24483,388003,-5237,755521,480744,202993,0,71630,154,110237,75142,-20553,205932,187547,116319,6057,65171,161961,14941,9361,2964,12878,125255,6108,162115,-49956,981,6007,3214,-850,300,-11140,5463,-425,96790,20794,-1877,22671,163,11982,63851,18385
2020:Q3,727814,126637,336136,22544,5062,24496,217883,-4944,731942,454127,207150,0,70510,155,-4128,76222,-19890,91984,76174,129563,6130,-59519,53592,5830,9341,-1002,4629,10648,2195,27855,-12176,340,-7566,3259,-850,300,16976,1746,2715,113111,34685,3648,31037,441,12279,65706,15810
2020:Q4,739678,131137,340195,23974,5461,24683,219147,-4919,753735,477139,206933,0,69507,156,-14057,76838,-19867,82649,95593,112998,6230,-23635,113159,16792,14537,134,3972,62077,1884,71777,-12349,134,631,2230,-850,300,11367,-780,3380,136794,26731,1975,24756,286,12606,97171,-12945
2021:Q1,769056,138742,346540,24148,5986,24822,231417,-2599,765080,485543,210122,0,68783,632,3976,78274,-19494,101744,72385,93499,6326,-27440,92187,19101,-7646,1304,6249,45698,3913,55814,-23650,1034,8587,1908,-850,300,8894,3715,13514,119627,27904,-3399,31303,164,12996,78563,29359
