date,FU766000105.Q,FU765013005.Q,FU764090005.Q,FU763025000.Q,FU763013005.Q,FU762050005.Q,FU764022005.Q,FU763069175.Q,FU763061100.Q,FU763061705.Q,FU763061803.Q,FU763061503.Q,FU763061603.Q,FU763061403.Q,FU763061795.Q,FU763062000.Q,FU763063005.Q,FU763063673.Q,FU763063653.Q,FU763063663.Q,FU763063693.Q,FU763063095.Q,FU764023005.Q,FU763068005.Q,FU763069703.Q,FU763065005.Q,FU763066000.Q,FU763064105.Q,FU763064203.Q,FU763040005.Q,FU763092000.Q,FU763090005.Q,FU764194005.Q,FU764190005.Q,FU764110005.Q,FU713022003.Q,FU713068715.Q,FU764112005.Q,FU764116005.Q,FU763127005.Q,FU763123005.Q,FU763128000.Q,FU763129205.Q,FU763122605.Q,FU763130005.Q,FU762150005.Q,FU764122005.Q,FU763169175.Q,FU763163005.Q,FU763169305.Q,FU763178003.Q,FU763190005.Q,FU763194735.Q,FU763193005.Q,FU763164103.Q,FU767005005.Q,FU763066303.Q,FU763139105.Q
1945:Q4,ND,ND,ND,ND,ND,ND,ND,ND,ND,ND,ND,ND,ND,ND,ND,ND,ND,ND,ND,ND,ND,ND,ND,ND,ND,ND,ND,ND,ND,ND,ND,ND,ND,ND,ND,ND,ND,ND,ND,ND,ND,ND,ND,ND,ND,ND,ND,ND,ND,ND,ND,ND,ND,ND,ND,ND,ND,ND
1946:Q1,ND,ND,ND,ND,ND,ND,ND,ND,ND,ND,ND,ND,ND,ND,ND,ND,ND,ND,ND,ND,ND,ND,ND,ND,ND,ND,ND,ND,ND,ND,ND,ND,ND,ND,ND,ND,ND,ND,ND,ND,ND,ND,ND,ND,ND,ND,ND,ND,ND,ND,ND,ND,ND,ND,ND,ND,ND,ND
1946:Q2,ND,ND,ND,ND,ND,ND,ND,ND,ND,ND,ND,ND,ND,ND,ND,ND,ND,ND,ND,ND,ND,ND,ND,ND,ND,ND,ND,ND,ND,ND,ND,ND,ND,ND,ND,ND,ND,ND,ND,ND,ND,ND,ND,ND,ND,ND,ND,ND,ND,ND,ND,ND,ND,ND,ND,ND,ND,ND
1946:Q3,ND,ND,ND,ND,ND,ND,ND,ND,ND,ND,ND,ND,ND,ND,ND,ND,ND,ND,ND,ND,ND,ND,ND,ND,ND,ND,ND,ND,ND,ND,ND,ND,ND,ND,ND,ND,ND,ND,ND,ND,ND,ND,ND,ND,ND,ND,ND,ND,ND,ND,ND,ND,ND,ND,ND,ND,ND,ND
1946:Q4,914,153,-6913,177,224,3,-14358,94,-15158,160,3,0,0,0,157,395,151,0,0,0,0,151,9302,3133,59,4347,1763,14,0,0,3,-2278,-7843,-7898,-1146,2,-186,-480,-482,-13761,-21521,875,6858,27,6456,9,58,58,0,96,16,374,0,374,55,-169,0,ND
1947:Q1,ND,ND,ND,ND,ND,ND,ND,ND,ND,ND,ND,ND,ND,ND,ND,ND,ND,ND,ND,ND,ND,ND,ND,ND,ND,ND,ND,ND,ND,ND,ND,ND,ND,ND,ND,ND,ND,ND,ND,ND,ND,ND,ND,ND,ND,ND,ND,ND,ND,ND,ND,ND,ND,ND,ND,ND,ND,ND
1947:Q2,ND,ND,ND,ND,ND,ND,ND,ND,ND,ND,ND,ND,ND,ND,ND,ND,ND,ND,ND,ND,ND,ND,ND,ND,ND,ND,ND,ND,ND,ND,ND,ND,ND,ND,ND,ND,ND,ND,ND,ND,ND,ND,ND,ND,ND,ND,ND,ND,ND,ND,ND,ND,ND,ND,ND,ND,ND,ND
1947:Q3,ND,ND,ND,ND,ND,ND,ND,ND,ND,ND,ND,ND,ND,ND,ND,ND,ND,ND,ND,ND,ND,ND,ND,ND,ND,ND,ND,ND,ND,ND,ND,ND,ND,ND,ND,ND,ND,ND,ND,ND,ND,ND,ND,ND,ND,ND,ND,ND,ND,ND,ND,ND,ND,ND,ND,ND,ND,ND
1947:Q4,954,202,6721,170,1760,81,-4345,62,-5636,21,1,0,0,0,20,886,322,0,0,0,0,322,9477,3482,27,4243,1725,-34,0,0,3,-391,6035,6024,71,-45,18,115,-17,2243,-1646,741,3340,-192,3534,1,28,28,0,131,-110,126,0,126,11,66,0,ND
1948:Q1,ND,ND,ND,ND,ND,ND,ND,ND,ND,ND,ND,ND,ND,ND,ND,ND,ND,ND,ND,ND,ND,ND,ND,ND,ND,ND,ND,ND,ND,ND,ND,ND,ND,ND,ND,ND,ND,ND,ND,ND,ND,ND,ND,ND,ND,ND,ND,ND,ND,ND,ND,ND,ND,ND,ND,ND,ND,ND
1948:Q2,ND,ND,ND,ND,ND,ND,ND,ND,ND,ND,ND,ND,ND,ND,ND,ND,ND,ND,ND,ND,ND,ND,ND,ND,ND,ND,ND,ND,ND,ND,ND,ND,ND,ND,ND,ND,ND,ND,ND,ND,ND,ND,ND,ND,ND,ND,ND,ND,ND,ND,ND,ND,ND,ND,ND,ND,ND,ND
1948:Q3,ND,ND,ND,ND,ND,ND,ND,ND,ND,ND,ND,ND,ND,ND,ND,ND,ND,ND,ND,ND,ND,ND,ND,ND,ND,ND,ND,ND,ND,ND,ND,ND,ND,ND,ND,ND,ND,ND,ND,ND,ND,ND,ND,ND,ND,ND,ND,ND,ND,ND,ND,ND,ND,ND,ND,ND,ND,ND
1948:Q4,939,221,2501,-238,2580,5,-5950,-68,-7366,982,54,0,0,0,928,388,114,0,0,0,0,114,6784,1766,-2,3768,1252,11,0,0,3,-694,1950,1905,-179,6,-1,-146,-38,-549,995,499,-2321,278,2457,-6,-1,-1,0,77,48,58,0,58,45,167,0,ND
1949:Q1,ND,ND,ND,ND,ND,ND,ND,ND,ND,ND,ND,ND,ND,ND,ND,ND,ND,ND,ND,ND,ND,ND,ND,ND,ND,ND,ND,ND,ND,ND,ND,ND,ND,ND,ND,ND,ND,ND,ND,ND,ND,ND,ND,ND,ND,ND,ND,ND,ND,ND,ND,ND,ND,ND,ND,ND,ND,ND
1949:Q2,ND,ND,ND,ND,ND,ND,ND,ND,ND,ND,ND,ND,ND,ND,ND,ND,ND,ND,ND,ND,ND,ND,ND,ND,ND,ND,ND,ND,ND,ND,ND,ND,ND,ND,ND,ND,ND,ND,ND,ND,ND,ND,ND,ND,ND,ND,ND,ND,ND,ND,ND,ND,ND,ND,ND,ND,ND,ND
1949:Q3,ND,ND,ND,ND,ND,ND,ND,ND,ND,ND,ND,ND,ND,ND,ND,ND,ND,ND,ND,ND,ND,ND,ND,ND,ND,ND,ND,ND,ND,ND,ND,ND,ND,ND,ND,ND,ND,ND,ND,ND,ND,ND,ND,ND,ND,ND,ND,ND,ND,ND,ND,ND,ND,ND,ND,ND,ND,ND
1949:Q4,1089,250,4812,37,-3916,-17,5606,-37,4333,46,-32,0,0,0,78,902,362,0,0,0,0,362,2940,-1201,11,2904,1226,0,0,0,4,158,4142,4131,312,-7,-25,66,278,788,733,246,187,-378,2860,-8,10,10,0,-82,44,207,0,207,11,169,0,ND
1950:Q1,ND,ND,ND,ND,ND,ND,ND,ND,ND,ND,ND,ND,ND,ND,ND,ND,ND,ND,ND,ND,ND,ND,ND,ND,ND,ND,ND,ND,ND,ND,ND,ND,ND,ND,ND,ND,ND,ND,ND,ND,ND,ND,ND,ND,ND,ND,ND,ND,ND,ND,ND,ND,ND,ND,ND,ND,ND,ND
1950:Q2,ND,ND,ND,ND,ND,ND,ND,ND,ND,ND,ND,ND,ND,ND,ND,ND,ND,ND,ND,ND,ND,ND,ND,ND,ND,ND,ND,ND,ND,ND,ND,ND,ND,ND,ND,ND,ND,ND,ND,ND,ND,ND,ND,ND,ND,ND,ND,ND,ND,ND,ND,ND,ND,ND,ND,ND,ND,ND
1950:Q3,ND,ND,ND,ND,ND,ND,ND,ND,ND,ND,ND,ND,ND,ND,ND,ND,ND,ND,ND,ND,ND,ND,ND,ND,ND,ND,ND,ND,ND,ND,ND,ND,ND,ND,ND,ND,ND,ND,ND,ND,ND,ND,ND,ND,ND,ND,ND,ND,ND,ND,ND,ND,ND,ND,ND,ND,ND,ND
1950:Q4,1007,283,11178,159,1118,-6,-3902,107,-5513,-208,-16,0,0,0,-192,1571,141,0,0,0,0,141,13478,5659,97,5549,2173,24,0,0,6,301,10306,10234,1060,834,59,128,39,5526,-265,469,5132,190,2574,8,98,98,0,383,117,468,0,468,72,-149,0,ND
1951:Q1,ND,ND,ND,ND,ND,ND,ND,ND,ND,ND,ND,ND,ND,ND,ND,ND,ND,ND,ND,ND,ND,ND,ND,ND,ND,ND,ND,ND,ND,ND,ND,ND,ND,ND,ND,ND,ND,ND,ND,ND,ND,ND,ND,ND,ND,ND,ND,ND,ND,ND,ND,ND,ND,ND,ND,ND,ND,ND
1951:Q2,ND,ND,ND,ND,ND,ND,ND,ND,ND,ND,ND,ND,ND,ND,ND,ND,ND,ND,ND,ND,ND,ND,ND,ND,ND,ND,ND,ND,ND,ND,ND,ND,ND,ND,ND,ND,ND,ND,ND,ND,ND,ND,ND,ND,ND,ND,ND,ND,ND,ND,ND,ND,ND,ND,ND,ND,ND,ND
1951:Q3,ND,ND,ND,ND,ND,ND,ND,ND,ND,ND,ND,ND,ND,ND,ND,ND,ND,ND,ND,ND,ND,ND,ND,ND,ND,ND,ND,ND,ND,ND,ND,ND,ND,ND,ND,ND,ND,ND,ND,ND,ND,ND,ND,ND,ND,ND,ND,ND,ND,ND,ND,ND,ND,ND,ND,ND,ND,ND
1951:Q4,1278,287,12249,523,2375,-60,-336,59,-1414,-62,0,0,0,0,-62,1128,-47,0,0,0,0,-47,9875,4912,77,4555,331,46,0,0,8,-182,11564,11420,-468,-184,-48,-540,304,6744,553,414,6024,-247,4711,-6,78,78,0,101,162,98,0,98,144,306,0,ND
1952:Q1,274,64,835,-277,220,152,79,34,-340,-127,23,0,0,0,-150,389,123,0,0,0,0,123,437,-423,-26,833,53,23,0,0,0,201,831,786,-267,-474,138,-1,70,-855,2201,315,-3338,-33,1731,224,-26,-26,0,-322,106,195,0,195,45,206,0,ND
1952:Q2,292,65,2555,-24,-895,-148,253,-61,-124,-133,7,0,0,0,-140,367,204,0,0,0,0,204,3217,895,-33,1465,890,29,0,0,2,121,2303,2258,-371,-129,-113,-170,41,496,277,-21,134,106,2237,-197,-34,-34,0,64,-30,93,0,93,45,-25,0,ND
1952:Q3,336,58,5257,134,1200,408,1365,93,569,373,-10,0,0,0,383,385,-55,0,0,0,0,-55,2043,-36,30,1599,450,30,0,0,2,75,5130,5105,1072,157,311,671,-67,1731,343,-437,1513,312,1427,386,31,31,0,62,112,284,0,284,25,151,0,ND
1952:Q4,407,64,5569,223,-631,-394,1641,-21,1484,221,-6,0,0,0,227,50,-93,0,0,0,0,-93,4515,2266,31,1397,821,27,0,0,2,186,5329,5305,-516,229,-228,-509,-8,3735,-1239,525,4626,-177,2469,-378,31,31,0,149,1,-186,0,-186,24,103,0,ND
1953:Q1,327,101,-560,-203,198,463,-2208,-47,-2608,-47,27,0,0,0,-74,414,80,0,0,0,0,80,1279,-669,-30,1152,826,24,0,0,2,-115,-602,-632,473,-157,563,16,51,-3470,589,86,-4026,-119,1931,577,-30,-30,0,-253,-81,221,0,221,30,184,0,ND
1953:Q2,308,102,-457,40,-587,-455,-2275,-94,-1813,-437,1,0,0,0,-438,-15,84,0,0,0,0,84,2588,148,-22,1770,692,21,0,0,2,209,-783,-813,-782,-209,-636,35,28,-2254,-1896,354,-644,-68,2697,-579,-22,-22,0,107,-86,106,0,106,30,-120,0,ND
1953:Q3,329,106,6435,60,-252,188,4072,100,3501,207,18,0,0,0,189,168,96,0,0,0,0,96,2401,477,70,1647,207,22,0,0,3,-59,6151,6124,774,84,275,358,57,2981,2236,-518,1302,-39,1551,189,70,70,0,83,110,366,0,366,27,-60,0,ND
1953:Q4,323,104,4586,-138,851,-217,2938,46,919,1816,-7,0,0,0,1823,158,-1,0,0,0,0,-1,717,-914,46,1489,96,28,0,0,3,404,4483,4456,-732,250,-316,-441,-225,2845,-1724,714,3956,-101,2663,-196,47,47,0,151,233,-555,0,-555,27,116,0,ND
1954:Q1,309,97,-2257,118,-966,107,-1386,153,-2796,395,11,0,0,0,384,635,227,0,0,0,0,227,-146,-951,6,1237,-438,32,0,0,2,-18,-2480,-2508,-631,-400,119,-282,-68,-4335,914,399,-5594,-54,2627,37,6,6,0,-322,-126,236,0,236,28,-11,0,ND
1954:Q2,329,96,5556,30,-183,-111,2379,-16,2756,-826,-10,0,0,0,-816,583,-118,0,0,0,0,-118,2817,311,7,1906,593,38,0,0,3,583,5174,5144,178,32,-110,295,-39,1755,531,-21,1194,51,3218,-49,7,7,0,45,-158,148,0,148,30,-149,0,ND
1954:Q3,340,98,5234,170,-680,234,2880,137,3687,-1370,2,0,0,0,-1372,448,-22,0,0,0,0,-22,2521,338,16,2182,-15,38,0,0,3,68,5099,5014,386,-56,152,300,-10,1665,-1471,-947,4304,-221,1939,302,16,16,0,14,191,501,0,501,85,107,0,ND
1954:Q4,459,98,7528,-361,545,-210,3495,-44,1567,1730,-25,0,0,0,1755,279,-37,0,0,0,0,-37,3579,782,211,2368,218,32,0,0,4,444,7117,7032,-575,297,-164,-640,-68,5352,52,925,4024,351,2367,-311,214,214,0,178,64,-257,0,-257,85,-51,0,ND
1955:Q1,482,118,-689,361,-488,654,-4157,-76,-4570,118,18,0,0,0,100,474,-103,0,0,0,0,-103,3036,411,-52,2148,529,26,0,0,3,-124,-920,-764,334,-256,588,-48,50,-3539,-102,-113,-3089,-235,2062,653,-54,-54,0,-165,-210,155,0,155,-156,133,0,ND
1955:Q2,475,126,3800,-149,-322,-542,-2369,-129,-938,-888,4,0,0,0,-892,-217,-197,0,0,0,0,-197,6667,2582,-122,2907,1300,22,0,0,3,490,3561,3510,-12,298,-523,251,-38,1068,1008,489,-495,66,2529,-613,-122,-122,0,315,-205,550,0,550,51,110,0,ND
1955:Q3,484,135,4482,279,409,348,-1912,23,-1214,-542,9,0,0,0,-551,43,-222,0,0,0,0,-222,5152,1617,13,2859,663,19,0,0,4,183,4245,4235,847,-62,574,316,19,743,-858,-735,2387,-51,1295,417,12,12,0,258,49,614,0,614,10,112,0,ND
1955:Q4,620,141,5395,-278,530,-300,-187,-68,-586,738,18,0,0,0,720,-150,-121,0,0,0,0,-121,5829,3063,-23,2105,684,17,0,0,4,-220,5130,5086,-215,797,-542,-354,-116,3849,-511,730,3504,126,2172,-434,-24,-24,0,142,-9,-395,0,-395,44,214,0,ND
1956:Q1,551,104,711,208,-423,646,-2679,36,-2758,30,48,0,0,0,-18,119,-106,0,0,0,0,-106,2734,608,14,1868,244,15,0,0,3,207,520,444,-110,-792,599,-26,109,-2413,2461,362,-5342,106,2003,789,16,16,0,-279,-42,480,0,480,76,256,0,ND
1956:Q2,560,107,1743,-617,-139,-574,-2667,-51,-2082,-527,13,0,0,0,-540,44,-51,0,0,0,0,-51,5596,2044,19,2338,1195,11,0,0,4,129,1286,1223,-350,413,-474,-106,-183,-840,-938,818,-794,74,3049,-736,19,19,0,35,-63,109,0,109,63,-3,0,ND
1956:Q3,627,110,4836,827,213,468,327,86,328,-226,8,0,0,0,-234,134,5,0,0,0,0,5,3058,402,97,2385,174,11,0,0,4,-72,4475,4445,982,-146,341,630,157,680,-122,-1569,2469,-98,1391,693,97,97,0,-31,243,390,0,390,30,155,0,ND
1956:Q4,784,112,5443,161,403,-540,1501,-28,1404,382,-20,0,0,0,402,-65,-192,0,0,0,0,-192,3892,1797,130,1741,224,13,0,0,6,7,5370,5272,-437,605,-548,-417,-77,4305,-1377,565,4922,195,2461,-747,132,132,0,86,167,-695,0,-695,98,600,0,ND
1957:Q1,650,134,1209,-351,-709,621,941,-18,384,260,63,0,0,0,197,176,139,0,0,0,0,139,899,-409,41,1118,149,14,0,0,4,-210,1020,980,-675,-858,567,-304,-80,-2791,2652,37,-5157,-323,3447,891,41,41,0,-267,-79,413,0,413,40,327,0,ND
1957:Q2,574,134,2313,40,278,-166,-3193,-49,-3377,-190,20,0,0,0,-210,240,183,0,0,0,0,183,4737,2312,-32,1610,847,14,0,0,5,598,2010,1990,289,222,232,-7,-158,-1621,-1895,1170,-1404,508,3458,-279,-32,-32,0,118,-108,165,0,165,20,137,0,ND
1957:Q3,579,138,5562,90,-34,-45,3494,83,3107,-52,36,0,0,0,-88,195,161,0,0,0,0,161,2147,-292,175,1925,339,16,0,0,5,-111,5255,5116,436,-44,-48,546,-18,1764,1840,-1899,1825,-2,1891,36,176,176,0,40,138,635,0,635,139,134,0,ND
1957:Q4,681,136,3580,295,440,-343,686,94,-806,744,-1,0,0,0,745,413,241,0,0,0,0,241,2457,580,88,1677,112,18,0,0,5,22,3201,3127,-955,439,-726,-604,-64,1917,-2432,936,3296,117,3099,-666,89,89,0,146,130,-633,0,-633,74,167,0,ND
1958:Q1,543,139,2303,-445,-608,614,3366,363,1267,801,39,0,0,0,762,629,306,0,0,0,0,306,-942,-2009,177,1250,-360,23,0,0,3,292,1822,1803,-1375,-720,68,-842,119,-2840,1662,-64,-4104,-334,5596,567,179,179,0,-569,61,184,0,184,19,-77,0,ND
1958:Q2,461,134,9701,127,142,-62,4355,40,3026,-490,-40,0,0,0,-450,1304,475,0,0,0,0,475,4056,1304,-141,2448,445,31,0,0,3,1049,9311,9311,-285,92,10,-368,-19,4169,3900,1347,-1327,249,5343,0,-142,-142,0,233,-196,189,0,189,0,-63,0,ND
1958:Q3,464,132,3073,123,-467,63,2818,0,2180,304,-6,0,0,0,310,547,-213,0,0,0,0,-213,1459,-1674,-57,2913,277,28,0,0,3,-954,2664,2658,1256,153,209,977,-83,-2352,-5240,-1682,4965,-395,2383,330,-58,-58,0,81,75,943,0,943,6,-77,0,ND
1958:Q4,677,137,8834,109,403,-657,1800,-195,1593,307,-9,0,0,0,316,154,-59,0,0,0,0,-59,6597,3403,-70,2941,323,13,0,0,4,565,8722,8695,-74,347,-291,36,-166,6611,30,634,5496,451,3070,-897,-70,-70,0,288,35,-268,0,-268,27,428,0,ND
1959:Q1,536,141,-1048,-159,-310,833,-3136,-44,-2824,-350,46,0,0,0,-396,230,-148,0,0,0,0,-148,1721,-1029,-112,2294,568,4,0,0,3,-4,-1141,-1193,361,-550,526,181,204,-5281,-660,961,-5475,-107,2037,1089,-113,-113,0,-211,-121,1046,0,1046,52,302,0,ND
1959:Q2,561,146,6201,170,-6,-81,-2720,-166,-2450,-290,28,0,0,0,-318,146,40,0,0,0,0,40,8262,3529,-57,3397,1393,-17,0,0,4,589,5834,5821,679,100,320,294,-35,907,830,-21,-66,164,3283,255,-58,-58,0,450,-242,547,0,547,13,49,0,ND
1959:Q3,605,151,4064,-20,-428,-343,-1517,96,-1735,93,34,0,0,0,59,92,-63,0,0,0,0,-63,6386,1862,-23,3333,1214,-19,0,0,3,2,3691,3666,20,105,-563,573,-95,2090,1720,-661,1138,-107,1156,-553,-23,-23,0,258,-43,761,0,761,25,81,0,ND
1959:Q4,616,151,4697,-228,414,-479,-1053,-41,-817,-3,-33,0,0,0,30,-68,-124,0,0,0,0,-124,7439,3950,158,2715,616,-17,0,0,4,-1383,4379,4337,314,639,124,-542,93,3356,-1090,251,4149,46,1991,-689,159,159,0,339,-53,-1080,0,-1080,42,147,0,ND
1960:Q1,546,156,-2964,348,-458,981,-4888,44,-5055,263,69,0,0,0,194,-25,-115,0,0,0,0,-115,1804,-838,172,1816,654,-21,0,0,4,-734,-3188,-3212,-328,-767,362,-88,165,-6532,-640,148,-5601,-439,1763,1734,174,174,0,-614,120,471,0,471,24,166,0,ND
1960:Q2,582,155,5693,130,-188,-12,-504,71,-317,3,10,0,0,0,-7,-243,-18,0,0,0,0,-18,6023,2402,13,2495,1113,3,0,0,3,238,5088,5040,-305,45,-548,-70,268,2436,2620,-188,-264,268,3910,-429,13,13,0,250,177,-1012,0,-1012,48,-178,0,ND
1960:Q3,591,150,7851,50,530,-209,4162,133,3390,173,-19,0,0,0,192,384,82,0,0,0,0,82,3098,-621,228,2890,601,15,0,0,4,201,7413,7392,998,119,326,445,108,2067,410,-121,1747,31,3844,-334,231,231,0,-34,365,255,0,255,21,3,0,ND
1960:Q4,574,143,8370,-194,-977,-628,4300,155,3163,512,-11,0,0,0,523,446,24,0,0,0,0,24,4861,1949,288,2431,193,19,0,0,4,985,7578,7549,-182,881,-568,-317,-178,3950,-1495,377,4804,264,5194,-989,290,290,0,245,337,-1296,0,-1296,29,-361,0,ND
1961:Q1,583,141,312,284,-1089,997,599,207,-704,182,1,0,0,0,181,894,20,0,0,0,0,20,694,-2291,163,2019,803,11,0,0,4,-1188,65,43,-1271,-1092,81,-338,78,-6149,-1785,29,-4850,457,5409,1227,164,164,0,-504,-93,1260,0,1260,22,195,0,ND
1961:Q2,547,148,7839,-727,724,-1002,1574,92,1967,-11,32,0,0,0,-43,-333,-141,0,0,0,0,-141,4474,990,32,3264,188,13,0,0,5,2778,6982,6969,163,416,-71,-251,69,1683,2202,146,-561,-104,6432,-1025,33,33,0,392,-412,-297,0,-297,13,-458,0,ND
1961:Q3,547,155,11148,967,-406,1122,6011,284,4367,-59,19,0,0,0,-78,1526,-107,0,0,0,0,-107,5002,1009,121,3517,355,17,0,0,4,-1569,10708,10697,691,129,47,548,-33,3952,1388,-210,2640,134,3586,1307,122,122,0,255,-181,965,0,965,11,-48,0,ND
1961:Q4,547,170,10724,-181,1077,-1156,1931,322,507,550,-14,0,0,0,564,694,-142,0,0,0,0,-142,8321,4174,208,3419,520,24,0,0,4,704,10026,9894,967,1000,33,282,-348,5529,-1804,603,6280,450,4612,-1346,211,211,0,538,-206,-411,0,-411,132,-321,0,ND
1962:Q1,594,186,1455,211,-601,1299,104,-111,-1538,389,24,0,0,0,365,1326,38,0,0,0,0,38,1499,-1242,-148,2866,23,31,0,0,5,-1093,1582,1523,-2208,-1382,55,-1002,121,-6757,314,-510,-6859,298,8177,1421,-150,-150,0,-511,131,1420,0,1420,59,535,0,ND
1962:Q2,656,193,9493,-715,420,-1044,997,-221,-296,311,17,0,0,0,294,1399,-196,0,0,0,0,-196,7917,1908,-124,4618,1515,40,0,0,4,1874,8914,8910,269,544,-127,-111,-37,2362,3294,82,-944,-70,7321,-1131,-126,-126,0,616,33,-434,0,-434,4,-116,0,ND
1962:Q3,677,187,8599,1085,-101,666,656,139,-95,-266,38,0,0,0,-304,909,-31,0,0,0,0,-31,6669,1349,-49,4753,616,42,0,0,5,-423,8401,8381,1725,179,719,831,-4,102,-1464,-305,2321,-450,4541,829,-49,-49,0,279,233,721,0,721,20,292,0,ND
1962:Q4,674,171,15652,249,349,-565,4632,41,2098,1074,4,0,0,0,1070,1331,88,0,0,0,0,88,10532,5130,295,4391,716,36,0,0,5,414,14693,14680,-1008,1262,-725,-1046,-499,8897,-932,562,8891,376,7908,-718,298,298,0,433,99,-1229,0,-1229,13,-455,0,ND
1963:Q1,654,183,1151,-309,-1044,1239,160,115,-799,0,-3,0,0,0,3,823,21,0,0,0,0,21,2323,-2325,-49,3989,708,32,0,0,5,-1255,1113,1104,-1370,-1680,157,-451,604,-8007,172,72,-7981,-270,8385,1512,-49,-49,0,-965,103,1495,0,1495,9,434,0,ND
1963:Q2,637,173,11939,-727,555,-978,-65,-54,-1377,65,9,0,0,0,56,1465,-164,0,0,0,0,-164,10599,3169,87,5763,1580,29,0,0,5,2521,11257,11236,220,415,-98,155,-252,4062,3730,253,-255,334,7242,-1093,87,87,0,756,-298,260,0,260,21,-218,0,ND
1963:Q3,646,184,7977,1067,-344,704,-639,-137,-1656,232,74,0,0,0,158,1131,-209,0,0,0,0,-209,8080,1226,9,5681,1164,27,0,0,5,-923,8136,8136,779,-203,369,630,-17,-799,-2210,-631,2060,-18,4757,762,45,10,35,754,-20,1858,0,1858,0,621,0,ND
1963:Q4,700,213,14597,-291,428,-584,2318,94,1367,137,-18,0,0,0,155,1006,-286,0,0,0,0,-286,11598,5229,145,5012,1212,27,0,0,5,1096,14041,14022,-103,1165,-434,-422,-412,7053,-2302,1430,7647,278,8256,-837,344,146,198,760,-153,-1298,0,-1298,19,-69,0,ND
1964:Q1,804,196,2058,241,-438,1163,-354,160,-1262,-503,16,0,0,0,-519,772,479,0,0,0,0,479,1449,-3602,170,4013,868,25,0,0,6,-34,1665,1639,-1426,-1103,24,-336,-11,-6388,1322,756,-8561,95,7266,1399,358,171,187,-616,200,846,0,846,26,215,0,ND
1964:Q2,848,235,12254,39,362,-961,-1434,-90,-2292,261,9,0,0,0,252,644,43,0,0,0,0,43,13911,6467,37,5364,2043,22,0,0,5,310,11264,11250,-293,136,24,-142,-311,4062,2387,-1369,2719,325,7427,-896,151,38,113,601,-68,266,0,266,14,-376,0,ND
1964:Q3,878,265,10310,241,148,783,2996,211,1531,43,44,0,0,0,-1,1263,-52,0,0,0,0,-52,5633,-1175,21,5452,1335,24,0,0,6,479,10132,10132,918,-66,14,1001,-31,1626,-1057,8,2479,196,5829,485,166,22,144,68,40,1000,0,1000,0,435,0,ND
1964:Q4,918,282,16119,-248,729,-624,3955,172,2258,842,5,0,0,0,837,834,-151,0,0,0,0,-151,12226,6457,168,4673,928,30,0,0,5,46,15141,15138,-108,1039,63,-1127,-83,6679,-2690,929,8223,217,8813,-108,265,169,96,488,49,-940,0,-940,3,-342,0,ND
1965:Q1,972,280,3166,308,-767,717,-2159,-475,-3345,255,1,0,0,0,254,1348,58,0,0,0,0,58,5848,1012,-48,3669,1215,39,0,0,6,-826,3483,3473,-977,-1492,-47,396,166,-6840,1840,72,-8680,-72,9480,779,71,-49,120,-578,-166,1704,0,1704,10,1009,0,ND
1965:Q2,992,274,15383,138,952,-508,-738,194,-2505,-70,36,0,0,0,-106,1628,15,0,0,0,0,15,14325,6682,24,5122,2497,49,0,0,6,1159,14328,14418,1151,235,537,271,108,4937,3446,-206,1782,-85,7318,-394,622,25,597,839,-91,36,0,36,-90,-338,0,ND
1965:Q3,989,265,6443,392,-432,706,464,72,-995,198,31,0,0,0,167,1342,-153,0,0,0,0,-153,5810,-726,-33,5444,1125,47,0,0,7,-551,6558,6562,-178,56,-523,95,194,-2457,-4426,-180,1949,200,6695,931,-6,-33,27,216,106,1255,0,1255,-4,839,0,ND
1965:Q4,988,246,18735,-519,650,-183,4060,-342,3614,251,-43,0,0,0,294,732,-195,0,0,0,0,-195,14151,8824,63,4466,798,32,0,0,6,538,18053,18031,-9,843,-27,-552,-273,9841,-1845,1039,10522,125,8609,-770,136,63,73,195,22,7,0,7,22,59,0,ND
1966:Q1,905,292,1169,619,-506,-3,-2253,40,-3569,342,78,0,0,0,264,947,-13,0,0,0,0,-13,3421,-1461,-4,3721,1165,17,0,0,7,-133,1300,1308,101,-860,483,62,416,-7857,-405,448,-7785,-115,6694,-38,40,-3,43,-310,256,2422,0,2422,-8,745,0,ND
1966:Q2,871,276,14416,-236,623,-1,-1586,-328,-2771,526,23,0,0,0,503,976,11,0,0,0,0,11,14757,9427,26,3871,1433,-1,0,0,6,854,13768,13768,1299,569,-292,910,112,6471,5877,239,508,-153,5733,-48,86,25,61,1096,-438,-431,0,-431,0,-54,0,ND
1966:Q3,900,268,948,596,-494,241,444,63,184,-760,88,0,0,0,-848,812,145,0,0,0,0,145,215,-2997,-40,2913,339,1,0,0,7,-62,1007,1015,2538,-310,692,1021,1135,-6617,-4997,-965,-883,228,2181,248,-40,-40,0,392,-11,2324,0,2324,-8,691,0,ND
1966:Q4,854,273,11673,-380,1724,161,2720,141,2588,287,13,0,0,0,274,-455,159,0,0,0,0,159,8115,5902,186,1884,143,24,0,0,7,-698,10788,10785,284,863,-806,-629,856,9624,-1008,1081,9325,226,4849,224,188,188,0,-240,118,-4262,0,-4262,3,-304,0,ND
1967:Q1,752,208,5361,520,-1175,739,6602,657,1966,746,149,0,0,0,597,2393,840,0,0,0,0,840,-1871,-2924,81,1136,-164,41,0,0,19,486,5146,5146,-3086,-1250,-144,-1115,-577,-6776,528,-420,-6783,-101,13148,776,285,82,203,-1760,166,2393,0,2393,0,329,0,ND
1967:Q2,819,241,13625,-1116,886,674,1901,192,-3917,1158,67,0,0,0,1091,3473,995,0,0,0,0,995,10367,4830,342,3519,1676,58,0,0,19,836,13095,13099,900,85,24,844,-53,2573,-368,580,2445,-84,10959,811,368,345,23,-873,-339,-1300,0,-1300,-4,47,0,ND
1967:Q3,816,288,16938,1398,534,26,9538,264,7070,242,8,0,0,0,234,1167,795,0,0,0,0,795,4885,-1306,12,4910,1269,63,0,0,21,473,16749,16789,2132,-110,118,1246,878,4283,1870,-924,3103,234,7939,289,47,12,35,-180,81,2198,0,2198,-40,339,0,ND
1967:Q4,851,357,28479,-321,1053,19,5439,-166,2406,1083,12,0,0,0,1071,1937,179,0,0,0,0,179,21332,15845,137,4458,892,57,0,0,23,877,18986,18977,1430,1248,-30,-111,323,11924,-1788,1281,12169,262,7427,279,146,138,8,264,8,-2501,0,-2501,9,-8998,0,ND
1968:Q1,999,300,-4902,319,140,398,2609,285,-299,805,233,0,0,0,572,1336,482,0,0,0,0,482,-7857,-11361,15,3286,203,58,0,0,23,-592,2571,2576,-240,-1139,1249,-1155,805,-10140,86,152,-10296,-82,8506,721,15,15,0,-117,13,3818,0,3818,-5,8172,0,ND
1968:Q2,1056,348,12649,-1060,230,368,-1627,-315,-2878,-57,123,0,0,0,-180,1279,344,0,0,0,0,344,13797,6624,-40,4808,2405,57,0,0,25,859,11760,11760,2638,594,-1098,1931,1211,4359,-350,568,4219,-78,3994,830,136,-40,176,620,-98,-719,0,-719,0,-180,0,ND
1968:Q3,1162,381,20096,1470,951,962,7677,405,3574,536,72,0,0,0,464,2808,354,0,0,0,0,354,7726,162,33,5204,2327,68,0,0,27,1215,20013,20043,2110,-168,1273,234,771,5001,4070,-1805,2538,198,9401,470,116,33,83,137,102,2706,0,2706,-30,699,0,ND
1968:Q4,1126,390,23674,535,-554,985,5305,-419,1667,334,2,0,0,0,332,3194,529,0,0,0,0,529,18269,10882,80,5317,1990,68,0,0,28,-962,22551,22574,-357,1712,-1377,331,-1023,12960,-4030,2397,14357,236,10084,467,81,82,-1,233,-44,-850,0,-850,-23,-387,0,ND
1969:Q1,1205,467,-3030,-705,207,378,-4012,313,-5068,198,167,0,0,0,31,192,353,0,0,0,0,353,3124,-1832,29,4146,781,60,0,0,30,-2112,-1973,-1948,2337,-1448,809,-605,3581,-14666,500,-195,-14960,-11,1891,1833,-95,29,-124,72,154,6526,1000,5526,-25,1795,0,ND
1969:Q2,1298,441,13524,-242,-1258,298,-3621,150,-5452,346,71,0,0,0,275,1324,11,0,0,0,0,11,16246,8029,333,5326,2558,58,0,0,32,2011,12981,12977,5919,-562,52,2848,3581,6929,129,249,6562,-11,-547,1844,248,336,-88,1082,-156,-2342,1000,-3342,4,314,0,ND
1969:Q3,1379,421,2206,692,1700,1375,-2298,76,-1400,-520,-41,0,0,0,-479,-353,-101,0,0,0,0,-101,3096,-3209,282,5015,1008,58,0,0,34,-2451,3658,3655,1083,841,477,-1328,1093,-3088,1971,-425,-4820,186,-5906,1856,290,284,6,1527,120,7773,1000,6773,3,2410,0,ND
1969:Q4,1420,399,14979,370,-423,1424,579,-124,245,797,-106,0,0,0,903,-529,190,0,0,0,0,190,12464,8553,175,3024,712,62,0,0,35,468,14451,14464,2296,1127,-1343,-450,2962,15488,-2556,1053,16786,205,1263,1690,200,178,22,1349,-34,-7788,1000,-8788,-13,493,0,ND
1970:Q1,1401,365,-7689,-380,483,786,-1281,-56,-4488,897,71,0,0,0,826,987,1379,0,0,0,0,1379,-7320,-7728,-79,1372,-885,75,0,0,39,-91,-6276,-6303,-800,-1203,1371,4,-972,-16677,1086,-1113,-16670,20,3422,510,-57,-80,23,456,439,6404,1000,5404,27,2449,0,ND
1970:Q2,1298,376,16182,150,-577,519,4324,256,-740,571,124,0,0,0,447,2730,1507,0,0,0,0,1507,10916,5999,496,2921,1500,82,0,0,40,728,15785,15777,-1,325,-1224,1423,-525,7433,1936,616,4868,13,11512,466,534,501,33,491,-286,-4372,1000,-5372,8,525,0,ND
1970:Q3,1269,420,20924,170,1947,2595,9970,541,5105,1580,211,0,0,0,1369,2780,-36,0,0,0,0,-36,7685,1694,-100,4663,1428,87,0,0,43,-1573,22946,22857,-772,-249,523,386,-1432,-756,394,-924,-488,262,19990,434,-84,-101,17,289,187,3569,2000,1569,89,2871,0,ND
1970:Q4,1250,472,30512,-213,212,2461,13815,302,5872,3020,277,0,0,0,2743,3984,637,0,0,0,0,637,12508,6356,968,4965,219,89,0,0,45,1595,30949,30946,-2187,1948,-518,-746,-2871,15154,-532,1626,13831,229,17670,515,1003,978,25,90,18,-1317,2000,-3317,3,1215,0,ND
1971:Q1,1135,488,18981,183,1782,675,10369,453,911,1520,274,0,0,0,1246,4498,2987,0,0,0,0,2987,1915,-3787,92,5272,338,96,0,0,49,3912,20032,19838,-2242,-1711,56,2237,-2824,-14557,-3418,-1066,-9769,-304,28770,1885,508,93,415,-925,253,6146,1000,5146,194,1698,0,ND
1971:Q2,1237,547,25457,404,-1382,-466,6472,-271,-1156,3404,242,0,0,0,3162,3268,1227,0,0,0,0,1227,20217,7193,378,9594,3052,108,0,0,51,53,25211,25033,-158,-1,55,1061,-1273,10735,3892,579,6591,-327,16707,1906,469,381,88,-2449,-455,-1722,1000,-2722,178,444,0,ND
1971:Q3,1451,560,19222,466,874,2120,1970,113,-2672,1077,350,0,0,0,727,2132,1320,0,0,0,0,1320,14513,109,402,11097,2905,104,0,0,54,-879,20580,20423,-2022,-22,-64,-1717,-219,-2192,508,-1271,-1506,77,14388,1894,543,406,137,396,133,7283,2000,5283,157,2249,0,ND
1971:Q4,1453,542,35255,-559,2364,2130,11328,146,5754,1759,62,0,0,0,1697,3105,564,0,0,0,0,564,18725,6512,-207,9781,2639,167,0,0,58,1042,33638,33543,-2880,1816,-343,-2783,-1570,19054,1249,1660,16087,58,18701,1914,6,-209,215,299,87,-3638,1000,-4638,95,-706,0,ND
1972:Q1,1460,529,19723,509,683,1150,4653,-632,-1984,2103,248,0,0,0,1855,2621,2545,0,0,0,0,2545,11669,484,77,9831,1277,182,0,0,61,816,20318,20107,-6208,-1670,991,-5179,-350,-5991,-1429,-523,-4386,347,23924,3291,574,78,496,-1944,-26,6487,1000,5487,211,1526,0,ND
1972:Q2,1488,505,29188,-1251,-989,-154,1708,-175,-2860,1475,242,0,0,0,1233,1803,1465,0,0,0,0,1465,27412,9740,-733,13903,4502,202,0,0,65,2195,29828,29458,1083,626,-900,913,444,5105,343,545,3840,377,19976,3196,-603,-740,137,83,-305,923,1000,-77,370,1623,0,ND
1972:Q3,1436,515,26532,2041,-790,3067,2987,-255,-104,1017,187,0,0,0,830,2186,143,0,0,0,0,143,20795,2605,-373,14992,3571,164,0,0,69,-1801,27488,27323,-3289,443,712,-3566,-878,3963,387,-639,3879,336,20385,1514,-241,-378,137,661,145,4185,2000,2185,165,1877,0,ND
1972:Q4,1644,592,50114,-174,-1045,2469,11087,967,6555,2710,411,0,0,0,2299,1002,-147,0,0,0,0,-147,34217,15860,236,14325,3796,55,0,0,73,3432,51335,50913,1074,232,1139,655,-952,21186,1405,1540,17909,332,21077,1887,607,240,367,1243,12,3827,2000,1827,422,2273,0,ND
1973:Q1,1701,616,25746,241,1226,2137,-5166,-1300,-5926,976,3006,0,0,0,-2030,816,268,0,0,0,0,268,26743,10644,-31,12237,3893,149,0,0,78,338,24003,23503,-3038,-1853,47,-518,-714,-14247,512,-1530,-12970,-259,30364,5385,-100,-32,-68,441,336,4362,0,4362,500,-657,0,ND
1973:Q2,1789,733,33965,-1223,-2055,-41,-259,-346,-4056,3451,627,0,0,0,2824,1116,-424,0,0,0,0,-424,34464,12568,303,16251,5342,162,0,0,83,2834,32756,32296,-1199,-73,-258,-962,94,5291,-959,1108,4536,606,18465,3115,205,305,-100,2725,-324,4018,1000,3018,460,-152,0,ND
1973:Q3,1886,834,27445,2005,6144,1145,-1303,743,-3791,2730,-47,0,0,0,2777,752,-1737,0,0,0,0,-1737,24275,5277,746,14208,4044,-73,0,0,87,-4835,25444,24738,4856,988,2752,1418,-302,-4358,-2220,-1529,-840,231,14353,3223,736,755,-19,3153,106,2669,-500,3169,706,-948,0,ND
1973:Q4,2062,930,34440,1017,-3902,2229,8096,163,3293,2458,-172,0,0,0,2630,2994,-812,0,0,0,0,-812,21321,8368,578,9661,2714,137,0,0,93,5449,32732,33182,-6567,63,-3264,-2507,-859,25974,1659,2026,20641,1648,11252,2836,778,583,195,849,3,-1943,1000,-2943,-450,-576,0,ND
1974:Q1,2070,910,17941,-979,1350,5608,3194,157,-912,1627,723,0,0,0,904,2046,276,0,0,0,0,276,11796,2953,1019,8030,-206,167,0,0,99,-3294,19177,18927,2312,-877,775,913,1501,-20233,-1255,-1637,-17799,458,24788,4789,1094,1029,65,-152,291,6038,1500,4538,250,2396,0,ND
1974:Q2,2019,1007,34050,-1354,1676,2360,-1860,302,-5581,1385,251,0,0,0,1134,2550,-516,0,0,0,0,-516,33838,16009,2406,12375,3048,-9,0,0,105,-706,32979,32729,2547,75,1177,4995,-3700,1360,-243,2353,-1203,453,20659,5427,2541,2431,110,2647,-314,-2138,2000,-4138,250,-59,0,ND
1974:Q3,2141,1096,17177,2152,3170,2306,-2559,139,-2362,568,173,0,0,0,395,-876,-28,0,0,0,0,-28,17314,4323,2289,8613,2089,9,0,0,111,-5326,18456,18206,-1063,1424,1982,-2766,-1703,-2369,-987,-2532,1069,81,10635,1373,2301,2311,-10,3130,190,4009,1500,2509,250,2324,0,ND
1974:Q4,1900,1137,18957,1133,-7413,2899,8053,174,3854,1180,384,0,0,0,796,1734,1111,0,0,0,0,1111,12966,7482,1959,4476,-951,29,0,0,118,1172,17508,17258,-10942,-1720,-4893,-4167,-162,20047,-2573,1764,19777,1079,17688,1365,1969,1979,-10,1032,18,-13919,1000,-14919,250,-686,0,ND
1975:Q1,2143,1101,5494,-1078,4594,1795,11149,1388,5383,1921,1169,0,0,0,752,-121,2578,0,0,0,0,2578,-12532,-13179,197,3011,-2561,61,0,0,125,1380,6334,6084,-2065,162,514,1565,-4306,-19890,-859,-1336,-16175,-1520,25301,785,244,199,45,-3640,219,5130,1500,3630,250,1881,0,ND
1975:Q2,2153,1135,24688,-478,-4461,1429,19135,-520,9653,2779,1506,0,0,0,1273,1962,5261,0,0,0,0,5261,10757,1129,-792,9298,1122,82,0,0,133,-1909,25327,25077,-6892,-372,-252,-1603,-4665,12594,-835,942,11709,778,19518,660,-773,-800,27,-1361,-498,1829,2000,-171,250,1657,0,ND
1975:Q3,1890,1195,17679,1084,3387,-10662,9354,839,9024,1558,909,0,0,0,649,427,-2494,0,0,0,0,-2494,6334,-6523,-760,10658,2959,6,0,0,142,8034,20759,20509,5010,615,841,1819,1735,-4250,65,-1565,-2532,-218,15465,-7857,-650,-768,118,679,38,12074,2000,10074,250,3775,0,ND
1975:Q4,2339,1242,36312,1084,-3311,4109,13080,2083,9836,1488,898,0,0,0,590,989,-1316,0,0,0,0,-1316,18787,4391,1550,10337,2509,12,0,0,149,2402,32765,32515,-6124,1282,-1173,-4125,-2108,18916,-63,2074,16404,501,19774,-580,1614,1565,49,363,35,-1483,1500,-2983,250,-2451,0,ND
1976:Q1,2624,1343,17731,-995,2098,-1316,12370,-697,6681,2065,2086,0,0,0,-21,-1950,6271,0,0,0,0,6271,3008,-8509,139,11538,-160,5,0,0,159,2402,20354,19954,-597,-1578,-175,3054,-1898,-17189,-734,-2755,-13243,-457,28601,4241,312,141,171,-2088,66,6608,1000,5608,400,3903,0,ND
1976:Q2,2715,1339,33405,724,-690,-968,5924,235,2962,806,1069,0,0,0,-263,3332,-1411,0,0,0,0,-1411,29872,7692,705,16916,4559,21,0,0,169,-1647,33419,33019,-4093,1467,260,-1502,-4318,10626,2248,1365,6842,171,20350,2504,979,713,266,-483,23,3113,900,2213,400,1390,0,ND
1976:Q3,2662,1333,30437,306,2256,1926,6898,934,2724,2935,1526,0,0,0,1409,390,-85,0,0,0,0,-85,20137,-2166,-147,17752,4698,-33,0,0,152,-1205,30067,29667,2084,-766,12,2651,187,-4346,1052,-816,-5320,738,19073,4685,25,-149,174,788,59,7299,1100,6199,400,959,0,ND
1976:Q4,2407,1303,51131,-166,-4558,9411,13178,3089,9479,-888,-716,0,0,0,-172,1420,78,0,0,0,0,78,33892,11882,2339,16049,3622,70,0,0,190,-886,46474,46074,-8679,-210,-301,-4959,-3209,22555,-2655,1195,22788,1227,33350,6419,2523,2362,161,-200,60,-9954,1540,-11494,400,-3552,0,ND
1977:Q1,2460,1376,29977,3,1725,355,7119,-2754,3578,2667,2444,0,0,0,223,1363,2265,0,0,0,0,2265,17274,718,137,14516,1903,70,0,0,202,3229,32394,32319,1173,312,124,2120,-1383,-13732,403,-1415,-12022,-698,35595,3738,188,139,49,-1400,86,6671,1360,5311,75,3501,0,ND
1977:Q2,2557,1392,44877,601,-2321,-2166,2460,273,-2315,1868,555,0,0,0,1313,4327,-1693,0,0,0,0,-1693,42098,8515,597,24890,8096,125,0,0,214,3866,43122,43047,613,691,111,1084,-1273,7229,-606,1525,6044,266,21811,3068,1289,602,687,1255,106,7676,1000,6676,75,-590,0,ND
1977:Q3,2626,1459,39623,-1399,-609,958,2342,55,-2390,1414,1333,0,0,0,81,3323,-60,0,0,0,0,-60,38755,6022,-98,25751,7080,122,0,0,228,-774,39154,38929,-79,-1648,1032,-6493,7030,-411,2474,-1025,-1650,-210,27374,4579,158,-99,257,1337,110,5861,1000,4861,225,698,0,ND
1977:Q4,2672,1605,58430,2596,2917,7917,3917,2775,450,2063,447,0,0,0,1616,586,-1957,0,0,0,0,-1957,42102,10329,1869,23791,6113,53,0,0,241,-1313,54651,54454,-7828,1854,-1027,-1871,-6784,29004,2021,2148,22517,2318,28483,3657,2605,1889,716,3119,97,-4683,3048,-7731,197,-2712,0,ND
1978:Q1,2052,1632,23190,-2300,830,-3348,869,-2985,-1167,2404,1536,0,0,0,868,318,2299,0,0,0,0,2299,23220,3558,-1178,17779,3061,103,0,0,237,3579,25323,25023,-1647,-1078,67,2537,-3173,-24314,-3755,-2248,-17307,-1004,33820,6850,-1136,-1191,55,1105,89,10256,752,9504,300,2553,0,ND
1978:Q2,2430,1893,58067,266,-269,-1185,3540,-56,-1669,2668,1123,0,0,0,1545,3263,-666,0,0,0,0,-666,52042,14736,86,26025,11195,-9,0,0,250,3432,56764,56413,1771,586,1096,-3340,3429,15747,4400,1510,9511,326,21919,963,612,88,524,3996,85,11320,2290,9030,351,-765,0,ND
1978:Q3,2693,2067,46660,253,-1075,-2488,5712,665,-3128,4267,1270,0,0,0,2997,3313,595,0,0,0,0,595,35417,2857,-1869,25925,8504,-64,0,0,264,8641,44695,44452,5450,401,-63,-647,5759,-445,-19,-1089,1332,-669,26836,2454,-1720,-1888,168,3884,80,7913,964,6949,243,-1339,0,ND
1978:Q4,2736,2230,61174,3329,4289,6661,3474,612,-2850,3116,984,0,0,0,2132,3051,-455,0,0,0,0,-455,43158,13125,2546,22707,4780,38,0,0,279,-54,54577,54328,-11160,2797,-193,-6919,-6845,20357,-6023,1857,23224,1299,24728,314,2648,2552,96,3512,74,13855,1769,12086,249,-6091,0,ND
1979:Q1,2341,2037,28702,-3125,452,2438,5251,-700,764,2244,1438,0,0,0,806,1889,1054,0,0,0,0,1054,20954,2874,216,14959,2905,30,0,0,296,2406,30876,30627,15774,-2179,-209,2291,15871,-33638,-9912,-2438,-19151,-2137,26348,14629,412,225,187,-789,80,7811,592,7219,249,2478,0,ND
1979:Q2,2622,2165,60359,927,-1490,4682,461,1019,-1927,3343,1167,0,0,0,2176,1459,-3433,0,0,0,0,-3433,50671,17029,1554,23954,8134,28,0,0,311,4769,56729,56415,3784,-413,595,-3007,6609,24443,12113,1090,9493,1747,5363,7531,2403,2134,269,3190,95,9606,423,9183,314,-3174,0,ND
1979:Q3,2480,2426,49957,337,-1411,7235,6997,297,-1953,2948,976,0,0,0,1972,3883,1822,0,0,0,0,1822,46206,11797,3009,22911,8489,-58,0,0,330,-9679,44962,44591,-5574,-1270,-402,-6528,2626,10773,3586,-855,6982,1060,28553,3356,4142,3477,665,3525,70,-254,2149,-2403,371,-4941,0,ND
1979:Q4,2312,2679,43331,4879,1030,223,7288,1579,1304,4062,1430,0,0,0,2632,1939,-1596,0,0,0,0,-1596,32087,8683,1238,15578,6588,-59,0,0,348,-2465,40340,39946,-4817,4113,298,-940,-8288,24859,-5387,1922,25617,2707,20724,-3679,1738,1217,521,3242,-1,-2120,3077,-5197,394,-3358,0,ND
1980:Q1,1024,2584,20806,-3155,2278,-2136,4997,-1055,558,2832,1311,0,0,0,1521,609,2053,0,0,0,0,2053,11852,2521,2733,8474,-1876,-337,0,0,368,6939,16809,16726,1120,-3085,1048,-3526,6683,-25203,-6376,-2298,-15950,-579,29485,-1313,2673,2698,-25,2284,-67,7747,694,7053,83,-5558,0,ND
1980:Q2,777,2700,21461,696,1320,8144,14854,2725,1890,4465,1488,0,0,0,2977,3533,2241,0,0,0,0,2241,-3220,-6123,2492,5596,-5185,-16,0,0,389,-706,18756,18672,-26280,485,-2287,-6000,-18478,14319,4927,1351,5128,2913,16741,14170,3483,2911,572,-1758,-143,-1860,2348,-4208,84,-4627,0,ND
1980:Q3,721,2888,44258,1278,-5190,4318,19178,584,8378,6319,3274,0,0,0,3045,5160,-1263,0,0,0,0,-1263,24624,8194,21,14173,2236,-34,0,0,411,-327,40788,40688,-11651,-975,767,-1520,-9923,11121,6064,-1034,9289,-3198,28109,8993,226,196,30,1797,-160,2253,1593,660,100,-5637,0,ND
1980:Q4,1174,3038,69005,2500,-897,-81,18950,-123,5919,6374,2760,0,0,0,3614,3356,3424,0,0,0,0,3424,42167,22903,592,16698,1974,-149,0,0,435,6080,63370,63270,-11737,1275,827,-9437,-4402,11554,-7173,1450,16581,696,57577,1150,369,426,-57,4802,-127,-318,108,-426,100,-7499,0,ND
1981:Q1,-40,3040,16966,-2519,-1480,7214,5641,-277,3961,3751,1191,0,0,0,2560,-921,-873,0,0,0,0,-873,3893,-4483,3753,7977,-3354,-135,0,0,459,3893,16488,16376,-6666,-1206,-1153,-232,-4075,-13307,-1698,-2673,-7234,-1702,16794,10291,3291,3621,-330,212,-97,5858,2873,2985,112,-3558,0,ND
1981:Q2,-455,3165,46258,1261,-2775,-3579,3346,1297,-21,2978,1608,0,0,0,1370,1235,-2143,0,0,0,0,-2143,42375,24526,985,13786,3078,-240,0,0,485,5385,45994,45877,-3563,-755,354,-4159,997,11957,6787,1171,1963,2036,18501,2701,888,1126,-238,6920,-89,8562,2917,5645,117,-3884,0,ND
1981:Q3,-854,3342,36141,636,3344,521,4299,-920,-3004,5748,1534,0,0,0,4214,2773,-298,0,0,0,0,-298,26961,11535,1673,10097,3656,-109,0,0,512,-23,36866,36741,-3058,305,1476,-6059,1220,2658,2554,-1364,1690,-222,28983,1120,1526,1899,-373,8252,-75,-2665,1661,-4326,125,-3471,0,ND
1981:Q4,-1455,3567,66334,-562,-1914,20540,9494,900,908,4687,2521,0,0,0,2166,2630,369,0,0,0,0,369,42866,34323,1835,4776,1932,-110,0,0,542,-4522,74815,74683,-14823,-1049,-885,-4564,-8325,21263,-8757,1435,31719,-3134,50775,21138,2203,1871,332,847,-63,-6657,5122,-11779,132,3459,0,ND
1982:Q1,-1521,3181,32681,-2011,1052,-2277,16904,3570,3783,8615,7307,0,0,0,1308,-590,1526,0,0,0,0,1526,8282,9760,380,-456,-1402,-155,0,0,730,10157,21606,21467,-12203,120,1045,5710,-19078,-19168,2066,-2087,-17148,-1999,45019,2952,1091,1419,-328,968,-39,2847,-1873,4720,139,-15777,0,ND
1982:Q2,-1020,3349,39457,3485,-6078,-2623,3280,-1768,-2372,9742,7576,0,0,0,2166,-1156,-1166,0,0,0,0,-1166,29953,23677,3077,528,2671,-93,0,0,201,11331,32566,32420,-16615,663,-1008,3190,-19460,1722,-1514,1276,1482,478,33191,-3688,2216,2338,-122,3236,-18,12376,-3745,16121,146,-11260,0,ND
1982:Q3,-1234,3575,38818,-899,-115,6007,14384,1581,2279,8856,7576,0,0,0,1280,-266,1934,0,0,0,0,1934,12139,9610,68,-1444,3905,-116,0,0,296,7122,47830,47677,-17236,-1995,-515,-2714,-12012,16503,9486,-1265,9147,-865,35468,8306,1016,352,664,-1756,-9,5385,12348,-6963,153,4203,0,ND
1982:Q4,-656,3861,79525,334,6055,15377,42831,-621,19111,11634,9680,0,0,0,1954,6312,6395,0,0,0,0,6395,11903,12154,3445,-7829,4133,-111,0,0,85,3051,81813,81653,-5853,2185,-406,1147,-8779,28296,-3977,905,31228,140,56294,6667,6219,5400,819,-1641,-15,-8315,7247,-15562,160,-2229,0,ND
1983:Q1,470,2907,36710,-1246,-3234,-2752,38479,433,21717,15311,11446,0,0,0,3865,-4904,5922,0,0,0,0,5922,-3186,-2123,-4169,5753,-2647,79,0,0,419,8152,36986,36819,-14794,-2249,2091,-6191,-8445,-10671,-2301,-1737,-7488,855,57239,-1229,-4587,-4776,189,-5534,-9,16404,-4282,20686,167,-2161,0,ND
1983:Q2,1519,3198,70111,2165,-4829,76,34451,-557,18027,8264,7876,0,0,0,388,1215,7502,0,0,0,0,7502,37879,10691,3516,18223,5449,60,0,0,221,87,75802,75628,5116,534,802,7255,-3475,22173,7597,1933,12145,498,36394,681,2132,2222,-90,-487,-4,9623,-501,10124,174,4012,0,ND
1983:Q3,1204,3503,65180,-3041,2996,-5631,20991,189,10399,9983,10005,0,0,0,-22,1843,-1423,0,0,0,0,-1423,46707,4669,1850,29378,10810,72,0,0,282,2804,65970,65770,445,-1080,-1985,-2372,5882,-1852,676,-2132,292,-688,45918,4370,1837,1793,44,-173,-12,15237,8615,6622,200,-1509,0,ND
1983:Q4,1293,3849,71869,3586,690,-724,19545,-834,8656,3262,4676,0,0,0,-1414,5465,2996,0,0,0,0,2996,50656,6288,3420,26894,14054,106,0,0,484,-2474,86709,86469,13524,1623,-707,-16304,28911,15125,-11315,1737,23999,704,35965,7373,3517,3789,-272,1609,-4,9360,8489,871,240,12284,0,ND
1984:Q1,727,3429,76670,-3663,818,5623,23418,-576,11569,6005,6512,0,0,0,-507,-793,7213,25,0,0,0,7188,51385,18392,-1681,25202,9472,110,0,0,248,-1269,67741,67481,7139,-776,-22,13361,-5424,-5064,1519,2046,-8360,-269,54207,12308,-2812,-2706,-106,-1034,-220,2957,-5728,8685,260,-11631,0,ND
1984:Q2,673,3672,98909,740,-2015,1495,803,-959,-4907,8654,7345,0,0,0,1309,-395,-1590,62,0,0,0,-1652,93629,26541,4982,43157,18949,-26,0,0,726,3557,96853,96583,11428,-1442,3864,3443,5563,5212,-1000,2578,3429,205,58501,4123,7630,5523,2107,8390,210,1087,-4605,5692,270,-5056,0,ND
1984:Q3,1572,3893,97603,272,3260,-1881,15905,387,2007,4290,2880,0,0,0,1410,5369,3852,13,0,0,0,3839,58744,11539,-4789,36442,15552,-77,0,0,17,21363,116812,116532,6152,944,1873,9413,-6077,3150,12678,-2050,-7536,58,54333,9827,-5645,-5363,-282,7238,51,41426,17054,24372,280,16889,0,ND
1984:Q4,1815,4132,109152,5893,-1993,16839,11687,-1183,1648,-3387,-6231,0,0,0,2844,8101,6508,-63,0,0,0,6571,66270,27829,-1359,25855,13945,-163,0,0,482,10137,119664,119374,-8784,566,-3056,1793,-8087,33329,-9172,3094,36419,2988,68017,5934,2749,-1026,3775,1783,-173,16520,11589,4931,290,8195,0,ND
1985:Q1,2699,3718,29817,-6180,5028,-12087,5672,-343,12496,-706,-468,0,0,0,-238,-4743,-1032,12,0,0,0,-1044,31367,3492,-2987,19497,11365,101,0,0,425,5490,28366,28066,7437,-557,-995,1479,7509,-27682,-1907,-2426,-21447,-1902,46334,-2583,-1471,-3311,1840,289,17,5725,-485,6210,300,-2470,0,ND
1985:Q2,3004,4081,66616,799,89,12248,-4641,-775,-3146,-6979,-9185,0,0,0,2206,2011,4248,-19,0,0,0,4267,47173,10237,-3908,27486,13358,140,0,0,331,10477,68452,68102,-1625,-36,-1244,-263,-82,30541,10365,3677,15507,992,24730,-4187,-2241,-3646,1405,5182,-403,16105,2633,13472,350,760,0,ND
1985:Q3,4317,4445,75351,2213,-174,5912,19554,-1374,3052,6560,8417,0,0,0,-1857,10842,474,142,0,0,0,332,51921,7521,-794,32086,13108,-39,0,0,-400,-3635,77568,77208,-1399,-193,1182,-1293,-1095,17984,-7352,-1631,26389,578,25600,16689,1027,-1344,2371,6363,292,10652,9362,1290,360,2089,0,ND
1985:Q4,5272,4986,119341,4467,1155,12937,39536,-933,-10151,-1215,-1661,0,0,0,446,49758,2077,-144,0,0,0,2221,50919,14327,-3383,26028,13947,-270,0,0,-83,10680,130224,129849,13707,919,540,4793,7455,40804,9145,1834,29461,364,33122,22485,905,-2554,3459,3317,290,15219,3623,11596,375,11170,0,ND
1986:Q1,5891,4101,22043,-4286,2313,5987,1219,1421,3413,11024,4559,0,0,0,6465,-17827,3188,602,0,0,0,2586,12856,2174,-2375,13284,-227,220,0,0,385,3349,27043,26718,-2604,-428,-2242,-4140,4206,-21781,-13849,-2235,-5488,-209,32201,7496,-1808,-3597,1789,-1405,134,14485,9794,4691,325,6791,0,ND
1986:Q2,6612,4455,66992,970,444,2224,25689,-1551,1637,24687,22917,0,0,0,1770,-5371,6287,607,0,0,0,5680,38139,9097,-1819,20257,10604,615,0,0,333,-1422,72496,72171,-5090,-277,134,801,-5747,47031,13276,5367,27888,500,11447,5712,78,-1814,1892,7776,283,4934,2764,2170,325,7662,0,ND
1986:Q3,5813,4672,68544,388,5455,-8965,43147,-1504,2471,22836,20336,0,0,0,2500,8908,10436,1012,0,0,0,9424,22301,-8234,-1458,24123,7870,864,0,0,-320,5674,62648,62298,4563,566,-73,2341,1730,3495,2987,-3323,3852,-21,28691,9731,1677,-802,2479,4376,294,9471,1451,8020,350,-4755,0,ND
1986:Q4,2946,4801,127953,3043,10672,5331,19664,2443,1840,24225,20904,0,0,0,3321,-14408,5564,1113,0,0,0,4451,81923,41621,-1600,31897,10005,438,0,0,-2144,9026,119878,119528,-11783,412,686,-8587,-4294,81588,-731,3401,76506,2412,23338,19215,-1493,-2468,975,9849,-362,-823,4492,-5315,350,-9930,0,ND
1987:Q1,3694,4258,-2941,-3159,-5762,-2438,5438,-537,356,13442,16291,0,0,0,-2849,-10944,3121,-84,0,0,0,3205,-21991,-27787,236,16601,-11041,811,0,0,393,23767,-3710,-4079,26640,3980,22,7447,15191,-69410,-18831,-3937,-45122,-1520,4843,2672,3653,351,3302,-1711,-104,29339,2582,26757,369,-1332,0,ND
1987:Q2,6288,4391,61617,1457,-6433,5406,23156,-1579,2073,22571,17996,0,0,0,4575,-6972,7063,-68,0,0,0,7131,50854,3563,-1051,39680,8662,332,0,0,-897,-12257,47551,47178,-589,-3662,-615,-4973,8661,40638,22275,3535,14450,378,19442,-246,-1474,-1192,-282,8355,-1858,-17089,7147,-24236,373,-12168,0,ND
1987:Q3,7461,4727,66672,472,3020,-9218,22981,-1982,7016,15535,14257,0,0,0,1278,-5458,7870,236,0,0,0,7634,48493,5705,-2033,36959,7862,146,0,0,315,462,66166,65793,16041,-1331,969,5989,10414,-2772,2051,-2044,-552,-2227,25977,10971,-1209,-2051,842,5951,-187,11021,2878,8143,373,2228,0,ND
1987:Q4,5589,5188,81771,436,3268,-4020,26933,4517,-2951,19950,18233,0,0,0,1717,-5763,11180,24,0,0,0,11156,59499,2555,1802,44300,10842,118,0,0,-1022,-3441,89550,89176,-7021,563,1874,-9101,-356,17717,-11331,3494,23630,1924,61840,4465,3065,1878,1187,13191,-286,-3795,10790,-14585,374,8181,0,ND
1988:Q1,4046,4375,40428,-1748,-2947,16161,1157,-2884,-2897,3540,-1934,0,0,0,5474,-7277,10675,-1951,0,0,0,12626,29932,4844,-4073,29724,-563,725,0,0,485,-3337,45790,45623,-129,-513,-1504,2444,-556,-18613,1876,-2912,-16341,-1236,57848,11044,-4370,-4239,-131,-3603,-496,3942,-2031,5973,167,5032,0,ND
1988:Q2,6142,5070,82638,2455,-2256,-5709,15329,-303,-6750,13946,13202,0,0,0,744,-5299,13735,3532,0,0,0,10203,58308,13093,93,35416,9706,497,0,0,-357,14371,90298,90346,10091,-39,153,1375,8602,26953,9039,4491,12250,1173,25223,687,1397,90,1307,5295,-653,21352,7939,13413,-48,8731,0,ND
1988:Q3,4802,5628,71200,-3472,3286,2023,15913,1250,-1948,14369,-8444,0,0,0,22813,-2814,5056,2177,0,0,0,2879,53879,129,631,43553,9566,460,0,0,-77,-812,69561,67856,-4288,940,-310,-5166,249,-12031,1595,-1361,-11265,-1000,44944,13835,754,544,210,6569,354,17719,8238,9481,1705,-2465,0,ND
1988:Q4,2453,6107,60117,5468,596,-14711,3028,2096,-8032,17320,16827,0,0,0,493,-7128,-1228,1174,0,0,0,-2402,48955,5755,281,33484,9435,306,0,0,-125,16600,67209,66545,-7264,87,16,-4097,-3271,26270,-5175,2329,28638,478,27411,-9467,559,336,223,11183,999,16854,8947,7907,664,3438,0,ND
1989:Q1,4396,5282,18965,-5358,-1899,13947,5887,-2906,5153,8317,2935,0,0,0,5382,-3915,-762,2817,0,0,0,-3579,12284,-1268,-1362,20905,-5991,1171,-10,0,705,-7763,5151,4909,1801,-729,284,7176,-4930,-54101,-15466,-5013,-34169,547,25121,25421,-2087,-1494,-593,11069,-405,-1909,-849,-1060,242,-14699,0,ND
1989:Q2,6200,6180,48384,572,-376,6024,-19801,75,-19776,8593,7149,0,0,0,1444,-4717,-3976,782,0,0,0,-4758,52382,17888,-1035,27940,7589,-286,-50,0,166,9753,54619,54203,-5352,-760,-1613,-9726,6747,23449,20877,2571,1507,-1506,25003,-8,-254,-1003,749,-2174,745,12794,9174,3620,416,6256,0,ND
1989:Q3,6657,5936,-6783,347,-4662,-10441,-25294,-1101,-12329,-5350,-10308,0,0,0,4958,-3060,-3454,776,0,0,0,-4230,26647,3220,-1275,17602,7100,-365,11,0,163,6811,-8103,-8519,-1282,704,-243,-1864,121,-13076,-4112,-1167,-8394,597,25844,-19657,-1411,-1280,-131,-10547,456,11153,933,10220,416,-599,0,ND
1989:Q4,3289,4842,15008,5549,5956,14360,-14302,2641,-1373,-5678,-9377,0,0,0,3699,-6254,-3638,128,0,0,0,-3766,7511,1782,-1522,-2322,9573,-259,-96,0,-828,-2883,15442,15026,-15606,630,-117,-8347,-7771,39024,-4696,2725,40570,425,22026,-10953,-2126,-1480,-646,-8799,-345,-8195,1600,-9795,416,-1119,0,ND
1990:Q1,4168,5961,16312,-5420,-2633,2558,21982,-475,12872,12256,-1153,0,5000,0,8409,-3486,815,1952,0,0,0,-1137,-17460,-9695,-1301,6237,-12701,-664,-229,0,858,17319,10860,10197,15475,-755,1682,7007,7541,-39955,-8863,-2846,-26403,-1843,11208,3353,-2745,-1499,-1246,-8796,310,31346,6458,24888,663,-7245,0,ND
1990:Q2,5442,5413,-25830,1043,573,107,-11195,-326,-3883,3119,-982,0,5199,0,-1098,-5918,-4187,-3044,0,0,0,-1143,-9833,1751,-1978,-5874,-3732,-706,16,0,58,-5893,-17947,-18087,8822,280,-1577,-5116,15235,24301,15353,2351,6547,50,-17536,-10305,-4556,-2002,-2554,-6057,127,-12883,2507,-15390,140,7913,0,ND
1990:Q3,7010,5425,-17616,458,-2802,-3417,-2793,-107,263,4257,1922,0,5954,0,-3619,-1263,-5943,-201,0,0,0,-5742,-16727,-9228,501,-11136,3136,-830,31,0,-413,8878,-3210,-3223,10816,1221,-81,11026,-1350,-4357,4523,-842,-9546,1508,-5153,-8548,-1207,473,-1680,-8091,2500,10817,10994,-177,13,15990,0,ND
1990:Q4,5238,4900,-31250,7838,4920,-1770,-5054,1666,-8484,9920,1101,0,7105,0,1714,-5324,-2832,2717,0,0,0,-5549,-36572,-7980,-1315,-26362,-915,-2860,-89,0,-308,2645,-34553,-35886,-19731,345,-315,-13620,-6141,37272,-5676,1863,41196,-111,-3587,-29487,2742,-1385,4127,-985,-1081,-21029,-2320,-18709,1333,-2966,0,ND
1991:Q1,8574,4952,-55949,-7883,-13902,1579,5714,1600,11958,828,285,0,5193,0,-4650,-4314,-4358,-1335,0,0,0,-3023,-44496,-15137,-1853,-16110,-11396,1418,584,0,746,291,-34251,-35148,26453,360,54,21618,4421,-38339,-4594,-2811,-29580,-1354,552,-13283,-2904,-1906,-998,-10492,-533,3398,7769,-4371,897,25319,0,ND
1991:Q2,9542,4744,-46610,920,-1784,1888,-4343,-1655,10754,-3437,-11900,0,7937,0,526,-4664,-5341,294,0,778,0,-6413,-30957,-14569,-2343,-8742,-5303,-741,170,0,-749,-11013,-32843,-33005,16261,-2140,1235,10874,6292,22188,9713,4023,9899,-1447,-43660,-8749,-2547,-2314,-233,-12100,-1518,-2880,2553,-5433,162,18565,0,ND
1991:Q3,9751,5002,-27108,3130,4832,11947,19673,-808,16939,-1598,-4781,0,10270,0,-7087,-3291,8431,167,0,-502,0,8766,-61773,-19126,439,-37899,-5187,-240,823,0,203,-5703,-36649,-35890,-2430,-210,-1164,2103,-3159,18420,2496,179,14754,991,-37117,2981,-1827,379,-2206,-10810,1844,-6951,1487,-8438,-759,-4792,0,ND
1991:Q4,7634,4381,-16452,4846,1869,-19567,20061,414,9774,9885,-5776,0,11177,0,4484,-2453,2441,1220,0,143,0,1078,-25395,-16171,-842,-10977,2595,108,261,0,-1168,2533,-16537,-17157,-7259,499,-97,-1981,-5681,52609,-2120,3914,51209,-394,-44693,-17897,-553,-839,286,-3865,-1865,6366,3520,2846,620,3167,0,ND
1992:Q1,10154,5297,-4751,-4265,202,13745,24397,-1797,25709,4960,-450,0,8220,0,-2810,-2625,-1850,432,0,-1637,0,-645,-42808,-8600,-374,-17990,-15844,-253,717,0,643,2870,-8965,-9508,22656,-219,-166,7161,15880,-16360,-19721,-2063,6197,-773,-33351,14839,-1847,-407,-1440,-2858,822,6591,3248,3343,543,643,0,ND
1992:Q2,10945,5759,-33454,355,-6474,-13583,13044,-943,7298,12200,-2106,0,7967,0,6339,-1851,-3660,-945,0,-2720,0,5,-29706,-8153,-536,-18637,-2380,79,-467,0,489,2810,-29626,-30779,-8629,-678,1307,2022,-11280,26233,19411,1976,3002,1844,-48979,-17853,1373,-545,1918,641,497,15937,13092,2845,1153,9014,0,ND
1992:Q3,18123,5428,26962,501,4238,3442,29302,362,16750,7767,-2209,0,13895,0,-3919,154,4269,-125,0,-403,0,4797,-8110,-5254,875,-4392,661,-553,363,0,524,-2744,30296,29577,12098,-61,-750,3066,9843,19096,2099,1390,14553,1054,-38431,20046,2876,841,2035,2628,1454,9810,8994,816,719,16029,0,ND
1992:Q4,6893,5973,12754,1676,4989,7067,21253,35,5837,12000,3662,0,3222,0,5116,-1689,5070,243,0,-1857,0,6684,-15912,-6097,-40,-15259,5484,698,-997,0,373,-6392,14208,12284,-23710,3480,66,-10717,-16539,62456,-7651,2583,67913,-389,-40332,3817,2680,-20,2700,-1033,-1119,9526,12531,-3005,1924,2374,0,ND
1993:Q1,2298,3733,-9236,-1309,1953,-9715,30576,658,11050,15627,7597,0,6746,0,1284,-1547,4788,2176,0,-62,0,2674,-25674,-8466,-1334,-11290,-4584,507,386,0,438,-6397,-18138,-18754,23298,-2916,78,9928,16208,-44089,-11802,-1634,-30413,-240,-33099,19513,-1162,-1401,239,5035,2,11749,8534,3215,616,-10336,0,ND
1993:Q2,3430,4840,33340,1649,-6487,-6086,6491,-1789,-3629,10900,5610,0,6966,0,-1676,820,189,-1873,0,-720,0,2782,33790,10620,-714,15550,8334,287,-375,0,381,3690,34343,33974,-1507,-116,781,-901,-1271,47459,17766,2615,27646,-568,-32058,-9500,1197,-632,1829,6629,-2235,23989,7597,16392,369,-407,0,ND
1993:Q3,2809,3895,46659,-475,1552,1015,20224,-221,5323,8296,2105,0,1030,0,5161,2583,4243,-695,0,1063,0,3875,23598,1541,-8,9515,12550,1234,384,0,793,-1666,39595,39562,4075,726,1384,1879,86,15307,1910,86,9481,3830,-20308,21813,-210,-101,-109,6388,3172,9326,7109,2217,33,-8149,0,ND
1993:Q4,458,4239,58708,936,5493,3435,7973,45,2158,5587,5183,0,-3643,0,4047,101,82,5108,0,-2091,0,-2935,34543,8604,-352,9290,17001,521,138,0,384,5285,50243,49351,-6758,-38,-2824,-6516,2620,59455,4207,988,57558,-3298,-16430,-3632,-269,-396,127,3879,695,12410,7783,4627,892,-12246,0,ND
1994:Q1,9603,4560,72852,-1232,1122,-2244,26212,-909,20096,-78,4300,0,-1683,0,-2695,414,6689,2211,0,985,0,3493,-9557,3402,432,-14775,1384,-1298,-901,0,781,59969,93718,93084,15387,-465,369,-2834,18317,-28383,-2853,-60,-26637,1167,2218,17582,216,431,-215,-2598,1705,86958,5192,81766,634,25910,0,ND
1994:Q2,3748,4177,49609,2987,-2480,-9460,-11265,-395,-13266,4560,6400,0,-4762,0,2922,-346,-1818,-623,0,-155,0,-1040,49866,12571,-224,20906,16613,-863,-658,0,913,20569,57542,57527,22116,422,238,5902,15554,-5289,3109,1078,-9720,244,-20336,10539,-370,-254,-116,7413,-3394,46848,4026,42822,15,7504,0,ND
1994:Q3,4091,3953,20047,-3271,-3184,-2556,-10815,-397,-15716,10231,9774,0,-3536,0,3993,-772,-4161,-2767,0,664,0,-2058,56697,7343,423,27507,21424,-408,-294,0,844,-16967,-11226,-11790,8194,-678,-197,2065,7004,-28144,-12506,-2324,-13952,638,-4544,15564,1310,397,913,8085,2479,-14735,6643,-21378,564,-31135,0,ND
1994:Q4,-51,4046,63492,6974,402,7011,-24824,246,-19192,-284,-1148,0,-4431,0,5295,-1352,-4242,-998,0,183,0,-3427,70595,14971,-878,32237,24265,-578,-29,0,41,3899,63801,63247,26747,-904,-281,-2112,30045,21701,-6632,3212,25592,-471,860,12050,1163,-842,2005,9169,-1401,-7042,1607,-8649,554,-3788,0,ND
1995:Q1,-1809,4185,16529,-6838,-237,7614,-12649,-261,-5956,1114,-2372,0,-2922,0,6408,-2217,-5329,-2254,0,150,0,-3225,51815,22146,1543,28163,-37,-54,118,0,236,-23477,43254,43111,3961,773,-139,2463,864,-49817,-8117,-2811,-38786,-103,40813,9126,1569,1498,71,-6051,4470,39040,13211,25829,143,20732,0,ND
1995:Q2,-333,3747,58257,2305,-5416,12251,-11622,664,-20903,7447,-2012,0,-2537,0,11996,-918,2088,2629,0,932,0,-1473,67952,27576,252,27254,12870,746,322,0,654,-8935,20796,19568,-4080,235,133,-1379,-3069,24652,24097,2655,-1907,-193,35637,6494,1604,199,1405,325,-1090,-43975,7916,-51891,1228,-41541,0,ND
1995:Q3,-617,3878,53257,-524,-1210,-8484,12861,-6,-5295,17351,10356,0,-4588,0,11583,-1159,1970,-967,0,1038,0,1899,52594,10808,822,25428,15536,1631,133,0,669,-4412,52813,52275,-2731,-219,204,-43,-2673,-38520,-9424,-1133,-29223,1260,41629,15035,2374,839,1535,1212,4930,28346,13357,14989,538,-4939,0,ND
1995:Q4,-4699,3962,47811,7490,5729,27698,-19180,-24,-16977,2114,7930,0,-8313,0,2497,-13,-4280,-2988,0,1332,0,-2624,31570,13567,-242,1425,16820,436,-257,0,85,-5759,65082,64386,-5703,34,-286,-5911,460,15755,-11304,2114,24914,31,37463,-14305,-568,-211,-357,8102,2240,21402,6019,15383,696,8611,0,ND
1996:Q1,-4536,4533,5440,-6176,-4384,-11137,3426,203,1146,1253,9790,0,-3716,0,-4821,-437,1261,-64,0,932,0,393,17724,13349,537,14793,-10955,932,140,0,973,3941,-5326,-6128,-15821,-79,-92,2906,-18556,-51531,-2171,-4121,-44782,-457,70204,-6056,2256,561,1695,-1972,278,-3485,4739,-8224,802,-19835,0,ND
1996:Q2,-4129,5193,58239,1291,-321,-15083,-8575,-669,-7567,2461,5571,0,-6382,0,3272,-309,-2491,-1206,0,-430,0,-855,51100,14015,649,22060,14376,164,-152,0,356,29459,67695,66889,-11271,-218,593,-2313,-9332,13277,14528,1384,-5820,3185,16933,-3269,3248,604,2644,13152,1466,33352,14860,18492,806,134,0,ND
1996:Q3,-9787,5379,57139,2550,-3609,-2415,-17204,-515,-6733,-5898,-5334,0,-1137,0,573,242,-4300,115,0,-3235,0,-1180,62807,19251,1001,29570,12985,497,-85,0,1143,13455,76815,76094,-5499,830,1018,-2221,-5127,-25,6434,-1840,-3556,-1063,47251,-2640,1347,1001,346,8354,745,26562,2610,23952,721,4509,0,ND
1996:Q4,-15336,4462,35229,6959,2988,7006,-19807,1402,-22532,8949,4382,0,-306,0,4873,1606,-9232,-2878,0,-409,0,-5945,48482,13009,-545,22684,13334,815,384,0,1006,-12604,54532,53709,675,3656,-1569,-1413,1,2610,-9110,2289,7635,1796,31006,2500,2157,-480,2637,7251,2926,4584,11932,-7348,823,-495,0,ND
1997:Q1,-6720,5691,57924,-8035,-2137,14480,15453,-526,6814,9262,6771,0,2904,0,-413,-307,210,-2130,0,-454,0,2794,26314,32650,579,14241,-21156,142,-274,0,1055,10927,56716,56557,4317,-4815,3913,4538,680,-34967,-4656,-2581,-27712,-18,49358,16956,1637,538,1099,-5168,3493,20931,8974,11957,159,-13619,0,ND
1997:Q2,-5178,4965,80233,1256,969,-12778,6142,-69,-8390,12803,6210,0,774,0,5819,397,1401,-1275,0,-760,0,3436,77501,28007,515,41497,7482,-43,1219,0,1300,4667,85375,84488,11192,980,-2104,412,11904,17256,10215,2578,2522,1941,28907,-14968,2337,560,1777,15675,-702,24792,11253,13539,887,-5001,0,ND
1997:Q3,-5139,5335,67619,124,-1018,13105,-1385,80,-10238,7700,2943,0,3692,0,1065,1934,-861,-2842,0,1114,0,867,47811,14916,-261,33506,-350,-143,-382,0,655,8851,79759,79316,-9381,-724,-1581,-9629,2553,-36744,-732,19,-35186,-845,55471,28676,750,-297,1047,9296,6172,25076,11325,13751,443,1667,0,ND
1997:Q4,-11309,6162,131238,6473,6740,-1234,40022,-388,2862,29856,11525,0,10132,0,8199,452,7240,-863,0,759,0,7344,58123,35375,-1080,19742,4086,804,204,0,-57,20163,165732,164045,4783,982,1722,-8732,10811,28076,-5732,2217,28264,3327,54902,18062,5806,-1086,6892,15433,1093,35890,470,35420,1687,17023,0,ND
1998:Q1,2717,4647,15331,-7220,-4368,27798,19592,-90,5436,10484,8454,0,1138,0,892,-1343,5105,610,0,6211,0,-1716,34390,24839,-2069,32612,-20992,709,-2001,0,1511,-55080,38923,38817,17998,783,-2006,6742,12479,-39391,-6088,-3568,-29463,-272,75177,17671,1567,-2116,3683,8049,5644,-47899,19848,-67747,106,21662,0,ND
1998:Q2,5681,6508,28133,629,-1616,-10981,-11434,-43,-20237,-8283,-17980,0,1854,0,7843,2926,14203,553,0,3699,0,9951,51794,45693,-1245,6616,730,716,-178,0,872,-1669,52374,50993,7304,-86,934,6836,-380,32502,26819,2622,4133,-1072,4899,-36134,44,-1220,1264,19088,-1215,24506,13817,10689,1381,23414,0,ND
1998:Q3,3013,5883,110284,785,3002,25119,20925,-49,-26698,32206,24143,0,11384,0,-3321,3412,12054,-2134,0,2681,0,11507,51126,27204,403,15367,8152,1147,927,0,-1037,8290,134164,133529,28239,-2646,92,7056,23737,-42990,-18474,-1990,-20304,-2222,39155,31386,1793,368,1425,19903,5210,50832,17126,33706,635,21010,0,ND
1998:Q4,-3457,8007,207230,2859,343,16372,63636,119,-4873,35743,32324,0,-5504,0,8923,3621,29026,50,0,7718,0,21258,104933,38931,-1686,53442,14246,251,846,0,640,17350,200683,198993,-21086,2866,-1038,-12551,-10363,14550,-16879,3693,26952,784,99643,41614,2308,-1585,3893,41937,423,19604,9299,10305,1690,-18011,0,ND
1999:Q1,2225,6944,40237,-3502,-3298,-27329,27508,-130,10180,13240,-11895,0,7793,0,17342,1763,2455,5853,0,1504,0,-4902,17367,24654,-831,4848,-11304,912,793,0,1215,26572,17285,16801,13463,-2518,229,9802,5950,-35708,3261,-3277,-33744,-1948,13011,7186,93,-869,962,9199,627,8930,13887,-4957,484,-27670,0,ND
1999:Q2,-387,6588,112694,1996,-1031,340,32054,-143,-4402,7789,-6561,0,-2387,0,16737,1248,27562,1303,0,511,0,25748,53817,31487,-860,34474,-11284,-1004,208,0,827,25487,99240,99023,31256,1154,-26,1264,28865,19220,25625,1565,-8894,924,20052,11419,68,-870,938,28400,-4267,-7126,462,-7588,217,-20429,0,ND
1999:Q3,-158,6455,78506,469,225,-24173,14998,111,-6380,10855,-1155,0,3087,0,8923,1913,8499,-1147,0,1872,0,7774,98881,24073,-863,76823,-1152,739,42,0,698,-13373,107268,107291,6195,-207,260,-3444,9586,-19981,3973,28,-23887,-95,51474,-12589,559,-920,1479,35826,5055,40753,14169,26584,-23,22149,0,ND
1999:Q4,-2203,5347,197473,25535,1401,3034,23783,59,-1425,961,273,0,-3504,0,4192,1411,22777,-318,0,2145,0,20950,138430,40393,91,69094,28852,652,1294,0,204,3140,174944,171774,3447,-302,-247,-9755,13750,37335,3545,4847,28355,588,62669,22262,556,124,432,30737,6070,8698,-5603,14301,3170,-30079,0,ND
2000:Q1,8663,7316,91646,-31368,-5296,19128,14229,-37,2226,13852,1105,0,-332,0,13079,1127,-2939,-2060,0,-2291,0,1412,82130,23278,456,63041,-4645,575,1319,0,1754,9174,111205,111102,10546,24,3,10183,336,-50125,-12058,-3145,-35451,529,77731,32299,2907,425,2482,9502,-10,28252,14647,13605,103,20907,0,ND
2000:Q2,9138,5982,152461,1805,83,-15155,-6863,-98,-9693,1471,-2139,0,-1174,0,4784,423,1034,467,0,483,0,84,143073,44880,206,86642,11345,-124,-67,0,1175,28535,159197,157963,43910,201,276,-967,44400,-1460,11190,1189,-14427,588,60792,-1416,3510,224,3286,32539,-893,20980,15936,5044,1234,9892,0,ND
2000:Q3,6003,5419,101546,-2498,-596,-7577,11600,66,-8135,-10398,-6051,0,-10451,0,6104,1078,28989,-537,0,4026,0,25500,80400,10023,-465,53262,17580,710,-81,0,4693,14895,129000,127923,-6114,384,-140,-6443,85,-36362,-9360,-1800,-27809,2607,89576,-10327,2482,-461,2943,-6888,9627,85929,44042,41887,1077,28039,0,ND
2000:Q4,1346,5291,109063,9897,1318,46235,6717,288,-20774,6581,14525,0,2132,0,-10076,770,19852,2398,0,5474,0,11980,47856,13154,-921,13552,22071,-456,1343,0,3244,-7091,150043,148074,-2135,529,-262,-778,-1624,4204,-22949,4615,23899,-1361,105580,-794,4584,-816,5400,8000,7167,21468,21177,291,1969,37035,0,ND
2001:Q1,5444,6003,37322,-8391,-1194,31846,-18730,0,-16445,-3451,14322,0,3377,0,-21150,-418,1584,5452,0,1004,0,-4872,27362,-9440,91,44568,-7857,782,3401,0,640,1606,79721,78495,-32346,-721,-88,15731,-47269,-52769,-24003,-3996,-22726,-2044,96000,20038,3334,14,3320,7748,-1248,37738,5982,31756,1226,41840,0,ND
2001:Q2,7955,6131,57569,1171,884,-2509,19727,0,-2818,8992,19278,0,2003,0,-12289,3850,9703,-1691,0,-3208,0,14602,42401,-9515,-636,45125,7427,702,-539,0,854,-5121,53490,52019,14015,-554,128,-7133,21574,20094,13821,3800,-1205,3678,34193,-2193,-1193,-560,-633,927,-4373,-9451,9851,-19302,1471,-2254,0,ND
2001:Q3,9830,5632,148551,-514,6073,29127,42227,0,-5489,34004,24027,0,17537,0,-7560,2015,11697,-2705,0,-452,0,14854,11350,-6583,-1397,19452,-122,2004,923,0,581,56780,226766,226051,-9942,-175,-62,-4991,-4714,4627,-1346,-801,7226,-452,73842,18618,1217,-1336,2553,8125,21993,107571,42255,65316,715,82413,0,ND
2001:Q4,4460,5621,78122,10673,-7470,-20861,69037,0,-4012,55189,1845,0,34259,0,19085,2478,15382,14339,0,5423,0,-4380,40232,-35345,-354,51676,24255,-92,3977,0,-235,-17138,40091,35335,35868,526,-54,760,34636,84244,11106,6489,70291,-3642,48248,-12690,5,-410,415,6479,-13993,-112824,2163,-114987,4756,-39192,0,ND
2002:Q1,1845,4675,96352,-12412,4889,4951,52009,0,14855,36999,10246,0,-1848,0,28601,-1352,1507,-7162,0,1394,0,7275,-30622,-21590,-84,-2267,-6681,-683,612,0,833,76775,74305,73010,-39850,-453,-14,3510,-42893,-103898,-37949,-746,-64018,-1185,105787,4697,-2684,-165,-2519,-9006,8780,109184,23839,85345,1295,-24876,0,-31372
2002:Q2,8821,5814,98825,1631,-454,-2725,32886,0,5259,41275,59229,0,-20791,0,2837,-192,-13456,-5823,0,-3672,0,-3961,48679,-23055,480,68670,2584,479,-1586,0,474,19441,147803,145783,1190,238,164,2348,-1560,13082,27612,2593,-17835,712,33821,-4276,726,481,245,2935,16750,81556,14607,66949,2020,51985,0,33902
2002:Q3,9188,6057,194938,1301,649,18243,29067,0,-3043,23000,20846,0,10783,0,-8629,2968,6142,-2514,0,9282,0,-626,129919,-7539,-206,118455,19209,482,-1652,0,703,16227,247919,246863,178,634,-7,217,-666,26555,17460,-435,9905,-375,132997,18209,-1215,-182,-1033,10265,-4425,64299,28659,35640,1056,56111,0,123427
2002:Q4,5454,5067,174802,9968,-765,-15062,46825,0,10645,34576,10970,0,2704,0,20902,1042,562,-429,0,1123,0,-132,108802,-11767,155,103790,16624,1070,4336,0,1039,18589,171336,170163,52885,22,-137,1744,51256,10541,-23517,5229,28271,558,81927,24228,2690,139,2551,-1441,-11310,10643,-376,11019,1173,-3079,0,86015
2003:Q1,8388,5338,166308,-9286,4410,39090,64575,0,2979,54662,38631,0,20478,0,-4447,1582,5352,-2444,0,12569,0,-4773,51164,-13999,340,74247,-9424,582,-4748,0,1984,18537,123786,122260,-12606,-1615,-10,-1411,-9569,-31251,-22537,-2025,-9047,2358,123596,24296,2262,333,1929,4052,6332,5578,-16837,22415,1526,-39472,0,84811
2003:Q2,5295,5072,236390,1008,737,15049,55107,0,-10634,76211,61898,0,-201,0,14514,4135,-14605,-335,0,-1114,0,-13156,123088,-2364,-162,110016,15598,634,594,0,1418,38755,219471,216453,-39880,672,738,-11660,-29630,46743,18152,1988,25939,664,100872,42957,1832,-164,1996,8924,1657,53348,13309,40039,3018,-16696,0,118895
2003:Q3,6159,6281,65402,821,181,-9228,-43557,0,4508,-62637,-59760,0,-20862,0,17985,5287,9285,1617,0,5313,0,2355,89790,-2677,-325,83417,9375,1243,-2453,0,681,27924,60895,58246,53322,29,-594,12583,41304,-18043,3159,-63,-20886,-253,31363,-54548,480,-320,800,2632,-6705,49745,2034,47711,2649,-4630,0,5758
2003:Q4,-2919,7013,114621,7590,-4686,-38394,86969,0,13281,39459,-3119,0,27362,0,15216,752,33477,1486,0,14178,0,17813,59081,-4083,-32,16757,46439,-1101,433,0,2427,2302,93648,91767,11201,177,-112,-3911,15047,41039,315,7888,31277,1559,60388,-24085,1719,-23,1742,10537,1949,-10981,20595,-31576,1881,-30904,0,19302
2004:Q1,1644,5487,243159,-6994,1509,19759,97940,0,6873,88028,115340,0,-19330,0,-7982,1289,1750,-63,0,-9318,0,11131,105776,-14422,-414,128374,-7762,721,-1176,0,2791,22833,194686,193493,-48012,-270,2,7841,-55585,-5297,-12630,-1155,5726,2762,113181,39628,89,-428,517,15705,7183,71016,34083,36933,1193,-52316,0,63694
2004:Q2,1274,6899,245860,2390,4978,-2616,4192,0,-2504,7767,9164,0,-10588,0,9191,3301,-4372,-767,0,-3184,0,-421,175303,19238,519,146343,9203,-877,-4,0,3026,59468,261411,260570,78667,752,259,2059,75597,24949,23021,-4733,5010,1651,98616,18869,3877,520,3357,39543,-18016,14065,30220,-16155,841,9927,0,69426
2004:Q3,1764,7196,190671,-1328,-5074,22192,-45737,0,-19341,-62156,-45839,0,-5418,0,-10899,2669,33091,3215,0,7305,0,22571,150222,12141,-500,121792,16789,-103,-739,0,910,70328,220785,218563,-34256,1676,-87,541,-36386,-18187,-8291,-1918,-8169,191,108984,27034,1033,-493,1526,-4056,16402,121609,115365,6244,2222,24682,0,71426
2004:Q4,-563,6802,242602,-491,-253,-3511,-16469,0,-8107,-26301,12505,0,-14717,0,-24089,1831,16108,1838,0,9575,0,4695,175188,20881,-56,124287,30076,-1163,984,0,1427,86890,267792,266433,45188,-914,-193,2994,43301,37775,-5335,3493,34540,5077,107027,-48786,7450,-17,7467,17608,6200,93971,38699,55272,1359,17826,0,93421
2005:Q1,7016,7513,201898,600,745,-1987,138355,0,13052,92733,45750,0,28677,0,18306,4845,27725,2132,0,16839,0,8754,76961,-4273,103,102806,-21675,-662,-2043,0,338,-10409,109154,106314,-1594,-2338,9,-7975,8710,-26644,-6684,7912,-26400,-1472,127653,2487,4538,89,4449,2768,-6681,3787,-17602,21389,2840,-93241,0,47674
2005:Q2,3132,6947,135196,3186,-2109,-48001,-8178,0,-10402,-25757,-19788,0,-8035,0,2066,3272,24709,2727,0,14484,0,7498,190975,42035,-50,144903,4087,868,-1084,0,-177,-284,146976,144714,-10117,436,183,494,-11230,11822,10363,354,-5692,6797,82489,22485,563,-60,623,31958,-516,6030,26941,-20911,2262,7966,0,25109
2005:Q3,1485,6267,221824,-4153,-901,31633,14161,0,-1118,-10297,-1313,0,-7505,0,-1479,6276,19300,1453,0,13000,0,4847,167494,9718,201,127911,29664,-745,769,0,817,12749,185254,182480,18326,666,675,-8757,25742,-41071,2377,-7714,-37261,1527,184800,30353,2147,223,1924,2419,-29,-14465,5236,-19701,2774,-41352,0,70402
2005:Q4,-9688,5392,155705,8920,-2966,-2525,-11958,0,-7648,-4201,-1754,0,-10222,0,7775,3896,-4005,-1830,0,11969,0,-14144,120746,38031,-295,74540,8470,-324,589,0,-429,43652,129747,129205,-23828,1196,-838,4456,-28642,22943,911,8503,14209,-680,113179,-13774,6233,-277,6510,3513,-2698,23637,14678,8959,542,-41039,0,94120
2006:Q1,134,7489,255333,-10063,1999,28995,80223,0,2025,51792,43391,0,6908,0,1493,3647,22759,2537,0,14264,0,5958,125357,27368,0,116532,-18543,-285,-1508,0,1570,29045,237755,236397,23855,-1741,494,3446,21656,-25075,-29652,-1796,7165,-792,126293,35240,4449,415,4034,-3950,3642,71943,15832,56111,1358,-24933,0,-276994
2006:Q2,2490,6598,216716,2604,-177,-41534,57227,0,4172,31057,38999,0,2555,0,-10497,1562,20436,1265,0,6695,0,12476,186208,38075,0,128387,19746,-952,1659,1830,-580,10431,232055,229754,8154,-181,-275,3409,5201,23258,37261,-993,-18130,5120,111487,33006,6506,-931,7437,22590,-858,25611,42110,-16499,2301,11231,0,59229
2006:Q3,-2697,7136,213590,-2548,-3133,83137,-23434,0,-8077,-32079,-47616,0,15161,0,376,7678,9044,1822,0,-7726,0,14948,106425,15411,0,70843,20171,-42,2214,2806,-1916,50081,230856,229145,51794,-62,31,3971,47854,-31855,6814,-1387,-38571,1289,88221,57901,4786,566,4220,1103,15015,42180,23820,18360,1711,7433,0,-16161
2006:Q4,-18641,8562,36651,11638,1365,535,18440,0,4115,-16614,17689,0,-26922,0,-7381,11336,19603,6248,0,7076,0,6279,108746,34104,0,43858,30784,894,1487,3576,-741,-109289,-15294,-20089,22179,766,-255,-18248,39916,-2011,-20284,6854,7664,3755,120024,-99221,13898,33,13865,-5452,-1756,-67750,47806,-115556,4795,-79148,0,83155
2007:Q1,-9176,6986,42802,-10533,-533,39399,24992,0,3213,-7888,5455,0,5837,0,-19180,8319,21348,-3223,0,7789,0,16782,17666,14275,0,21405,-18014,-1383,-2365,3216,10028,-37685,35535,34048,-34465,-537,-40,2044,-35932,-8593,-24163,-3765,17935,1400,85648,22942,6183,1404,4779,-15561,-5180,-16926,10416,-27342,1487,-23428,33,3772
2007:Q2,-3884,6863,145591,2273,-1426,-24479,23790,0,-1705,-5134,-5745,0,-7415,0,8026,3108,27521,165,0,18937,0,8419,139859,44365,0,79207,16287,770,912,1382,7876,-5366,182184,180281,19063,-431,177,2255,17062,-9824,18384,-6533,-24765,3090,25316,14010,7106,70,7036,11726,-8661,121545,18777,102768,1903,25847,-429,16262
2007:Q3,-12050,7214,384156,-1970,5923,77933,17463,0,2147,-65192,-50818,0,-3855,0,-10519,2855,77653,8258,0,16509,0,52886,195973,89422,0,83024,23527,2048,3547,2287,7612,73340,420673,419176,67185,579,-2,9234,57374,6312,49570,-408,-40753,-2097,92757,3056,3373,-1721,5094,163545,6948,76000,38407,37593,1497,17254,-815,37008
2007:Q4,-12612,7128,240244,13515,-2239,49940,-8176,0,1990,-32790,2038,0,-424,0,-34404,-2387,25011,5829,0,61073,0,-41891,179764,75006,0,68423,36335,-1,1549,4014,7254,-5376,217070,214430,39083,703,48434,-3820,-6234,25640,-28904,10753,41203,2588,96167,15977,8059,148,7911,38172,-5930,-2738,46404,-49142,2640,-42914,-608,118944
2008:Q1,14711,10212,154706,-9567,3037,17515,-9032,0,-9954,-10149,27458,0,4368,0,-41975,9586,1485,3748,0,9411,0,-11674,116487,62963,0,64576,-11052,1115,-254,1038,1755,32612,179415,177253,-31635,-536,62656,-2223,-91532,-2692,13,-5075,4623,-2253,152816,-11821,-31,-221,190,29559,-15538,56595,27355,29240,2162,29207,-8,131987
2008:Q2,11003,8458,71891,280,9786,12205,44974,0,-15693,66159,60160,0,6353,0,-354,408,-5900,-8449,0,-12659,0,15208,32550,23088,0,-9694,19156,-496,-540,3014,-699,-29183,22318,20310,76966,-83,62897,6853,7299,3893,7292,-172,-1389,-1838,-47700,15810,-525,-35,-490,2341,-20486,-9989,71632,-81621,2008,-47028,-454,-82816
2008:Q3,12449,7103,414879,2275,148847,29797,104803,100037,20059,-1096,15416,0,-3039,0,-13473,17746,-31943,-5370,0,-10034,0,-16539,58645,67999,0,-29729,20375,-1395,-2211,6580,2968,64570,479105,476500,193790,-316,125868,-12397,80635,49405,-8763,-397,46955,11610,145301,24177,-7389,855,-8244,79526,-11369,3059,-2417,5476,2605,69572,-873,113394
2008:Q4,-6542,3982,293129,9740,366358,-4623,-55793,-84352,-18106,81284,50865,0,12158,0,18261,-7805,-26814,-15671,0,-30053,0,18910,-1213,-16723,0,-26093,41603,1627,4330,-4183,13537,-36651,311439,306110,264689,-540,259638,8345,-2754,87325,-38001,14015,87649,23662,166270,-37910,8207,-390,8597,-111399,-46810,-24262,17053,-41315,5329,7787,-327,-545695
2009:Q1,27873,5357,-158219,-7420,-27210,-85332,59699,-11233,18282,18842,-17365,0,10675,0,25532,-1492,35300,-2767,0,-29399,0,67466,-97190,-76772,0,13748,-34166,4379,16583,-265,3399,-24862,-74791,-78199,-393,-1581,-18885,30307,-10234,-63177,850,-5156,-41270,-17601,103134,-36007,-14387,148,-14535,-97081,1685,28027,106145,-78118,3408,105944,-387,-48133
2009:Q2,21109,6666,-148566,837,-74211,-85978,107101,5389,12641,58248,24672,0,15254,0,18322,5580,25243,11491,0,-11249,0,25001,-120391,-61877,0,-35594,-22920,-4112,-3747,681,-2718,33972,-206012,-210024,-90266,244,-212299,19728,102061,60353,-265,24707,38264,-2353,-64131,-6553,-2518,277,-2795,-68606,-5145,-33158,-31173,-1985,4012,-43003,-1080,-40869
2009:Q3,18493,6790,-112984,-397,142664,-69977,34857,-9789,37704,-5798,-53531,69,19175,31,28458,-2257,14997,-633,973,-825,-2552,18034,-199580,-87644,0,-109060,-2876,-2063,7579,-740,5245,-30572,-125355,-127618,-97381,296,-121279,8129,15473,21088,-337,-13992,44664,-9247,-1850,-32741,-7065,-197,-6868,-58688,16388,32631,43619,-10988,2263,-668,-764,-609220
2009:Q4,22380,7800,-35137,4177,46511,-66896,46370,-52,-516,96722,32779,-10,24963,19,38971,610,-50394,-1495,102,-10122,-1246,-37633,-111146,-59461,0,-47147,-4538,8076,-5584,1080,-6696,48971,-29898,-31854,-181584,438,-110614,-7300,-64108,75773,88,13640,61503,542,99504,-119731,-4375,-101,-4274,-41719,-7232,147510,8800,138710,1956,19820,-362,112904
2010:Q1,44200,6676,-149327,-3120,42472,-10942,27140,0,64264,4769,-35421,96,48610,-389,-8127,1500,-43393,-1874,-714,-32104,-380,-8321,-160977,-59582,0,-72726,-28669,-832,-4614,615,-1107,-37962,-197447,-201544,-143375,472,-85095,-4784,-53968,-46096,324,-3831,-43605,1016,57117,25311,95910,114003,-18093,-55979,-9747,-124685,-22518,-102167,4097,-10596,606,532100
2010:Q2,27688,5933,-161829,1985,-49708,-836,-30401,0,-871,-9031,-35810,-229,20413,-114,6709,2640,-23139,-6873,-4984,-12966,-742,2426,-61602,-4931,0,-43817,-12854,-2082,1176,715,2408,-23484,-47040,-49751,-24592,-323,-10850,-1894,-11525,18429,-879,536,16995,1777,-30284,-36238,32987,15698,17289,-33714,16367,7294,55958,-48664,2711,136544,-1128,34183
2010:Q3,36147,5434,-19966,-3239,-54393,8914,92700,0,38362,50688,32280,16,31341,65,-13014,8086,-4436,-609,-633,-12946,-236,9988,-35585,1273,0,-19920,-16938,-1169,-2366,1531,1689,-28048,31595,27377,6736,374,-377,808,5931,-5403,382,-657,-201,-4927,63120,11558,-43029,-20998,-22031,-42868,11897,25366,18405,6961,4218,82274,-292,273498
2010:Q4,30679,5029,38435,2174,-2790,3606,45717,0,-8717,63655,36744,-98,29083,88,-2162,18043,-27264,-346,-101,-12547,3,-14273,918,25509,0,-12705,-11886,2310,-45,1628,-316,-14767,-6483,-7368,4460,153,-75,10179,-5797,102620,24,10146,94131,-1681,47898,-48736,-60170,-27510,-32660,-16394,738,-37784,-18534,-19250,885,-19268,44,-696000
2011:Q1,19964,5254,-11815,589,125823,-44883,21610,0,-1454,34593,4987,490,24335,1107,3674,5259,-16788,6375,-2287,-8542,-4578,-7756,-141816,1492,0,-101414,-41894,-2361,-392,1340,2607,25668,15776,14032,-23848,41,-163,2698,-26424,36894,-5,-607,24631,12875,74407,-39783,-1695,2586,-4281,-28811,1553,-4685,38063,-42748,1744,42301,-57,29291
2011:Q2,19926,4944,124277,2116,143686,2116,-34618,0,-32768,-2206,-13182,965,32370,757,-23116,7430,-7074,-6119,117,-6985,-122,6035,19331,29103,0,-25937,16165,4185,-1606,988,3216,-15137,144105,141856,-82926,463,62,7797,-91248,81732,80,5107,73399,3146,161185,-16272,-10088,-4510,-5578,-17843,12394,13674,3224,10450,2249,34810,43,125182
2011:Q3,18080,5540,20121,-4819,-72649,27522,61642,0,8440,16964,17451,2465,22003,4075,-29030,16554,19684,-998,116,-3089,4910,18745,61624,57065,0,1291,3268,871,-114,1028,-7064,-47920,122216,118195,-70577,148,-10,24867,-95582,94827,-752,-544,91193,4930,129532,-4772,-37359,-17105,-20254,-17584,15074,9054,20117,-11063,4021,114636,30,6608
2011:Q4,7329,6037,159439,10193,9828,-9796,59713,0,-17878,57552,54515,918,1610,3869,-3360,13402,6637,-2332,-415,-3343,2496,10231,122813,72569,0,20723,29521,-1703,1328,1889,-4910,-29916,172598,174229,-86290,138,86,-10919,-75595,105989,-2007,13028,90316,4652,158770,-20711,27555,14938,12617,3537,-2168,-12453,16459,-28912,-1631,14451,-126,65820
2012:Q1,-1107,5765,12981,-7551,16608,-13409,60625,0,13893,64411,52141,1316,14852,5312,-9210,14635,-32314,11527,-2627,-13296,237,-28155,-35417,28277,0,-27181,-36513,-9982,-2572,3100,2781,-1202,28804,27939,20479,-89,-190,-2526,23284,-43309,218,-8193,-30407,-4927,103391,-23160,-24854,-10397,-14457,-23007,7558,10841,15476,-4635,865,8952,-105,21091
2012:Q2,8546,5672,94177,195,-36729,15243,11297,0,24533,-29410,-13927,1623,-19132,5147,-3121,19218,-3044,3948,2968,-2161,1281,-9080,101916,73561,0,11044,17311,-524,-677,1247,1478,731,98652,98340,-49342,11,71,-18649,-30775,16922,-63,-1657,20340,-1698,73225,20760,-29161,-8053,-21108,18940,-15,47011,45658,1353,312,7349,-54,54386
2012:Q3,15420,5986,86633,-293,-41600,40028,58493,0,15519,6562,-325,2857,261,7584,-3815,22126,14286,-811,-87,-2114,1579,15719,59788,40004,0,7915,11869,177,-206,1449,-1887,-29316,179274,179068,1080,102,49,2042,-1113,33093,-172,-5343,37598,1010,118249,-18360,-10697,-3024,-7673,-6634,12882,49455,43399,6056,206,102075,249,23915
2012:Q4,-26323,6620,255341,14709,61991,18220,36187,0,15334,-3255,-20730,2803,-5697,6190,14179,12017,12091,675,106,-2948,589,13669,129821,78832,0,19238,31751,-125,2348,1602,-3956,-5456,226845,226337,-81901,121,-56,-9943,-72023,170454,305,6172,162476,1501,186705,-32030,-19110,-12258,-6852,15328,-863,-12246,18574,-30820,508,-61439,288,237356
2013:Q1,16131,5919,93301,-11427,190925,-43445,32814,0,-12866,38774,39857,1527,-7764,4282,872,10018,-3112,909,-126,-4693,1527,-729,-62419,-5506,0,-29525,-27388,-530,692,1194,2075,-16578,70377,71768,62065,-105,-61,13077,49154,5498,169,-2500,17182,-9353,13898,-22621,-16016,-6905,-9111,-4599,-7853,41396,27816,13580,-1391,-12711,289,106393
2013:Q2,-5850,5267,77652,582,1287,-21740,1757,0,-36255,19178,16895,5922,-11578,6670,1269,16155,2679,3410,441,-5117,635,3310,75727,54403,0,-2503,23827,-989,-2236,1187,-4115,26192,-12846,-12979,23293,-123,111,-28653,51958,-65513,-223,-2745,-61456,-1089,39491,2659,-73441,-34742,-38699,40437,-14301,34396,-36282,70678,133,-101615,505,94485
2013:Q3,2173,5302,203580,1978,202981,-20320,-750,0,-7445,-20440,-14533,-1149,-12743,5423,2562,13825,13310,4297,-1201,-1518,1044,10688,35807,19782,0,-3531,19556,319,1408,1212,6673,-25728,191365,190715,33112,148,57,1859,31048,57258,-17,3357,45875,8043,146206,-24665,-44396,-19309,-25087,4540,11837,6823,21673,-14850,650,-15344,450,216231
2013:Q4,-4618,5275,204818,11418,19303,-1737,65364,0,30507,19031,8222,2264,7315,4340,-3110,13315,2511,1264,-334,-3576,1818,3339,115916,64094,0,11652,40170,-315,-217,2190,-4197,-2907,300237,299056,591,-396,-103,12458,-11368,150067,353,8754,139328,1632,81757,-35869,5657,7110,-1453,32965,-8498,72386,67540,4846,1181,85526,210,163624
2014:Q1,-6055,5092,129690,-8833,81602,-13653,44257,0,46655,8073,339,1823,10815,3229,-8133,8475,-18946,-851,-1618,-4834,1475,-13118,24050,38464,0,10722,-25136,-614,2135,1275,1399,-1928,165065,166757,2723,416,-39,-4760,7106,-21094,81,-3025,-19860,1710,128059,13892,-7140,-1455,-5685,-15340,2765,62892,49719,13173,-1692,24229,178,6767
2014:Q2,-10311,6146,234767,120,28807,682,35036,0,33950,-4479,-6197,5560,-1569,2639,-4912,4959,606,-2248,440,4316,-1279,-623,166790,79034,0,50095,37661,-175,1281,1489,2592,-1855,267645,266556,10898,22,129,-2478,13225,94862,116,40,92123,2583,49776,-11137,-4870,-3533,-1337,47460,7332,72235,53660,18575,1089,16421,231,163567
2014:Q3,-34434,5934,199049,-208,41281,-6420,73626,0,61316,22127,13784,3808,3291,3791,-2547,10880,-20697,-1860,-1066,-2920,1744,-16595,86386,43041,0,21602,21743,390,-3204,1199,2089,3910,196421,195736,70087,-391,163,-844,71159,15746,256,2473,16692,-3675,40646,-19298,-20504,-9833,-10671,4511,7004,97544,26362,71182,685,-42996,263,-1075
2014:Q4,-19915,6600,287319,10952,59258,-11018,75593,0,61363,2067,4801,993,-371,4938,-8294,10631,1532,-1048,-223,-2130,3469,1464,165471,92305,0,35476,37690,1073,-900,1769,-3841,-11038,385807,385512,-14803,360,-182,-18873,3892,46629,409,17296,25902,3022,230413,-16619,-3912,-2254,-1658,21543,3456,118805,78821,39984,295,71974,21,210073
2015:Q1,-12868,4562,220669,-7807,67516,30005,63731,0,922,50014,42172,868,3207,4840,-1073,12063,732,-1483,-434,-2735,3332,2052,56004,51378,0,35590,-30964,-439,-615,1380,214,10680,180160,177137,21737,-193,-96,-3109,25135,14165,-37,-10548,25365,-615,181568,-7739,-4344,-540,-3804,-32192,347,3595,-17338,20933,3023,-57938,33,66190
2015:Q2,-25584,6874,19287,456,-193007,-6110,38813,0,2880,30277,34440,3877,-6827,1706,-2919,11444,-5788,-1652,-1407,-1865,2088,-2952,169463,73687,0,58365,37411,774,949,2156,2226,3567,-36788,-37311,-85146,336,117,-2243,-83356,23572,-157,3840,24273,-4384,-25720,-2089,-6847,-2239,-4608,42086,-12750,29583,19430,10153,523,-88533,-33,32533
2015:Q3,-17866,8773,79281,-664,-31297,3389,13406,0,-3308,16486,19158,4374,-1268,3788,-9566,11115,-10887,-2474,-506,-2790,1882,-6999,101068,16817,0,50744,33507,816,-833,1414,-3221,-4797,93618,93092,-29613,325,86,4324,-34348,-59396,-12,-3142,-45977,-10265,163563,-20303,-6094,-2782,-3312,-17898,8048,54785,27855,26930,526,-12302,-354,31359
2015:Q4,-34312,9862,244229,6557,-40988,-2473,79640,0,14263,50661,39344,7395,3110,7504,-6692,10781,3935,-2397,-196,-4593,3332,7789,200343,71381,0,68760,60202,861,-400,1661,-8567,7595,281771,279039,52789,51,-137,-3872,56747,92600,51,1211,86436,4902,144365,-9145,4936,2692,2244,38424,-4843,-40087,8951,-49038,2732,-6632,-293,115965
2016:Q1,-15020,8505,195862,-4372,81174,-4237,19231,0,-55,5815,1072,7431,-2139,6202,-6751,8744,4727,-2130,-457,-2414,-983,10711,91787,68939,0,45346,-22498,-7372,1017,1381,2063,15190,205400,214048,-31252,-1142,-57,-7780,-22273,-8338,-118,896,-14765,5649,190462,-3073,18250,8861,9389,-14120,2314,59805,36330,23475,-8648,-13986,95,50898
2016:Q2,-7290,8553,169375,3471,-93003,10025,42651,0,10733,18450,28508,4591,-9928,6573,-11294,13100,368,-1744,-261,-1396,-1179,4948,185333,51626,0,92901,40806,-470,-114,1423,-7003,27062,248777,247606,3548,-109,142,-6281,9796,36278,-90,-1583,38446,-495,45338,-9598,14407,8602,5805,64468,3335,89830,63406,26424,1171,63560,240,63383
2016:Q3,-20899,9117,275574,-8201,37771,18794,118628,0,41970,59110,60736,8863,-2450,5054,-13093,10875,6673,-1123,210,-3449,-6200,17235,112327,18313,0,64884,29130,206,-2060,1489,1196,-4576,335845,335058,14653,552,-2,8291,5812,37684,-63,1820,30579,5348,211847,-4012,-26324,-12164,-14160,-2797,6169,97838,117215,-19377,787,30255,679,118770
2016:Q4,-7892,8422,98434,10905,-116258,-15915,108175,0,43383,65939,64021,3267,-8126,8191,-1414,14078,-15225,-172,923,-4084,-2219,-9673,106738,7475,0,42881,56382,694,-688,1322,1593,1868,23320,21592,-75990,-69,-135,6750,-82536,26960,148,4797,19717,2298,152593,-17524,-30327,-13309,-17018,20197,-10929,-43388,-34473,-8915,1728,-91428,288,59512
2017:Q1,-17168,9765,209846,-5798,208575,-28533,53757,0,-4391,36900,27537,3711,-1015,4091,2576,1956,19292,-524,1502,-331,-3397,22042,-23829,1750,0,19418,-44997,-946,244,1393,4823,160,126337,128301,11797,237,-54,-545,12159,89162,-9,140,86859,2172,94133,-4035,-10540,-3132,-7408,-40726,-7233,-4257,-21252,16995,-1964,-110442,436,56446
2017:Q2,-10528,8393,27697,586,-129631,34517,-25216,0,-47796,36196,34924,2998,-2737,2737,-1726,6724,-20340,-1079,-648,-1807,-1589,-15217,144104,49940,0,66945,27219,36,-1250,1347,4553,-1349,40509,39895,-3527,-69,133,-7487,3896,21461,-208,-2458,25623,-1496,-60485,4410,-2889,-271,-2618,43885,4869,32171,20914,11257,614,-6108,971,-45104
2017:Q3,-29452,8422,98675,-2226,14284,-36338,47540,0,2550,43803,37376,4835,1564,2734,-2706,3397,-2210,-1373,-1073,-2406,-516,3158,84468,17323,0,40039,27106,-1219,449,2130,3240,-13653,193699,192949,-21168,-107,54,-1203,-19912,-46570,39,-6319,-52386,12096,171859,3949,830,1541,-711,9985,10955,63109,62017,1092,750,57151,302,71794
2017:Q4,-30355,8618,163029,8643,-45915,34319,34425,0,6419,31847,19691,10086,-2540,5995,-1385,8984,-12825,-1486,-214,-2618,-1191,-7316,144208,35526,0,38252,70430,137,603,1538,-425,-14504,89125,85692,-4121,-177,-62,7653,-11535,71660,-153,6173,76273,-10633,60404,3537,-41666,-17366,-24300,6912,24054,-35088,-34845,-243,3433,-112877,218,112857
2018:Q1,1094,10202,79129,-8959,66122,18446,-14831,0,-572,4236,-4031,2226,2654,4377,-990,-12263,-6232,-1115,-527,-1957,431,-3064,20086,39346,0,23669,-42929,2903,-5256,1218,2581,-3181,39521,46469,-82343,220,-117,3064,-85510,56484,321,-457,46286,10334,149194,-13563,19745,9211,10534,-29382,-13988,-39678,-15101,-24577,-6948,-48716,223,876
2018:Q2,5343,10208,-52716,2135,-156153,-11409,5096,0,8753,12603,-700,7890,3986,4858,-3431,-9584,-6676,628,-172,-1633,196,-5695,134340,56660,0,46743,30937,-469,-262,976,692,-27662,69135,68194,57079,157,222,-4918,61618,-89778,24,-5563,-91019,6780,50744,1128,8416,5418,2998,31526,2688,6391,488,5903,941,116986,365,-35983
2018:Q3,8741,10008,86462,-2309,-33094,7748,16037,0,10619,8058,984,4240,2280,2058,-1504,-14234,11594,-1100,-238,-2248,813,14367,72627,18459,0,30794,23374,-1140,-255,1280,6091,19477,26793,26125,-27034,-426,32,-6264,-20376,-53154,-456,-6692,-47404,1398,137414,-1794,8151,3183,4968,-31591,5563,-11430,-42956,31526,668,-60936,755,93688
2018:Q4,-6798,10862,236301,14003,-150348,145546,70064,0,68544,41890,34972,6212,-1419,3961,-1836,-3765,-36605,254,-28,-415,1909,-38325,211036,138919,0,20996,51121,1229,-119,417,-7943,-47584,320671,320560,21238,199,-210,-1122,22371,124744,-18,5076,123236,-3550,154543,-13089,-12078,-5829,-6249,20255,11124,13823,62387,-48564,111,66711,-146,140749
2019:Q1,-9031,10805,27080,-12173,10145,-23365,46310,0,-9241,24694,20116,5063,1959,2493,-4937,-13615,44472,230,-25,127,1562,42578,-18238,1017,0,18169,-37424,610,-1553,1338,-608,24614,64016,65705,-39641,-19,-50,1682,-41254,-61337,-133,-1599,-58819,-786,127088,8932,-11873,-5897,-5976,-53138,-4210,99884,16923,82961,-1689,17101,589,-82999
2019:Q2,-11126,11171,141662,1617,-91847,16948,43375,0,23533,40255,42322,5740,-4657,2945,-6095,-16511,-3902,-357,-106,1644,379,-5462,162013,56998,0,65183,39832,484,30,2056,-1610,8596,246917,246590,32593,-32,104,-6599,39120,34825,-26,-2323,23763,13411,70136,1853,-5304,-2641,-2663,16351,3445,92691,66922,25769,327,82957,-312,133108
2019:Q3,-4996,11442,190905,-1169,31445,-44038,119184,0,80784,34541,27542,5421,4252,8223,-10897,-1283,5142,823,347,271,346,3355,94876,22953,0,40368,31555,-665,-59,1457,9354,-19480,182502,180776,-22103,77,-8,2245,-24417,44806,386,-386,47116,-2310,180680,26395,-20542,-10244,-10298,-38522,10196,-134,-10285,10151,1726,-24841,425,195535
2019:Q4,-6066,11622,274196,13106,69168,26149,33962,0,30506,3178,780,4656,292,6644,-9194,1899,-1621,871,352,-153,-4,-2687,120904,17742,0,48103,55059,367,-476,1822,2507,6687,243491,242504,15344,101,-65,1819,13489,119503,-343,10467,114985,-5606,132953,-13272,-31,-317,286,-17020,5115,-88,29419,-29507,987,-48392,50,154009
2020:Q1,1061,9695,1155838,15603,569126,-27228,140743,27546,2538,116615,94453,6354,11761,14555,-10508,27660,-33616,303,11,3238,2089,-39257,400007,432247,0,33556,-65796,1140,16,901,294,55236,1319028,1321400,59699,-11,76591,-13754,-3127,458254,44,3238,442870,12102,624010,24104,23240,11615,11625,130130,-16659,18622,15245,3377,-2372,154556,215,744697
2020:Q2,4959,4072,1076077,-7076,490614,229018,294080,-15790,204166,60772,13146,11459,29005,9982,-2820,11321,33611,-110,58,2266,-492,31889,71676,117095,0,20057,-65476,349,-713,1317,1761,-4949,1076618,1075873,60363,-76,6329,13043,41067,186638,225,14941,192079,-20607,996459,-625,9307,4488,4819,-234766,2381,56116,125482,-69366,745,1428,-96,507961
2020:Q3,8059,10163,134285,-1923,-49075,-62181,292609,-7858,93023,163140,103747,10014,22628,17537,9214,11603,32701,-443,127,-43,-1711,34771,-127667,-149403,0,16958,4778,567,-53,1781,437,79790,32256,31023,-34014,-599,-16835,5006,-21586,64012,543,5830,65167,-7528,93058,-11460,9196,5042,4154,-73511,2407,-18665,15975,-34640,1233,-104133,226,74503
2020:Q4,1567,10725,560798,9173,271752,40212,276246,-1906,27796,262566,170507,18976,49949,12342,10792,18327,-30537,-392,36,-741,-310,-29130,-57396,-64737,0,-29090,36431,1111,-18,2055,-8932,26595,509304,507018,-84930,762,-21949,-694,-63049,258391,244,16792,243147,-1792,356846,-8138,17033,8463,8570,-54450,681,21585,46328,-24743,2286,-60652,-29,387844
2021:Q1,27470,10514,612747,-1726,412774,-243889,452601,-1882,83846,234743,181409,12058,12891,15232,13153,13696,122198,1004,129,2005,2195,116865,-57323,32330,0,-37249,-52404,783,0,2080,-10867,58314,475706,475991,-110457,-483,-3037,6498,-113435,232984,-255,19101,217461,-3323,401585,16579,11238,6361,4877,-23709,-16798,-35431,-59244,23813,-285,-120085,-97,232580
