date,FU894122005.Q,FU893169175.Q,FU313161105.Q,FU893161705.Q,FU383162005.Q,FU893163005.Q,FU894122005.Q,FU384122005.Q,FU163162003.Q,FU104122005.Q,FU314122005.Q,FU213162005.Q,FU794122005.Q,FU764122005.Q,FU753169175.Q,FU403161705.Q,FU413065005.Q,FU674122005.Q,FU614122005.Q,FU644122005.Q,FU663163003.Q,FU734122005.Q,FU504122005.Q,FU264122005.Q,FU894122005.Q,FU384022005.Q,FU154022005.Q,FU104022005.Q,FU114022005.Q,FU314022005.Q,FU214022005.Q,FU794022005.Q,FU714022005.Q,FU764022005.Q,FU754022005.Q,FU744022003.Q,FU474022005.Q,FU514022005.Q,FU544022005.Q,FU574022005.Q,FU344022005.Q,FU224022045.Q,FU634022005.Q,FU654022005.Q,FU554022005.Q,FU564022005.Q,FU404022005.Q,FU674022005.Q,FU613063003.Q,FU644022005.Q,FU664022005.Q,FU734022605.Q,FU504022005.Q,FU264022005.Q
1945:Q4,ND,ND,ND,ND,ND,ND,ND,ND,ND,ND,ND,ND,ND,ND,ND,ND,ND,ND,ND,ND,ND,ND,ND,ND,ND,ND,ND,ND,ND,ND,ND,ND,ND,ND,ND,ND,ND,ND,ND,ND,ND,ND,ND,ND,ND,ND,ND,ND,ND,ND,ND,ND,ND,ND
1946:Q1,ND,ND,ND,ND,ND,ND,ND,ND,ND,ND,ND,ND,ND,ND,ND,ND,ND,ND,ND,ND,ND,ND,ND,ND,ND,ND,ND,ND,ND,ND,ND,ND,ND,ND,ND,ND,ND,ND,ND,ND,ND,ND,ND,ND,ND,ND,ND,ND,ND,ND,ND,ND,ND,ND
1946:Q2,ND,ND,ND,ND,ND,ND,ND,ND,ND,ND,ND,ND,ND,ND,ND,ND,ND,ND,ND,ND,ND,ND,ND,ND,ND,ND,ND,ND,ND,ND,ND,ND,ND,ND,ND,ND,ND,ND,ND,ND,ND,ND,ND,ND,ND,ND,ND,ND,ND,ND,ND,ND,ND,ND
1946:Q3,ND,ND,ND,ND,ND,ND,ND,ND,ND,ND,ND,ND,ND,ND,ND,ND,ND,ND,ND,ND,ND,ND,ND,ND,ND,ND,ND,ND,ND,ND,ND,ND,ND,ND,ND,ND,ND,ND,ND,ND,ND,ND,ND,ND,ND,ND,ND,ND,ND,ND,ND,ND,ND,ND
1946:Q4,-21534,258,-22876,92,69,923,-21534,-22015,0,995,-23079,69,573,58,15,295,0,0,205,0,0,0,0,-92,-21534,-8747,-2354,-5636,0,0,-757,-12055,-912,-14358,-17,-52,0,594,2743,249,370,258,0,32,6,0,5,0,0,0,-1067,0,94,-732
1947:Q1,ND,ND,ND,ND,ND,ND,ND,ND,ND,ND,ND,ND,ND,ND,ND,ND,ND,ND,ND,ND,ND,ND,ND,ND,ND,ND,ND,ND,ND,ND,ND,ND,ND,ND,ND,ND,ND,ND,ND,ND,ND,ND,ND,ND,ND,ND,ND,ND,ND,ND,ND,ND,ND,ND
1947:Q2,ND,ND,ND,ND,ND,ND,ND,ND,ND,ND,ND,ND,ND,ND,ND,ND,ND,ND,ND,ND,ND,ND,ND,ND,ND,ND,ND,ND,ND,ND,ND,ND,ND,ND,ND,ND,ND,ND,ND,ND,ND,ND,ND,ND,ND,ND,ND,ND,ND,ND,ND,ND,ND,ND
1947:Q3,ND,ND,ND,ND,ND,ND,ND,ND,ND,ND,ND,ND,ND,ND,ND,ND,ND,ND,ND,ND,ND,ND,ND,ND,ND,ND,ND,ND,ND,ND,ND,ND,ND,ND,ND,ND,ND,ND,ND,ND,ND,ND,ND,ND,ND,ND,ND,ND,ND,ND,ND,ND,ND,ND
1947:Q4,-1566,192,-6371,79,1611,2923,-1566,-1949,0,2848,-6408,1611,404,28,7,116,0,0,253,0,0,0,0,-21,-1566,147,-174,-354,0,0,675,-2370,-791,-4345,-1,-105,15,732,1420,251,823,321,0,5,60,0,-31,0,0,0,-743,0,19,657
1948:Q1,ND,ND,ND,ND,ND,ND,ND,ND,ND,ND,ND,ND,ND,ND,ND,ND,ND,ND,ND,ND,ND,ND,ND,ND,ND,ND,ND,ND,ND,ND,ND,ND,ND,ND,ND,ND,ND,ND,ND,ND,ND,ND,ND,ND,ND,ND,ND,ND,ND,ND,ND,ND,ND,ND
1948:Q2,ND,ND,ND,ND,ND,ND,ND,ND,ND,ND,ND,ND,ND,ND,ND,ND,ND,ND,ND,ND,ND,ND,ND,ND,ND,ND,ND,ND,ND,ND,ND,ND,ND,ND,ND,ND,ND,ND,ND,ND,ND,ND,ND,ND,ND,ND,ND,ND,ND,ND,ND,ND,ND,ND
1948:Q3,ND,ND,ND,ND,ND,ND,ND,ND,ND,ND,ND,ND,ND,ND,ND,ND,ND,ND,ND,ND,ND,ND,ND,ND,ND,ND,ND,ND,ND,ND,ND,ND,ND,ND,ND,ND,ND,ND,ND,ND,ND,ND,ND,ND,ND,ND,ND,ND,ND,ND,ND,ND,ND,ND
1948:Q4,1714,171,-5733,1126,1334,4816,1714,742,0,4294,-4886,1334,892,-1,-1,275,4,0,615,0,0,0,0,80,1714,2233,914,715,0,0,604,-620,774,-5950,48,-60,10,906,1268,249,823,419,0,31,20,0,128,0,0,0,584,0,130,101
1949:Q1,ND,ND,ND,ND,ND,ND,ND,ND,ND,ND,ND,ND,ND,ND,ND,ND,ND,ND,ND,ND,ND,ND,ND,ND,ND,ND,ND,ND,ND,ND,ND,ND,ND,ND,ND,ND,ND,ND,ND,ND,ND,ND,ND,ND,ND,ND,ND,ND,ND,ND,ND,ND,ND,ND
1949:Q2,ND,ND,ND,ND,ND,ND,ND,ND,ND,ND,ND,ND,ND,ND,ND,ND,ND,ND,ND,ND,ND,ND,ND,ND,ND,ND,ND,ND,ND,ND,ND,ND,ND,ND,ND,ND,ND,ND,ND,ND,ND,ND,ND,ND,ND,ND,ND,ND,ND,ND,ND,ND,ND,ND
1949:Q3,ND,ND,ND,ND,ND,ND,ND,ND,ND,ND,ND,ND,ND,ND,ND,ND,ND,ND,ND,ND,ND,ND,ND,ND,ND,ND,ND,ND,ND,ND,ND,ND,ND,ND,ND,ND,ND,ND,ND,ND,ND,ND,ND,ND,ND,ND,ND,ND,ND,ND,ND,ND,ND,ND
1949:Q4,7872,177,3528,-20,986,3201,7872,7502,0,2899,3617,986,379,10,3,-112,3,0,475,0,0,0,0,-9,7872,2402,61,1962,0,0,379,5244,-4448,5606,116,-32,7,663,1239,300,1040,502,0,64,60,0,-3,0,0,0,53,0,77,226
1950:Q1,ND,ND,ND,ND,ND,ND,ND,ND,ND,ND,ND,ND,ND,ND,ND,ND,ND,ND,ND,ND,ND,ND,ND,ND,ND,ND,ND,ND,ND,ND,ND,ND,ND,ND,ND,ND,ND,ND,ND,ND,ND,ND,ND,ND,ND,ND,ND,ND,ND,ND,ND,ND,ND,ND
1950:Q2,ND,ND,ND,ND,ND,ND,ND,ND,ND,ND,ND,ND,ND,ND,ND,ND,ND,ND,ND,ND,ND,ND,ND,ND,ND,ND,ND,ND,ND,ND,ND,ND,ND,ND,ND,ND,ND,ND,ND,ND,ND,ND,ND,ND,ND,ND,ND,ND,ND,ND,ND,ND,ND,ND
1950:Q3,ND,ND,ND,ND,ND,ND,ND,ND,ND,ND,ND,ND,ND,ND,ND,ND,ND,ND,ND,ND,ND,ND,ND,ND,ND,ND,ND,ND,ND,ND,ND,ND,ND,ND,ND,ND,ND,ND,ND,ND,ND,ND,ND,ND,ND,ND,ND,ND,ND,ND,ND,ND,ND,ND
1950:Q4,6831,206,227,-216,4525,2089,6831,5799,0,1669,-395,4525,781,98,25,381,25,0,252,0,0,0,0,251,6831,4717,806,3218,0,0,693,666,1840,-3902,92,-13,8,782,109,273,784,624,0,79,60,0,-77,0,0,0,-139,0,146,1448
1951:Q1,ND,ND,ND,ND,ND,ND,ND,ND,ND,ND,ND,ND,ND,ND,ND,ND,ND,ND,ND,ND,ND,ND,ND,ND,ND,ND,ND,ND,ND,ND,ND,ND,ND,ND,ND,ND,ND,ND,ND,ND,ND,ND,ND,ND,ND,ND,ND,ND,ND,ND,ND,ND,ND,ND
1951:Q2,ND,ND,ND,ND,ND,ND,ND,ND,ND,ND,ND,ND,ND,ND,ND,ND,ND,ND,ND,ND,ND,ND,ND,ND,ND,ND,ND,ND,ND,ND,ND,ND,ND,ND,ND,ND,ND,ND,ND,ND,ND,ND,ND,ND,ND,ND,ND,ND,ND,ND,ND,ND,ND,ND
1951:Q3,ND,ND,ND,ND,ND,ND,ND,ND,ND,ND,ND,ND,ND,ND,ND,ND,ND,ND,ND,ND,ND,ND,ND,ND,ND,ND,ND,ND,ND,ND,ND,ND,ND,ND,ND,ND,ND,ND,ND,ND,ND,ND,ND,ND,ND,ND,ND,ND,ND,ND,ND,ND,ND,ND
1951:Q4,7091,509,409,101,2115,3957,7091,5743,0,3356,272,2115,1071,78,19,227,11,0,736,0,0,0,0,277,7091,1072,-564,922,0,5,709,5944,2879,-336,131,-44,10,572,257,755,710,699,0,64,40,0,55,0,0,0,-219,0,371,75
1952:Q1,2121,281,-1268,-149,2246,1011,2121,2081,0,1140,-1305,2246,1,-26,-6,-114,2,0,145,0,0,0,0,39,2121,2016,2469,-762,0,9,300,202,-1376,79,55,1,2,242,545,243,99,241,0,39,13,0,137,0,0,0,-310,0,192,-97
1952:Q2,4113,118,-14,-56,2464,1601,4113,3741,0,1446,-169,2464,323,-34,-9,97,2,0,267,0,0,0,0,49,4113,1490,2093,-1270,0,-10,677,2513,278,253,61,7,1,134,288,243,386,177,0,9,16,0,-69,0,0,0,825,0,-96,110
1952:Q3,6154,209,3273,441,1215,1016,6154,6005,0,1169,3621,1215,232,31,8,90,3,0,100,0,0,0,0,-83,6154,2288,1687,452,0,-2,151,3468,709,1365,-82,8,1,295,837,277,425,340,0,6,16,0,-13,0,0,0,-865,0,149,398
1952:Q4,6044,-190,3951,202,962,1119,6044,6150,0,1012,4176,962,-128,31,7,-26,3,0,-143,0,0,0,0,22,6044,1503,561,648,0,0,294,4710,819,1641,50,5,3,252,657,336,48,198,0,23,15,0,12,0,0,0,652,0,-1,-169
1953:Q1,-60,194,-3020,-2,1564,1204,-60,-555,0,799,-2918,1564,444,-30,-7,-106,2,0,585,0,0,0,0,51,-60,1254,387,586,0,52,229,-1435,-765,-2208,-40,2,1,296,717,348,60,274,0,3,15,0,200,0,0,0,-572,0,234,121
1953:Q2,2433,-192,460,-430,1158,1437,2433,2113,0,940,15,1158,445,-22,-6,14,1,0,458,0,0,0,0,-125,2433,2029,3574,-1660,0,-34,149,173,877,-2275,27,0,1,221,564,342,333,371,0,-22,15,0,-121,0,0,0,-93,0,-67,231
1953:Q3,9317,328,6540,261,1416,772,9317,8678,0,580,6682,1416,684,70,18,117,2,0,477,0,0,0,0,-45,9317,2374,324,1886,0,-19,183,6644,489,4072,-9,-1,1,302,491,312,98,359,0,4,15,0,18,0,0,0,319,0,174,299
1953:Q4,6375,48,1943,1802,1217,1365,6375,6255,0,1267,3771,1217,113,47,12,-28,2,0,80,0,0,0,0,7,6375,747,-575,982,0,-1,341,5605,682,2938,58,-1,3,305,656,272,39,223,0,23,15,0,-3,0,0,0,468,0,-73,23
1954:Q1,-1271,355,-4544,431,1504,983,-1271,-1482,0,900,-3886,1504,40,6,1,-228,1,0,260,0,0,0,0,171,-1271,-698,389,-1287,0,18,182,-818,-1085,-1386,-29,3,2,191,695,277,20,384,0,48,15,0,312,0,0,0,-389,0,124,245
1954:Q2,1453,-140,151,-812,1350,904,1453,1486,0,894,-758,1350,30,7,2,96,1,0,-76,0,0,0,0,-63,1453,-3342,-446,-3028,0,-10,142,4930,505,2379,-1,7,2,224,416,292,312,407,0,13,14,0,-29,0,0,0,519,0,-130,-135
1954:Q3,4533,76,3296,-1332,1510,983,4533,4716,0,1375,1831,1510,-85,16,4,125,8,0,-238,0,0,0,0,-98,4533,835,-923,1529,0,-2,231,3350,-791,2880,-12,7,2,266,386,333,8,301,0,40,14,0,24,0,0,0,-112,0,4,348
1954:Q4,7202,-11,3828,1781,1287,317,7202,7411,0,495,5629,1287,-149,214,53,-28,8,0,-396,0,0,0,0,-60,7202,1305,-22,1123,0,-5,209,5735,942,3495,82,0,2,270,395,386,78,306,0,23,17,0,-47,0,0,0,9,0,-223,162
1955:Q1,-1919,208,-4372,246,1492,507,-1919,-2146,0,477,-4115,1492,321,-54,-13,-19,8,0,399,0,0,0,0,-94,-1919,2373,1863,253,0,6,251,-4291,-1383,-4157,-17,-1,3,79,567,375,-12,276,0,6,18,0,133,0,0,0,-485,0,307,-1
1955:Q2,314,-65,-602,-720,1112,589,314,69,0,604,-1647,1112,303,-122,-31,316,9,0,131,0,0,0,0,-58,314,1167,1505,-640,0,1,301,-835,-82,-2369,95,-5,4,145,306,362,355,271,0,51,21,0,-113,0,0,0,32,0,92,-18
1955:Q3,4047,-27,2461,-391,1401,603,4047,3685,0,465,1819,1401,402,12,4,241,10,0,135,0,0,0,0,-40,4047,4249,2036,1924,0,-4,293,-402,-2,-1912,27,-5,4,293,489,302,273,329,0,67,21,0,-232,0,0,0,-115,0,59,200
1955:Q4,6519,-271,3122,1117,1029,1522,6519,6156,0,1302,3825,1029,364,-24,-6,403,11,0,-20,0,0,0,0,-1,6519,4184,1143,2694,0,16,331,2270,994,-187,60,-3,4,175,85,216,73,351,0,25,20,0,299,0,0,0,320,0,-162,65
1956:Q1,-1269,577,-4284,123,1235,1080,-1269,-2621,0,422,-4278,1235,1262,16,3,106,11,0,1126,0,0,0,0,90,-1269,397,2334,-2149,0,-5,217,-2105,-1097,-2679,-69,3,4,42,317,244,13,455,0,96,20,0,320,0,0,0,-296,0,522,439
1956:Q2,-3146,-105,-4983,-250,921,1271,-3146,-3641,0,887,-5449,921,414,19,5,205,11,0,174,0,0,0,0,81,-3146,-1579,1261,-3193,0,-1,354,-1652,157,-2667,-6,7,4,42,272,300,316,246,0,-90,19,0,11,0,0,0,-76,0,-187,85
1956:Q3,4191,180,1433,14,1185,1379,4191,3563,0,1179,1199,1185,554,97,25,243,5,0,184,0,0,0,0,74,4191,1882,1648,-59,0,-8,301,1943,-165,327,-22,8,4,151,522,393,541,233,0,199,19,0,-10,0,0,0,-198,0,-59,366
1956:Q4,5394,-174,3051,334,824,1359,5394,5318,0,1004,3490,824,11,132,32,-111,6,0,-48,0,0,0,0,65,5394,1770,355,1149,0,3,263,3929,1334,1501,-11,7,3,170,255,492,-7,213,0,26,22,0,-31,0,0,0,148,0,-193,-305
1957:Q1,2507,566,-1670,427,1063,2121,2507,860,0,1445,-1648,1063,1430,41,11,397,8,0,973,0,0,0,0,217,2507,1764,2007,-325,0,11,71,656,-1955,941,-24,5,4,53,568,491,13,345,0,43,23,0,116,0,0,0,-395,0,428,87
1957:Q2,-2996,-278,-5592,158,911,1805,-2996,-3701,0,1432,-6044,911,579,-32,-8,601,9,0,9,0,0,0,0,126,-2996,-1303,548,-1861,0,-2,12,-1607,-31,-3193,16,3,4,92,498,436,300,343,0,97,25,0,-73,0,0,0,89,0,-213,-86
1957:Q3,7796,330,4170,-29,1356,1969,7796,6861,0,1557,3948,1356,904,176,44,189,4,0,491,0,0,0,0,31,7796,2488,1878,749,0,1,-140,5428,111,3494,-36,3,4,233,671,379,46,406,0,-25,25,0,-132,0,0,0,160,0,89,-120
1957:Q4,5272,221,874,1191,1177,1809,5272,4668,0,1642,1849,1177,543,89,22,213,3,0,216,0,0,0,0,61,5272,1158,369,975,0,-6,-180,3781,993,686,-26,1,3,278,512,332,76,338,0,14,27,0,6,0,0,0,535,0,6,333
1958:Q1,3892,1086,-1548,478,1460,2416,3892,2667,0,2159,-952,1460,954,179,45,-120,2,0,848,0,0,0,0,271,3892,-981,525,-1246,0,42,-302,5368,-608,3366,-32,8,4,-6,743,344,165,479,0,118,28,0,599,0,0,0,-134,0,294,-495
1958:Q2,4514,-279,3486,-1154,1143,1318,4514,4731,0,1155,2433,1143,-557,-142,-36,-103,2,0,-278,0,0,0,0,340,4514,-3920,-1894,-2080,0,-29,83,9068,2019,4355,35,12,4,123,667,360,348,242,0,180,29,0,-111,0,0,0,720,0,85,-634
1958:Q3,3440,-300,707,290,1541,1202,3440,3767,0,1450,776,1541,-415,-58,-14,215,6,0,-564,0,0,0,0,88,3440,-634,-1631,951,0,-19,65,3279,-495,2818,-38,11,4,303,853,385,311,379,0,-1,30,0,-134,0,0,0,-1165,0,18,795
1958:Q4,9802,-520,7134,399,1306,1483,9802,9862,0,1115,7441,1306,-279,-70,-18,85,7,0,-283,0,0,0,0,219,9802,4068,1014,2932,0,-4,126,5352,1617,1800,47,4,3,364,664,409,110,409,0,-24,29,0,-245,0,0,0,467,0,-302,382
1959:Q1,2648,391,-81,-163,1578,923,2648,1799,0,586,-365,1578,680,-113,-28,116,5,0,700,0,0,0,0,169,2648,4446,2673,1580,0,-1,194,-2221,-859,-3136,-4,-1,3,136,768,260,133,407,0,75,79,0,205,0,0,0,-417,0,130,423
1959:Q2,3904,50,881,587,1258,1128,3904,2519,0,668,593,1258,1320,-58,-14,869,6,0,517,0,0,0,0,65,3904,2116,587,1195,0,4,330,-133,564,-2720,5,-7,2,245,837,393,385,319,0,34,27,0,-129,0,0,0,-106,0,18,1921
1959:Q3,7878,-82,4276,726,1939,1019,7878,6765,0,637,4189,1939,983,-23,-6,812,1,0,199,0,0,0,0,130,7878,5085,2499,2371,0,9,206,1592,513,-1517,-8,-7,2,401,487,357,323,506,0,137,29,0,-11,0,0,0,163,0,217,1201
1959:Q4,5965,-47,3064,409,1067,1472,5965,4986,0,845,3074,1067,870,159,40,398,1,0,272,0,0,0,0,109,5965,4517,2768,1351,0,-13,411,810,137,-1053,33,-11,3,456,311,477,43,386,0,100,34,0,35,0,0,0,350,0,-491,638
1960:Q1,1151,1510,-3781,-134,1587,1969,1151,-1631,0,534,-3752,1587,2503,174,43,-164,1,0,2449,0,0,0,0,279,1151,4562,5177,-982,0,45,322,-3797,-1477,-4888,-34,3,2,304,462,332,87,493,0,49,100,0,204,0,0,0,-595,0,1161,386
1960:Q2,1852,148,-1672,631,1105,1640,1852,419,0,1011,-1697,1105,1308,13,3,654,2,0,636,0,0,0,0,125,1852,-930,567,-1849,0,-31,383,2884,1155,-504,1,7,2,231,333,279,685,379,0,71,57,0,-119,0,0,0,259,0,48,-102
1960:Q3,4954,390,1966,-447,1571,1474,4954,3993,0,1017,1405,1571,885,231,58,116,-2,0,482,0,0,0,0,76,4954,-1945,-688,-1694,0,-12,449,6553,160,4162,-18,8,2,189,571,353,102,281,0,87,51,0,13,0,0,0,509,0,83,346
1960:Q4,5992,131,2235,427,1047,2152,5992,4892,0,1314,2531,1047,1003,290,72,134,-3,0,510,0,0,0,0,97,5992,-1121,-640,-794,0,33,280,6839,550,4300,31,1,4,168,503,521,52,439,0,37,27,0,44,0,0,0,486,0,-324,274
1961:Q1,665,787,-2231,-236,1449,896,665,-321,0,215,-1985,1449,901,164,42,-482,0,0,1177,0,0,0,0,85,665,-1382,-984,-535,0,-1,138,2003,-615,599,141,4,4,198,680,130,51,555,0,48,68,0,263,0,0,0,-684,0,561,44
1961:Q2,4260,-101,1115,58,830,2358,4260,3723,0,2056,837,830,364,33,8,337,-1,0,-13,0,0,0,0,173,4260,87,137,-239,0,-23,212,4536,606,1574,41,2,5,227,527,398,786,443,0,-55,-19,0,-49,0,0,0,176,0,-126,-363
1961:Q3,8275,91,5400,322,1768,694,8275,7946,0,998,5180,1768,262,122,30,498,44,0,-432,0,0,0,0,67,8275,-332,751,-1292,0,24,185,7911,-125,6011,93,1,5,269,728,272,69,418,0,124,-28,0,-73,0,0,0,142,0,5,696
1961:Q4,7169,75,3291,866,1331,1606,7169,6632,0,1451,3850,1331,425,211,53,261,46,0,-146,0,0,0,0,112,7169,2200,1132,856,0,-2,214,4892,1866,1931,-186,-4,6,315,442,415,10,333,0,289,-22,0,-216,0,0,0,518,0,-805,77
1962:Q1,4802,842,377,698,1688,1197,4802,3227,0,863,676,1688,1374,-150,-37,377,22,0,1162,0,0,0,0,201,4802,713,208,565,0,3,-63,3876,-170,104,214,2,5,343,1020,274,48,644,0,-29,35,0,533,0,0,0,-191,0,1044,213
1962:Q2,3843,-8,571,414,1166,1700,3843,3295,0,1505,624,1166,233,-126,-32,337,24,0,30,0,0,0,0,315,3843,-1142,-234,-1172,0,-30,294,4543,853,997,283,2,4,409,664,452,854,418,0,-62,-42,0,-358,0,0,0,116,0,-47,442
1962:Q3,3519,651,1057,-10,1349,472,3519,2655,0,848,458,1349,770,-49,-12,552,37,0,242,0,0,0,0,94,3519,590,1311,-1133,0,-3,415,2269,-637,656,-124,3,5,401,785,200,15,423,0,242,-29,0,28,0,0,0,46,0,255,660
1962:Q4,9169,-205,5060,1078,1248,1988,9169,8018,0,920,5850,1248,767,298,74,248,40,0,107,0,0,0,0,384,9169,240,-916,495,0,-5,666,8511,1714,4632,-211,4,6,323,321,503,76,298,0,43,14,0,170,0,0,0,950,0,-332,418
1963:Q1,3934,1040,500,-624,1176,1842,3934,2829,0,952,701,1176,611,-49,-12,-865,40,0,1497,0,0,0,0,494,3934,1401,-3354,4172,0,10,573,2389,-164,160,17,14,10,250,849,380,49,417,0,3,122,0,440,0,0,0,-1041,0,883,144
1963:Q2,5087,261,776,697,1748,1605,5087,3163,0,889,526,1748,1417,87,22,905,42,0,361,0,0,0,0,507,5087,-381,-302,-415,0,49,287,4717,1484,-65,-34,23,12,188,478,432,952,631,0,-159,115,0,126,0,0,0,49,0,485,751
1963:Q3,2366,-55,337,133,1175,776,2366,1613,0,654,-216,1175,682,45,2,672,14,0,-51,0,0,0,0,71,2366,390,386,-323,0,-18,345,1638,173,-639,-233,21,12,167,655,447,73,475,0,232,123,0,-488,0,0,0,230,0,390,338
1963:Q4,7751,-213,3460,1271,1141,2092,7751,6078,0,1046,3891,1141,1752,344,37,824,16,0,531,0,0,0,0,-79,7751,2859,2148,475,0,-12,248,5029,1629,2318,-69,9,11,183,379,325,87,452,0,104,86,0,334,0,0,0,-281,0,-538,-137
1964:Q1,3716,1214,384,-676,1137,1657,3716,2047,0,657,253,1137,1780,358,43,-571,26,0,1924,0,0,0,0,-111,3716,2701,1546,1146,0,-8,17,1394,-429,-354,10,-1,8,192,695,447,108,716,0,71,134,0,-198,0,0,0,-442,0,437,-379
1964:Q2,4429,353,-573,890,1771,1988,4429,2538,0,1212,-445,1771,1739,151,9,732,30,0,817,0,0,0,0,152,4429,-4,443,-638,0,-7,198,4328,1294,-1434,-3,-9,6,187,412,371,911,727,0,198,46,0,46,0,0,0,778,0,798,105
1964:Q3,6510,459,3058,-56,1812,1237,6510,5571,0,888,2871,1812,983,166,5,110,21,0,681,0,0,0,0,-44,6510,713,1132,-926,0,6,501,5124,492,2996,141,-10,6,193,569,291,169,494,0,83,31,0,-205,0,0,0,307,0,-433,673
1964:Q4,9002,126,3547,1209,1400,2720,9002,7386,0,1394,4592,1400,1146,265,43,142,22,0,674,0,0,0,0,470,9002,1205,710,-219,0,-8,722,7181,1556,3955,-72,-11,5,215,204,680,61,374,0,22,17,0,-85,0,0,0,110,0,150,616
1965:Q1,3781,674,-165,257,1501,1514,3781,2078,0,656,-79,1501,1613,71,-12,119,52,0,1383,0,0,0,0,90,3781,2033,1500,199,0,6,328,2164,619,-2159,43,1,5,218,755,540,71,799,0,348,80,0,251,0,0,0,-570,0,1163,-416
1965:Q2,3070,356,-2108,890,2197,1735,3070,1226,0,1479,-2450,2197,1774,622,6,1178,54,0,-86,0,0,0,0,70,3070,-1316,-237,-1542,0,7,456,4681,1519,-738,-31,4,2,206,426,259,1070,635,0,-96,-19,0,-81,0,0,0,1028,0,497,-295
1965:Q3,3761,319,-1104,860,2047,1639,3761,3137,0,1892,-802,2047,482,-6,-9,491,67,0,-61,0,0,0,0,142,3761,1938,1550,-350,0,22,716,1452,577,464,83,6,5,246,770,137,178,407,0,373,-28,0,-100,0,0,0,-1411,0,-255,371
1965:Q4,9085,-484,5853,595,1492,1629,9085,8244,0,497,6255,1492,683,136,16,121,72,0,338,0,0,0,0,158,9085,1048,-347,594,0,-2,803,7220,1273,4060,24,7,15,337,238,362,-4,419,0,39,-23,0,64,0,0,0,728,0,-319,817
1966:Q1,8499,1730,127,1484,1445,3713,8499,4998,0,2986,567,1445,3142,40,-1,964,80,0,2059,0,0,0,0,359,8499,7922,6756,861,0,22,283,1140,-327,-2253,-45,15,25,272,1260,988,23,842,0,447,52,0,-20,0,0,0,-844,0,705,-563
1966:Q2,4827,89,-4753,4173,2299,3019,4827,1673,0,2608,-3234,2299,3019,86,7,2570,84,0,272,0,0,0,0,135,4827,678,1757,-1372,0,39,254,3914,1681,-1586,-71,21,36,396,121,330,1088,584,0,270,-31,0,311,0,0,0,698,0,66,235
1966:Q3,7584,982,2097,158,1383,2964,7584,5811,0,3038,1390,1383,1666,-40,-10,731,134,0,851,0,0,0,0,107,7584,4530,5356,-906,0,441,-361,2930,-322,444,141,22,38,409,334,397,100,896,0,372,-26,0,-112,0,0,0,-708,0,945,124
1966:Q4,12847,1757,6085,1043,1109,2853,12847,9704,0,2407,6188,1109,3009,188,47,793,147,0,1834,0,0,0,0,134,12847,2564,1907,233,0,808,-384,10203,2139,2720,22,15,30,386,326,570,42,595,0,169,-12,0,756,0,0,0,1640,0,805,80
1967:Q1,9920,2950,1022,984,1232,3732,9920,7916,0,4198,2486,1232,1715,285,20,-646,166,0,1890,0,0,0,0,289,9920,-2122,-1781,-494,0,414,-261,11424,305,6602,40,22,23,369,935,246,-52,488,0,-284,73,0,987,0,0,0,144,0,1526,618
1967:Q2,-1058,545,-8559,1146,2321,3489,-1058,-443,0,4184,-6948,2321,-852,368,86,-645,180,0,-841,0,0,0,0,237,-1058,-7275,-4442,-2744,0,-32,-57,5836,2326,1901,33,22,17,325,779,-32,1118,675,0,-472,6,0,157,0,0,0,-1039,0,20,381
1967:Q3,15764,162,8595,-223,2124,5106,15764,15069,0,4531,8414,2124,306,47,3,-203,161,0,298,0,0,0,0,389,15764,3954,4436,-341,50,-392,201,11079,107,9538,202,22,18,337,1262,358,31,733,0,-218,20,0,-822,0,0,0,292,0,-801,731
1967:Q4,17972,504,9111,2368,1474,4515,17972,15003,0,3157,10372,1474,2668,146,35,940,167,0,1380,0,0,0,0,301,17972,5154,3152,1878,50,-78,152,11772,2593,5439,137,21,24,385,561,126,218,949,0,164,46,0,-298,0,0,0,256,0,1151,1046
1968:Q1,13634,2061,5383,1650,1485,3055,13634,10275,0,3050,5740,1485,3056,15,4,1112,181,0,1744,0,0,0,0,303,13634,6021,2986,2372,50,-16,629,7773,540,2609,31,13,33,446,1423,624,42,541,0,609,82,0,164,0,0,0,-379,0,995,-160
1968:Q2,5256,334,-3319,2505,2149,3587,5256,3197,0,3446,-2398,2149,1999,136,-10,1394,190,0,289,0,0,0,0,60,5256,1918,1722,-939,50,407,678,3869,2769,-1627,-8,8,35,504,661,14,1269,781,0,-592,128,0,161,0,0,0,-204,0,-30,-531
1968:Q3,14967,1506,6733,1259,1996,3473,14967,14577,0,4829,7752,1996,156,116,8,155,85,0,-208,0,0,0,0,234,14967,1039,661,-789,50,-17,1134,12551,90,7677,-4,7,42,510,890,188,-9,759,0,328,123,0,-413,0,0,0,1906,0,457,1377
1968:Q4,11050,299,1966,1513,2813,4459,11050,8425,0,2783,2829,2813,2138,81,20,568,82,0,1387,0,0,0,0,487,11050,1314,-1450,1759,50,-240,1195,7853,541,5305,-47,34,53,462,658,251,34,920,0,-526,66,0,-32,0,0,0,-677,0,811,1883
1969:Q1,11493,3288,-31,1451,3671,3114,11493,7920,0,4068,181,3671,3256,-95,8,1149,90,0,1904,0,0,200,0,317,11493,14039,11007,1702,50,-299,1579,-1916,-906,-4012,40,15,66,417,1321,-27,127,796,0,1033,114,0,-268,0,0,0,-1711,0,1079,-630
1969:Q2,410,2798,-10868,1907,3540,3033,410,-4522,0,3315,-11377,3540,4727,248,84,2331,85,0,914,20,0,1045,0,205,410,-2999,-2082,-1320,50,-630,983,3132,2047,-3621,23,14,80,291,166,-158,1116,948,0,-401,-3,0,60,0,0,0,1028,0,1542,277
1969:Q3,18503,4032,6498,1281,2711,3981,18503,11133,0,3588,4834,2711,6955,290,71,2697,248,0,2235,64,0,1350,0,415,18503,13308,14624,-2045,50,-118,797,2515,-108,-2298,58,15,85,453,629,589,305,1100,0,574,-39,0,-619,0,0,0,-764,0,2535,2680
1969:Q4,15665,2343,5150,2801,1464,3907,15665,8382,0,2111,4807,1464,7192,200,44,2889,255,0,2094,11,0,1699,0,91,15665,8472,7395,139,50,-250,1138,8962,3190,579,90,18,85,451,241,244,-29,771,0,-189,-84,0,239,0,0,0,1583,0,1773,-1769
1970:Q1,16575,5584,2424,3476,2140,2951,16575,8869,0,4757,1972,2140,7424,-57,-20,3633,295,0,245,207,0,3121,0,282,16575,8599,8246,-188,50,16,475,5634,-1521,-1281,-250,11,86,772,889,253,38,960,0,444,-153,0,1254,0,0,0,-234,0,4366,2342
1970:Q2,7943,1295,-3920,1272,3340,5956,7943,4513,0,5579,-4406,3340,3488,534,126,1544,214,0,-194,98,0,1166,0,-58,7943,-5768,-7353,1471,50,-3,67,11028,2049,4324,97,5,92,762,279,118,1725,830,0,1349,-250,0,-649,0,0,0,-1085,0,1382,2683
1970:Q3,14695,-3838,7609,1913,2584,6427,14695,15920,0,5826,7510,2584,-1621,-84,-26,1593,419,0,-614,0,0,-2909,0,396,14695,512,1982,-545,50,-4,-971,11168,2396,9970,255,8,89,1043,1256,922,136,1333,0,-731,-232,0,-234,0,0,0,1499,0,-6542,3015
1970:Q4,22339,-947,9364,2166,3919,7837,22339,18733,0,5371,9443,3919,3352,1003,245,1464,623,0,2040,200,0,-2223,0,254,22339,-2028,-718,568,50,-106,-1822,20611,2057,13815,607,13,76,1216,-43,774,482,666,0,-478,-99,0,729,0,0,0,2153,0,-1357,3756
1971:Q1,13568,-260,2786,-536,4245,7333,13568,12990,0,6666,2079,4245,296,508,23,-1031,1202,0,-883,115,0,362,0,282,13568,-4837,-2900,107,50,0,-2094,12924,1934,10369,-532,86,59,951,2001,-700,198,926,0,-261,94,0,1107,0,0,0,-1483,0,-1825,5481
1971:Q2,13301,-1317,3784,456,4240,6138,13301,11711,0,3942,3549,4220,1322,469,95,-924,1615,0,-237,264,0,40,0,268,13301,-2052,-2573,1362,50,-7,-884,8118,797,6472,-244,38,38,953,1397,-822,1857,758,0,-157,161,0,-839,0,0,0,-1126,0,-1165,7235
1971:Q3,21777,1288,9579,2067,3942,4901,21777,17241,0,4194,9138,3909,4224,543,102,1711,797,0,652,228,0,191,0,312,21777,5526,5682,23,60,0,-239,5769,1872,1970,77,45,43,952,1749,-424,231,639,0,-374,190,0,-1032,0,0,0,185,0,-354,10482
1971:Q4,25576,183,12691,2866,3724,6112,25576,19920,0,3205,13024,3691,5578,6,-52,1386,1147,0,2333,589,0,169,0,78,25576,457,-3918,3870,40,25,440,20430,2759,11328,48,10,76,943,870,820,557,583,0,586,123,0,218,0,0,0,1063,0,446,4689
1972:Q1,16177,1586,3900,1542,4155,4994,16177,12207,0,4106,3986,4115,3487,574,19,430,1026,0,128,678,0,632,0,483,16177,2093,1844,-575,50,-21,795,10863,187,4653,320,16,107,953,2712,852,-82,1060,0,311,152,0,1595,0,0,0,-1326,0,-647,3221
1972:Q2,8125,-174,-3873,2625,3551,5996,8125,4063,0,4567,-3888,3384,3640,-603,-185,1434,1206,0,709,743,0,336,0,422,8125,-1847,-1942,-941,50,-1,987,8940,2097,1708,-81,-3,137,976,1314,1631,2134,1060,0,-84,39,0,-906,0,0,0,-13,0,-1069,1032
1972:Q3,14050,-826,4748,2197,3584,4347,14050,11466,0,2845,5210,3411,2712,-241,-94,668,1067,0,-328,713,0,927,0,-128,14050,3233,1377,339,50,0,1467,6340,-2137,2987,256,137,146,944,2793,2467,270,1077,0,421,35,0,-773,0,0,0,266,0,-2549,4477
1972:Q4,24542,1008,12417,2944,2876,5297,24542,17429,0,1938,12783,2708,6860,607,59,989,1589,0,2233,700,0,683,0,253,24542,4263,-960,3086,50,5,2082,18678,1481,11087,-141,128,131,853,477,1523,671,1173,0,-146,68,0,-717,0,0,0,2389,0,-299,1601
1973:Q1,16916,-708,7761,3021,3548,3294,16916,11925,61,676,8022,3166,4858,-100,-7,2004,756,0,1068,10,0,1127,0,133,16916,6021,5464,-1600,33,5,2119,2759,4058,-5166,81,-77,121,870,3423,2168,-182,1227,0,441,193,0,-564,0,0,0,-2038,0,-1796,8136
1973:Q2,11684,2115,-3908,6076,3667,3734,11684,2550,83,3743,-4325,3049,8984,205,76,5038,1455,0,971,199,0,1040,0,150,11684,3592,1618,-225,28,-7,2178,10412,1190,-259,321,-77,124,810,1006,1238,2315,1286,0,124,156,0,-499,0,0,0,667,0,2010,-2320
1973:Q3,16074,2798,-1857,6971,4059,4103,16074,5604,111,3449,-1415,3459,10249,736,188,6087,442,0,813,851,0,1132,0,221,16074,10198,10839,-2612,15,-2,1958,6229,479,-1303,-170,75,120,837,1292,2110,-304,1474,0,233,139,0,18,0,0,0,310,0,919,-353
1973:Q4,24261,4161,6724,4293,4705,4378,24261,15623,145,4501,6868,4109,8184,778,146,3166,983,0,3015,225,0,-129,0,454,24261,5504,2178,1541,7,2,1776,22732,3547,8096,149,76,112,944,-57,1049,306,1025,0,-180,60,0,833,0,0,0,2629,0,4143,-3975
1974:Q1,18781,4904,2613,2066,4509,4689,18781,12037,178,4969,2970,3920,6052,1094,258,40,1669,0,1840,-465,0,1616,0,692,18781,10581,8261,648,16,2,1654,8558,-557,3194,290,-34,92,1060,3157,1226,-386,1265,187,489,79,0,92,0,0,0,-2239,0,643,-358
1974:Q2,19078,3194,-2117,5908,4633,7460,19078,8605,209,6542,-2146,4000,10014,2541,607,5514,423,0,1352,-1809,0,1386,0,459,19078,1371,303,-291,15,-8,1352,14269,3310,-1860,311,67,61,1167,719,1533,3799,1673,171,-64,-103,0,-451,0,0,0,805,0,3131,3438
1974:Q3,30743,7209,3692,8919,4169,6754,30743,14447,241,7125,3484,3597,15792,2301,578,7657,1470,0,2343,-703,0,2146,0,504,30743,20879,16954,2799,12,0,1114,10033,1161,-2559,-32,45,81,1201,829,3019,-786,1850,240,144,-117,0,67,0,0,0,730,0,4160,-169
1974:Q4,30051,2452,10676,4062,1995,10866,30051,18752,272,6813,10426,1241,10401,1969,495,3391,921,0,3669,-129,0,85,0,898,30051,12149,8334,3855,12,0,-52,15934,962,8053,341,-89,154,1175,685,3115,112,926,159,186,-67,0,1591,0,0,0,928,0,-2297,1968
1975:Q1,38736,1931,19608,2302,2168,12727,38736,32409,303,11356,19315,1435,4145,244,49,-367,2962,0,615,-215,0,857,0,2182,38736,8356,5747,1892,-10,0,727,23808,2367,11149,-679,51,228,1692,3110,4462,-409,1808,537,55,63,0,3444,0,0,0,-125,0,-3945,6572
1975:Q2,33996,-3061,21948,1084,4081,9944,33996,31901,334,6732,21899,2936,741,-773,-200,-50,1183,0,810,-154,0,-75,0,1354,33996,2525,-1093,2688,-2,0,932,31098,1371,19135,364,35,307,1486,1974,3829,5096,2380,-215,166,-1,0,-792,0,0,0,70,0,-4107,373
1975:Q3,32402,-1468,22422,2107,2669,6672,32402,28881,366,4400,22413,1702,2236,-650,-191,934,1182,0,1009,-305,0,257,0,1285,32402,16272,14476,-297,17,0,2076,17235,3486,9354,-84,54,318,1753,3967,3885,-1081,1876,255,411,13,0,-1349,0,0,0,-832,0,-4791,-1105
1975:Q4,51145,1389,25816,3549,6039,14352,51145,35514,397,4419,25814,4884,12906,1614,391,1825,1726,0,3133,-206,0,4423,0,2725,51145,19887,12403,5383,31,0,2070,28651,967,13080,291,49,262,2342,3311,3387,99,2966,121,-1,14,0,255,0,0,0,1912,1500,-1904,2607
1976:Q1,41593,1824,23529,2945,4135,9160,41593,35501,431,8088,23585,3397,3589,312,35,248,2641,0,287,-307,0,373,0,2503,41593,8543,-1614,5010,-25,0,5172,30233,910,12370,7,120,199,3782,5398,3061,-738,2342,460,-357,125,0,1513,0,0,0,509,100,432,2817
1976:Q2,38983,1600,15575,3433,9707,8668,38983,31173,444,6351,15617,8761,6250,979,178,527,2864,0,1536,-15,0,181,0,1560,38983,7359,4421,253,9,0,2676,29244,3301,5924,135,80,161,2224,4274,2999,6358,3631,-246,-48,75,0,27,0,0,0,-312,100,561,2380
1976:Q3,35115,-381,16484,4568,4286,10158,35115,25823,507,5641,16769,2906,6493,25,-37,1315,2968,0,1207,29,0,986,0,2799,35115,7869,4938,-986,94,0,3823,22502,3521,6898,218,173,140,3296,5652,160,-1369,2281,77,171,52,0,-194,0,0,0,3782,100,-2456,4744
1976:Q4,40577,5142,18310,3675,2792,10658,40577,26564,618,6669,17906,1371,11622,2523,591,370,3709,0,3754,-161,0,836,0,2391,40577,10543,936,4132,163,0,5312,25802,-1004,13178,572,217,138,3155,4547,287,345,991,147,610,-30,0,109,0,0,0,3830,255,-1545,4232
1977:Q1,36868,2803,16689,5448,4468,7460,36868,27439,753,7657,16535,2494,8548,188,34,877,4725,0,2066,-77,0,735,0,881,36868,9434,1930,614,171,0,6719,20401,2133,7119,-164,45,136,4308,6241,871,-1191,1500,-27,838,-125,0,-857,0,0,0,-7869,245,7198,7033
1977:Q2,33463,5454,516,5037,12570,9886,33463,17415,910,6558,438,9509,14173,1289,151,2553,2562,0,6217,36,0,1365,0,1875,33463,-1747,-3089,-5740,192,0,6890,29175,3238,2460,-435,74,131,4206,5194,3886,1462,3081,-141,1095,-232,0,-1042,0,0,0,1468,300,4430,6035
1977:Q3,48363,456,26106,5285,6889,9627,48363,38862,928,7999,25608,4327,7475,158,-25,1351,4432,0,529,-55,0,1085,0,2026,48363,11771,3983,-546,245,0,8089,26614,4150,2342,633,56,113,4586,5358,1463,6174,3255,-54,1469,-228,0,-1190,0,0,0,-2334,400,421,9978
1977:Q4,52567,6287,20469,6523,5817,13471,52567,33551,809,8972,20426,3344,18182,2605,472,2175,4391,0,7686,-32,0,885,0,834,52567,11793,5649,-494,289,0,6349,25857,-857,3917,161,58,78,4280,3674,4109,130,3380,276,483,-116,0,-480,0,0,0,3425,349,2990,14917
1978:Q1,45549,1849,19560,6810,9722,7608,45549,34315,708,6681,19237,7689,9809,-1136,-297,4424,2709,0,2947,-84,0,1246,0,1425,45549,16916,7967,-1131,320,0,9760,14279,-1103,869,269,118,-53,4335,7609,979,-1266,3289,678,800,66,0,-230,0,0,0,-2248,-349,516,14354
1978:Q2,44569,5778,4083,9660,15297,9751,44569,26400,623,9253,3986,12538,16738,612,21,6658,3099,0,4078,89,0,2181,0,1431,44569,9895,1157,-770,269,0,9239,38445,8208,3540,583,113,-292,3201,4934,4753,1459,4486,944,-65,91,0,544,0,0,0,-676,-300,6922,-3771
1978:Q3,48992,-299,21578,8581,12803,6329,48992,39571,608,7921,21026,10016,8547,-1720,-472,5989,3144,0,203,25,0,1378,0,874,48992,14730,7740,-1579,142,0,8427,30717,4950,5712,236,99,-199,4578,6481,2587,6228,3455,474,-432,112,0,-1057,0,0,0,-1605,-300,-602,3545
1978:Q4,58458,10339,15723,10287,13434,8675,58458,34386,661,7616,15360,10749,22792,2648,496,5998,4652,0,5692,-118,0,3424,0,1280,58458,18680,9182,2458,41,0,6999,24460,-3603,3474,349,99,-287,4393,2064,2015,606,5004,1095,-85,51,0,135,0,0,0,819,-335,8666,15318
1979:Q1,43789,8278,8981,10360,9251,6919,43789,24138,698,8859,8353,6228,18546,412,60,6088,4900,0,5673,7,0,1406,0,1105,43789,20919,12664,-302,8,0,8549,28429,-650,5251,52,-184,-124,3813,6808,3240,-1708,1962,4761,671,87,0,-566,0,0,0,283,435,4298,-5559
1979:Q2,37270,12666,-2528,9637,10559,6936,37270,15775,720,10506,-2975,7524,20823,2403,560,5205,4879,0,4341,114,0,3321,0,672,37270,15929,10029,2679,-33,0,3254,32917,-2531,461,98,-147,-130,2053,4710,6192,1495,4382,4606,1015,-26,0,962,0,0,0,6149,500,3128,-11576
1979:Q3,57199,9101,20040,11144,11071,5843,57199,38165,736,9774,19964,7691,16576,4142,890,4417,6803,0,-1734,-201,0,2259,0,2458,57199,5453,7253,-6183,-135,0,4518,43382,8627,6997,1014,122,-190,3827,4689,6737,7561,972,3275,391,-34,0,-846,0,0,0,-3871,500,3611,8364
1979:Q4,57742,7484,18699,14883,8425,8251,57742,31464,746,7175,18567,4976,25139,1738,310,8546,6469,0,7423,182,0,471,0,1139,57742,40995,35187,1156,-219,0,4871,20979,1687,7288,180,117,-626,3482,-171,5463,652,2230,7159,-40,-16,0,804,0,0,0,-6179,222,-1273,-4232
1980:Q1,55638,11128,15507,13885,6682,8436,55638,35064,739,15058,15443,3824,19805,2673,700,8773,5176,0,-436,-97,0,3016,0,769,55638,9360,5531,4808,-170,0,-809,44756,-562,4997,11,86,-559,2572,4584,7081,-2098,5442,12573,950,4,0,731,0,0,0,4163,78,4703,1522
1980:Q2,51064,8649,7808,8454,9945,16208,51064,34016,717,19329,7619,6351,15825,3483,653,4581,4062,0,1325,-1,0,1122,600,1223,51064,-8347,-2986,-4606,-126,0,-629,53878,8988,14854,-194,172,916,1479,1938,8344,1197,7475,11604,234,24,0,775,0,0,0,4054,0,-7982,5533
1980:Q3,62209,-2479,37438,7431,10051,9768,62209,50576,764,5918,37326,6568,11251,226,791,1868,5675,0,663,-129,0,1438,719,382,62209,13018,5890,2448,-16,0,4696,42303,-4733,19178,1044,151,603,2675,5471,7538,9566,3769,-1362,1835,16,0,-204,0,0,0,-1474,100,-1870,6888
1980:Q4,54673,1997,26119,13322,8580,4655,54673,33604,880,2182,25991,4551,19839,369,-245,9182,4268,0,3383,31,0,3746,-895,1230,54673,17583,9894,2430,71,0,5188,26050,-162,18950,658,22,24,2798,1820,7211,259,2643,-5913,126,-19,0,-598,0,0,0,-4135,4,2362,11040
1981:Q1,65908,12784,31445,6704,8786,6189,65908,50026,934,12882,31391,4819,14039,3291,642,3457,3301,0,1252,72,0,459,1565,1843,65908,-2141,-1603,-5740,164,0,5038,56231,-1650,5641,196,-100,157,2699,7314,5808,-2744,3193,27996,1123,172,0,-1931,0,0,0,12511,-204,-3950,11818
1981:Q2,51728,17959,-952,13447,9993,11281,51728,22496,929,17583,-1111,5095,26812,888,957,10015,3591,0,5935,-38,0,5185,279,2420,51728,15392,3582,3842,172,0,7796,35112,2323,3346,676,-217,-71,1555,5322,6430,1214,6782,5639,1658,-118,0,1947,0,0,0,-2315,-57,998,1224
1981:Q3,84990,18007,29369,16778,13628,7208,84990,53669,1097,13869,29307,9396,29816,1526,385,13321,3519,0,2455,51,0,5657,2902,1505,84990,28255,16873,3969,191,0,7222,58042,4280,4299,139,-249,-421,2457,5624,5839,11242,3687,20763,1740,-112,0,78,0,0,0,-2707,57,1326,-1307
1981:Q4,73904,2500,36062,8262,11806,15274,73904,53062,1440,8554,35996,7072,17249,2203,1232,3712,4616,0,3414,-11,0,2539,-456,3593,73904,16428,5020,6769,207,0,4432,50129,3872,9494,1357,-200,679,1466,2314,8824,284,6503,11043,173,-54,0,595,0,0,0,6906,160,-3287,7347
1982:Q1,72163,7390,30133,9827,13210,11603,72163,57769,1760,18664,29535,7810,13017,1091,558,1783,8642,0,-1722,-36,0,1586,1115,1377,72163,13319,14661,-6631,-218,0,5507,55904,-3858,16904,-203,-80,513,1494,9427,13746,-2866,5986,9337,323,289,0,-392,0,0,0,532,-960,5712,2940
1982:Q2,70101,16759,11131,18097,17367,6747,70101,35482,2054,10329,11110,11989,32543,2216,933,8795,9323,0,5747,-36,0,3435,2130,2076,70101,16870,14719,-5019,-135,0,7305,47126,3002,3280,-58,-23,347,1545,6969,10705,2032,6139,6012,984,67,0,493,0,0,0,-2619,-996,9247,6105
1982:Q3,113190,-8731,69581,19331,17123,15886,113190,92627,2272,10267,69539,10549,17474,1016,-695,6093,13280,0,-3097,-36,0,-1384,2297,3089,113190,36691,31582,2073,69,0,2967,68135,3533,14384,135,4,-533,1829,7800,8779,12171,5709,17619,-526,78,0,3756,0,0,0,-1104,396,-5895,8364
1982:Q4,105133,-9751,63398,16467,16696,18323,105133,76549,2414,424,63306,10405,26646,6219,754,-1729,18288,0,1336,-36,0,3976,-2162,1938,105133,10765,-3782,10800,230,0,3517,85670,5004,42831,942,-1,864,2452,10640,9650,729,2636,-2904,153,38,0,-2692,0,0,0,18429,400,-3501,8698
1983:Q1,89612,-532,52889,14854,12861,9540,89612,75556,2709,12224,52925,7698,11736,-4587,-923,-3180,17998,0,1436,-14,46,1855,-895,2320,89612,27072,14440,5286,743,0,6603,54824,1022,38479,407,10,132,1991,11929,8827,-2871,3147,-3617,2738,-288,0,-79,0,0,0,-17028,50,9975,7716
1983:Q2,110470,7347,49217,16977,22400,14529,110470,80359,3154,11668,49174,16363,27289,2132,-60,476,16544,220,4174,-14,28,2796,993,2822,110470,45940,30534,6306,724,0,8376,57961,3835,34451,1240,30,3464,711,9751,7025,2361,4464,-11472,3615,18,0,-258,0,0,0,-127,23,-1170,6569
1983:Q3,115890,8725,59506,19364,16394,11901,115890,82195,3072,8392,59482,11249,32313,1837,2121,911,18477,2009,2633,-14,48,4481,-190,1382,115890,41403,42966,-4621,675,0,2383,73257,5507,20991,145,36,1312,1829,10111,14603,12765,-1713,-2481,1293,42,0,870,1789,0,0,6000,827,-669,1230
1983:Q4,92313,11395,38260,16460,15402,10796,92313,53923,2465,2291,38251,10916,35347,3517,1099,3200,13269,1426,4804,-14,255,4506,3285,3043,92313,24213,3184,13357,637,0,7035,60828,4295,19545,748,24,-1763,2689,8483,9363,2287,1353,-286,2645,7,0,-1422,1206,0,0,507,892,10255,7272
1984:Q1,100182,14867,46932,16629,14986,6768,100182,75846,2368,15965,46895,10618,22031,-2812,706,5543,11123,1975,7174,572,-249,-2680,679,2305,100182,33581,14247,12066,116,0,7152,61086,169,23418,-660,17,577,2595,13167,5747,-2147,6559,12619,4357,-23,0,411,1755,0,690,-6046,-392,-1727,5515
1984:Q2,118535,27904,34573,16814,20681,18563,118535,74629,2281,21606,34561,16181,36756,7630,2152,9045,7781,1970,3530,581,209,9808,-5950,7150,118535,57799,52269,-2008,16,0,7522,51767,1988,803,660,4,997,3833,11239,-5895,3907,10623,2151,4616,7,0,847,1750,8,689,-4798,-226,18564,8969
1984:Q3,142694,4073,66775,24643,20976,26227,142694,108425,2563,23045,66768,16049,37668,-5645,3330,12456,12194,1970,2621,583,178,2833,7148,-3399,142694,37351,35975,-5537,-235,0,7148,95911,2151,15905,1066,15,230,4132,12636,17855,13417,7817,6100,2955,-318,0,3638,1750,397,687,12583,726,-7831,9432
1984:Q4,145795,5079,67564,16824,18854,37474,145795,102167,2959,29719,67553,1936,39690,2749,1081,3386,13449,2769,8883,635,556,6896,-714,3938,145795,10287,1496,4703,-439,0,4527,113575,4101,11687,443,47,-1388,3504,12900,20907,3298,8743,24489,2497,-143,0,-3395,549,-567,506,26844,745,-2192,21933
1985:Q1,135838,12152,51151,18954,25310,28271,135838,99429,2464,24682,51137,21146,34898,-1471,-416,3922,15046,4589,6887,259,-689,3717,3054,1511,135838,73358,63537,-11194,-13,0,21028,56545,1743,5672,1062,86,1580,4378,15482,-1016,8601,-678,10457,12838,271,0,2088,3828,254,8,-27474,555,16810,5935
1985:Q2,155212,9067,49853,25852,29988,40452,155212,107881,2378,32549,49844,23110,44060,-2241,654,8804,17057,3805,12427,264,166,2844,280,3271,155212,58281,19711,19871,20,0,18679,78702,8058,-4641,956,118,1082,5939,14346,6874,3976,5560,13436,13497,128,0,2041,1684,1089,11,7509,628,-3589,18229
1985:Q3,166091,16547,60729,25832,31691,31292,166091,111637,1837,24623,60723,24454,52278,1027,-147,3596,22242,3561,11698,273,74,4675,5279,2176,166091,29307,30989,-11803,100,0,10021,120722,516,19554,2179,134,947,9479,16462,1654,13902,8518,-5329,15989,486,0,4058,2751,2481,12,5299,1572,20058,16062
1985:Q4,313470,15059,103920,28797,121167,44527,313470,252609,23484,38520,103922,86683,57823,905,1404,4263,24532,3880,13297,216,720,6507,2099,3038,313470,129260,41761,10284,166,0,77049,164370,8096,39536,1752,133,79,9375,14993,11290,13389,5742,-4468,30218,513,0,-4262,724,-95,160,18739,1610,16846,19840
1986:Q1,120719,1272,35170,25427,-4106,62956,120719,64275,-2636,30265,35116,1530,46454,-1808,-107,-1242,26723,8526,14430,216,-352,-4203,4271,9990,120719,-11230,-3826,-11287,671,0,3212,110880,-1218,1219,-291,152,555,9775,17866,14273,-2428,6042,22287,26642,472,0,2920,6866,1468,1152,14471,-910,-10433,21069
1986:Q2,198539,14544,56764,39235,26854,61142,198539,122030,-305,35138,56766,30431,72902,78,645,4748,34485,7548,11092,499,706,8225,4876,3607,198539,46000,11542,10933,583,0,22942,121474,7179,25689,4000,185,1143,9726,13778,-1326,5467,7434,2546,32193,795,0,3292,4627,46,1289,-1137,-763,5311,31065
1986:Q3,201269,14522,68546,53140,15611,49450,201269,117008,806,31221,68940,16041,79773,1677,2955,5922,46824,6383,10029,765,-374,5256,336,4488,201269,7192,2084,-2581,522,0,7167,174681,498,43147,3905,171,1230,10933,17352,8278,11472,12788,16298,32036,795,0,784,3678,4307,1286,-1515,339,6899,19396
1986:Q4,213467,-3960,84698,61531,21540,49658,213467,119929,-827,11249,84747,24760,97021,-1493,-669,5787,55695,15122,12319,3617,2075,5728,-1160,-3483,213467,66551,41505,-321,241,0,25126,134322,12970,19664,2682,111,1237,11321,16815,-14517,15041,18217,-6152,26769,854,0,2575,28180,-738,1207,-3760,-466,2312,12594
1987:Q1,162198,11318,23992,40196,28661,58031,162198,79508,-33,26080,24978,28483,82433,3653,-22,-4634,43844,18478,7488,573,-445,8302,5196,257,162198,32280,15822,-2242,-51,0,18751,112805,-1326,5438,2915,54,1539,10170,19317,3497,-3099,11563,2412,50540,601,0,2352,15725,892,1730,-14880,714,2651,17113
1987:Q2,158455,18379,38124,46635,16113,39204,158455,75814,-151,20841,37657,17467,84730,-1474,5451,7395,39707,10955,7430,2381,388,2232,10265,-2089,158455,59363,60040,-6122,-355,0,5800,82270,13803,23156,1347,-5,1741,10220,15202,937,6051,6084,-5303,1798,346,0,-3347,6778,-436,1951,-15049,498,16498,16822
1987:Q3,156641,6594,36033,39670,24488,49856,156641,81038,-240,20694,35807,24777,69149,-1209,-275,7954,31942,11920,13384,2130,682,6580,-3959,6454,156641,69056,57594,1329,-394,0,10527,81693,1633,22981,594,-19,-133,9877,22589,6791,13934,4291,717,1846,1023,0,2034,5411,2522,2040,-6026,2,-10414,5892
1987:Q4,154002,-3944,74497,43042,22330,18077,154002,109778,125,11835,75740,22078,37627,3065,1436,19489,22310,2233,-3589,2079,-774,-2194,-6428,6597,154002,52223,40442,-2110,-172,0,14063,81174,6895,26933,1364,4,-185,9143,13019,5471,14468,9962,4410,-21422,2011,0,3717,332,2725,1305,920,223,-121,20605
1988:Q1,115112,9581,37327,18629,8779,40796,115112,71219,105,24765,37204,9145,38822,-4370,-1086,10305,8447,12072,-3633,511,250,1550,14776,5071,115112,10657,6726,-2401,-3,0,6335,68499,-1410,1157,760,-55,-50,8384,23700,-6365,-3642,4055,20445,-260,3167,0,4020,9949,1371,462,2986,-1002,827,35956
1988:Q2,139313,27248,24529,23768,11741,52027,139313,73604,107,35818,26460,11219,64346,1397,525,4363,17474,8589,13343,529,1829,2506,13791,1363,139313,37101,36894,-1941,101,0,2047,85934,4954,15329,315,-113,756,7604,19843,1159,7381,8113,-12237,7189,5574,0,-4441,6372,2803,844,-8482,-118,23089,16278
1988:Q3,151518,9918,47844,41651,16488,35617,151518,96991,704,27199,53068,16020,50825,754,-737,10605,25822,6804,-1488,21,184,2897,5963,3702,151518,49885,45193,-2010,182,0,6520,92445,1123,15913,-412,-90,702,7307,19629,15565,13686,5250,-6702,1437,4974,0,1033,3852,-597,718,-590,219,9428,9188
1988:Q4,195249,28690,60772,54162,18379,33246,195249,116504,575,27428,71174,17327,73305,559,1828,19610,24150,8608,15940,613,2006,-2695,2686,5440,195249,70161,51845,1981,239,0,16096,100049,10089,3028,-457,60,594,7493,19320,2770,17001,4081,10025,1434,4152,0,5710,5187,1246,833,-10175,1046,16612,25039
1989:Q1,137904,29667,33448,41097,7503,26189,137904,65699,-293,24259,33154,8579,66450,-2087,-3860,16219,25172,11257,6156,725,2132,7179,3557,5755,137904,24903,2269,18052,337,0,4245,86746,-5793,5887,-775,167,-220,7224,19383,2725,-4063,10569,19580,5979,2630,0,809,2860,1074,466,13856,-55,4443,26254
1989:Q2,105720,19172,16735,29976,7119,32718,105720,60447,246,34774,18018,7409,45240,-254,2587,4670,24023,1006,11672,157,1216,-818,981,33,105720,42240,22234,6531,474,0,13001,66362,2999,-19801,485,175,-582,7234,21950,11717,8552,10687,12557,-4765,181,0,-19408,-2067,2121,-613,30304,-100,4736,-2881
1989:Q3,134310,7393,48944,35747,17919,24307,134310,87689,954,18649,50719,17367,40273,-1411,1163,1443,32529,1805,11497,165,-737,3036,-9217,6348,134310,44616,28656,4671,476,0,10813,60300,-10815,-25294,1749,193,-1204,7157,14514,13233,13507,5241,17703,8413,2867,0,8933,2122,1139,378,1853,-387,-1002,29395
1989:Q4,186341,9631,80164,44290,17295,34961,186341,112194,2244,16682,79019,14249,68347,-2126,1136,2898,42537,12875,7344,-261,3655,-706,995,5800,186341,76968,51942,13593,341,0,11092,103162,5694,-14302,2313,173,-945,7131,20059,16339,18699,4736,19641,47,878,0,5151,-10946,1729,45,34155,1764,-9199,6211
1990:Q1,146113,15164,46138,44534,17696,22581,146113,97032,167,25258,53531,18076,44253,-2745,-2213,1525,35616,10305,13339,-540,-1494,-1721,-7819,4828,146113,36758,34237,-19862,237,0,22146,115356,-8877,21982,4621,917,2507,7030,22269,4034,-4667,16475,43236,16838,2508,0,7273,6041,-163,196,-30816,839,3113,-6001
1990:Q2,135988,-409,43034,43280,12289,37794,135988,75747,813,19416,44377,11141,49564,-4556,-218,2904,39033,16507,4120,420,-1464,-10836,3654,10677,135988,51059,46108,68,164,0,4719,73550,13406,-11195,2618,-725,1235,6839,26307,17649,7716,7235,-10844,4858,-1335,0,6518,790,2160,-460,-4845,-2094,7717,11379
1990:Q3,154847,18877,77082,37441,10299,11148,154847,97652,570,10349,76752,9981,50314,-1207,-826,3436,34335,13500,-5487,-829,3487,-13025,16930,6881,154847,48268,55099,-10130,105,0,3194,94820,2921,-2793,2534,64,896,6930,25493,10575,14329,2422,27618,5945,-165,0,17257,1447,1556,-114,-17602,-538,-3955,11759
1990:Q4,211012,-2975,105844,50359,8537,49247,211012,115469,1429,1468,105591,6981,84244,2742,2372,9284,41328,19081,9552,805,977,-10117,8220,11299,211012,81832,75665,2121,60,0,3986,109038,682,-5054,5595,84,1141,7294,13691,8211,18676,-6371,19969,4044,294,0,-2795,-4194,1893,-807,56056,-532,-8839,20142
1991:Q1,127845,-2072,50656,27724,13159,38378,127845,79978,-199,21870,44656,13651,32706,-2904,-6395,3278,30446,10803,5551,436,1132,-4341,-5300,15161,127845,-10343,-16188,-2741,-15,0,8601,127958,5875,5714,3117,103,2700,8041,29652,13287,-5402,4587,39299,38141,2074,0,11754,-1785,2095,6,-14855,-250,-16195,10230
1991:Q2,122670,-24183,54053,26756,20188,45856,122670,96413,1430,24399,52503,18081,36595,-2547,-96,-7371,35677,13878,-237,-272,1733,-3087,-1083,-10338,122670,53702,45679,4302,-124,0,3845,52433,6390,-4343,-2431,121,2513,8158,33496,1127,10116,3934,-21312,27516,3791,0,1406,-7252,2290,140,9239,-77,-22389,16535
1991:Q3,207941,-11609,117145,35271,30297,36837,207941,148232,2102,7728,109947,28455,51751,-1827,-1829,5140,37329,17083,-7383,-462,58,-3334,6976,7958,207941,50576,16274,15529,-119,0,18892,145126,11011,19673,3453,111,2234,7647,19306,13957,15234,-2921,-821,24913,3531,0,16701,-7084,5296,-536,23419,522,-10520,12239
1991:Q4,215004,-6097,108533,42293,29816,40459,215004,145823,484,5227,109487,30625,60190,-553,-1275,8162,33177,12000,16055,146,788,-285,-8025,8991,215004,35853,11957,11520,-5,0,12381,155265,7822,20061,11978,74,3539,6494,4536,4245,21175,-3798,14677,49832,3394,0,5838,-6900,5158,-364,-294,177,7621,23886
1992:Q1,151211,8192,79859,23280,3374,36506,151211,111514,1076,31422,77068,1948,40183,-1847,-1769,2833,23238,9758,2616,1092,686,2660,916,-486,151211,43393,42612,-10993,107,0,11667,85851,-774,24397,-2102,511,5187,6539,24879,7176,-5756,9688,20917,-4923,5824,0,15743,-6494,-629,681,-15663,1933,-1283,21967
1992:Q2,185451,5810,73165,51910,11638,42928,185451,105903,1233,21766,73262,9642,67622,1373,-1092,12553,39260,12761,-7521,-1156,3418,-3768,11794,11926,185451,10622,-8838,23280,204,0,-4024,140161,10837,13044,7007,837,4732,5268,24599,2027,10511,5218,-10695,35410,4701,0,3588,-4649,-2702,-222,26911,-29,3769,34668
1992:Q3,191655,3641,88804,43842,14218,41150,191655,116936,-384,12664,91061,13595,67578,2876,-1903,16925,24660,15789,6982,-21,-398,2097,571,7141,191655,26486,29462,-4843,480,0,1387,152733,2653,29302,1793,770,3781,1384,25193,14110,16283,16400,-2507,22719,4621,0,6772,-7756,3157,-436,10138,2889,1467,12436
1992:Q4,172798,-4513,101712,37462,-5908,44045,172798,108937,455,14647,102379,-8544,60088,2680,1013,8395,28400,17980,-1464,354,-1012,-576,4318,3773,172798,16045,6858,16536,-64,0,-7285,133548,15178,21253,3947,659,1588,3890,21521,6518,21798,6266,-3592,37441,5038,0,7437,-4061,2079,432,-22679,505,8330,23205
1993:Q1,191755,-19657,51085,36607,19387,104333,191755,135203,688,64983,51875,17657,42546,-1162,-1851,8068,27749,15494,-13324,-107,-2371,5114,4936,14006,191755,17800,26557,-13567,312,0,4498,153004,3160,30576,5039,557,4700,7292,37194,14127,-7290,-1236,1692,53882,4996,0,-7237,5663,3795,-434,18117,-680,-20909,20951
1993:Q2,208021,6578,69596,19688,28290,83869,208021,155515,1233,57987,70616,25679,36438,1197,-1131,17164,1504,15718,-8086,-1298,3431,384,7555,16068,208021,7823,-12909,6143,98,0,14491,171615,14591,6491,157,419,1775,9078,33005,1238,10436,11732,-340,52302,4996,0,7269,3291,2377,-178,13888,1515,-2427,28583
1993:Q3,258187,-3864,56835,75236,16988,112992,258187,121165,-72,45276,60893,15068,106100,-210,-1683,41923,29255,20822,3016,-450,3665,1152,8610,30922,258187,23239,8522,18543,67,0,-3893,195585,5986,20224,2025,382,1013,9422,32297,22674,15680,17073,65,17183,4996,0,17984,7999,4106,-1150,34,714,16878,39363
1993:Q4,249307,11828,107889,41549,1632,86409,249307,141007,-788,31722,109820,253,96024,-269,-463,13407,26211,30462,5983,125,7315,3593,9660,12276,249307,34620,39244,-1133,181,0,-3672,158523,12492,7973,7946,332,2076,8322,19670,-924,21458,1212,18255,49052,4996,0,2768,6639,3338,1201,-17201,561,8357,56164
1994:Q1,195257,-5648,43639,82199,-296,75363,195257,91263,665,50329,43313,-3044,128207,216,-1655,39994,42531,24066,12000,-409,-2476,1337,12603,-24213,195257,104173,106285,6505,-2444,0,-6173,62353,4834,26212,5170,-133,4256,4869,23674,-288,-7311,5334,5771,-8927,-925,0,17533,11185,815,-580,-22314,997,-7819,28731
1994:Q2,132898,5891,15973,70928,-9126,49232,132898,36081,1107,30575,17152,-12753,98719,-370,-209,36628,33121,12122,13159,-886,66,2747,2341,-1902,132898,86650,83821,-2620,4416,0,1033,30580,10077,-11265,1860,100,1395,5123,8183,20420,10212,-494,-64,-10380,-925,0,16249,6378,2001,-863,-14415,-635,-12376,15667
1994:Q3,158582,11180,50652,61238,-10996,46508,158582,57278,469,17876,51376,-12443,96825,1310,489,37998,22516,17025,8410,11,-1905,2585,8386,4479,158582,30512,31430,-2355,651,0,786,94252,5252,-10815,-1483,-200,-552,5871,22963,17722,15655,654,6369,5524,-925,0,22173,4409,1680,-1193,-5473,816,5805,33818
1994:Q4,222933,24305,83070,77948,-15510,53120,222933,84930,945,20033,81651,-17699,127598,1163,-1213,62253,17114,17014,20282,-823,4836,6916,56,10405,222933,99575,117604,2680,2237,0,-22946,70829,11340,-24824,-4761,341,-1145,7102,15866,6408,22543,3928,21674,-25969,-925,0,34561,1201,3093,-1153,-2002,-375,3926,52529
1995:Q1,149706,28639,57298,23273,-14377,54873,149706,65273,377,22718,56991,-14813,71373,1569,-398,15739,7841,13928,16061,16,-7385,4952,19050,13060,149706,-38883,-26195,-18332,2157,0,3487,129012,-1041,-12649,28912,184,-1356,6967,34177,7657,-7269,20412,21472,9221,2128,0,11851,170,4963,-661,7777,-1021,-2882,59578
1995:Q2,180154,19082,35199,51335,-7198,81736,180154,66492,488,39102,35601,-8699,101346,1604,-165,31781,19152,26218,9941,38,-26,3296,9507,12316,180154,-40048,-28901,25119,1056,0,-37322,147639,8622,-11622,12886,484,1482,6982,31626,3796,10913,1377,27615,-7111,2128,0,22825,4215,2008,-716,36304,1507,-7682,72563
1995:Q3,161436,18919,34511,53263,-25739,80482,161436,18879,-639,10754,34613,-25849,118131,2374,-1233,25529,27632,40594,4395,26,524,6801,11489,24426,161436,-17996,38985,-30294,1606,0,-28293,97383,-5173,12861,131,-57,-1427,7257,13045,-433,15366,2225,-2379,30801,2128,0,6992,13025,708,-219,-1298,-2095,5926,82049
1995:Q4,196226,7655,36766,77898,-10299,84206,196226,39745,-5,13243,38049,-11542,135907,-568,-1287,32914,43701,47020,19295,140,1932,-1536,-5704,20574,196226,-19290,-4408,14728,1075,0,-30685,182869,10267,-19180,4031,871,839,7329,11269,4844,-3586,6345,40073,32570,2128,0,36197,3410,5290,1112,46975,815,-8730,32648
1996:Q1,213173,17181,85566,36685,-3314,77055,213173,121184,1257,39691,84986,-4750,81656,2256,-323,7901,29364,26599,7042,140,-7940,5439,11178,10333,213173,-23582,-9630,-13787,1534,0,-1699,160875,-1249,3426,5998,-357,2901,5911,12018,6870,14058,15176,50090,30863,735,0,14899,2901,1545,1820,-27591,-893,21754,75880
1996:Q2,190485,36017,-12219,75832,4986,85869,190485,27132,1591,35976,-11657,1222,155861,3248,-1253,31660,43610,35624,12894,197,3289,4509,22083,7492,190485,77998,50094,14690,2139,0,11075,58410,6720,-8575,5282,-156,1955,3894,-2159,4460,12476,14195,-7,19468,735,0,18656,-672,1401,1458,-18335,1270,-3656,54077
1996:Q3,170985,23805,53174,54928,-18133,57211,170985,41638,1164,7339,52406,-19271,96764,1347,118,20037,35659,19753,9173,235,1419,-1350,10373,32583,170985,-13197,14801,-3190,787,0,-25595,85732,-83,-17204,4224,-291,-884,5514,30768,-11911,13594,-11578,15453,17882,735,0,14949,-2593,4116,1379,8535,1115,12012,98450
1996:Q4,260703,25595,75097,62358,9935,87718,260703,91393,2069,7952,74273,7099,141793,2157,745,30838,32344,32671,17028,730,1213,-328,24395,27517,260703,-20925,-3431,2965,879,0,-21338,134373,6913,-19807,17733,-480,-182,6194,25352,-9242,26400,9964,25332,9835,735,0,26395,-4220,8394,138,20325,2203,-17608,147255
1997:Q1,160822,58110,38525,26666,4670,32851,160822,82680,1083,40641,38170,2786,70974,1637,95,-1630,28651,5666,2016,1471,-714,-241,34023,7168,160822,-71776,-53135,-7367,1701,0,-12975,159271,3938,15453,18179,1422,3288,2656,21226,11173,-9615,19531,27093,18333,-283,0,20847,-6479,133,993,-4099,960,14522,73327
1997:Q2,162486,31994,-59755,71942,16905,101400,162486,3232,3006,47169,-59694,12751,144463,2337,609,49719,22162,17284,31691,1938,8734,8022,1967,14791,162486,-27988,-24298,-16763,746,0,12327,129136,15340,6142,-6137,72,2173,6088,36922,8534,10329,16517,-4424,14427,-283,0,19586,-1816,6832,2008,-5219,1362,684,61338
1997:Q3,218881,40288,26410,39904,10813,101466,218881,86807,715,51696,26180,8216,100535,750,-1098,11567,28567,41179,-24730,5960,-1718,7142,32916,31539,218881,-14020,7612,-7032,989,0,-15589,150735,337,-1385,7989,935,-2097,8720,21941,10867,15525,15387,21669,36676,-283,0,8157,-9587,-6396,2062,3640,-981,17559,82166
1997:Q4,293804,53709,58318,75055,24511,82211,293804,89975,2327,7029,58755,21864,194037,5806,-2034,39412,35206,73300,20338,5501,1757,4605,10146,9792,293804,-3821,-9228,-8622,798,0,13231,272114,18674,40022,7771,-173,-2954,7725,3207,12449,25968,7611,43551,21338,-283,0,31671,-3861,9151,5551,17062,4193,23441,25511
1998:Q1,343862,95330,15279,56398,25679,151176,343862,137210,4013,98700,14671,19826,182481,1567,-1704,35745,21261,44970,21954,8199,-258,13052,37695,24171,343862,3424,9567,-7802,1847,0,-188,298471,2386,19592,10822,1054,2495,6500,20025,-1702,-10913,15283,53185,45496,1233,0,50941,-1505,6862,3723,60241,3662,9092,41967
1998:Q2,306473,37970,-70379,103172,29699,206011,306473,51787,3952,94477,-70739,24097,230244,44,-1515,41698,61834,76234,28620,7822,5002,11754,-1249,24442,306473,132348,94077,-9131,1597,0,45805,117196,6492,-11434,4467,298,2598,277,10079,-7697,11623,17588,42866,30050,1233,0,25212,156,3285,-1921,-33079,-4213,19316,56929
1998:Q3,242313,52336,-13946,140371,6668,56884,242313,32154,1138,41052,-14049,4013,214077,1793,-455,73616,66858,62419,-8122,2664,-649,8743,7210,-3918,242313,42231,9797,4275,1097,0,27062,202727,6151,20925,-20738,75,666,1595,14503,-2016,14993,14193,56934,348,1233,0,60503,12208,-9503,-4088,36648,1553,-3456,-2645
1998:Q4,347077,7501,55665,173623,22152,88136,347077,91683,2655,11574,58711,18743,263453,2308,-1135,127855,42722,75286,12438,3229,3098,1337,-3685,-8059,347077,-7671,-65595,13721,847,0,43356,281497,6029,63636,4399,2273,2535,2586,9303,853,28250,11333,101962,28677,1233,0,80760,14357,6440,-6417,-56369,-3716,-16628,73251
1999:Q1,368837,55018,-2518,141991,22433,151913,368837,99446,2021,81294,-2901,19032,265004,93,-274,48333,94041,48814,20664,6264,-7777,10326,44520,4387,368837,59336,33918,138,-731,0,26011,281977,13518,27508,-1978,-443,4976,-4384,23664,17335,-10339,18059,65618,24218,1955,0,38985,17796,10373,1836,21933,-965,12313,27524
1999:Q2,216912,15761,-97973,147481,16364,135279,216912,-10695,2821,71918,-97823,12389,228003,68,-32,76699,70632,57552,27195,-1547,-4574,11602,-9592,-396,216912,33774,5509,1374,-480,0,27371,166824,19128,32054,-8860,941,3730,287,12637,28435,11197,3766,-31632,49730,3750,0,41897,14944,3987,468,-52513,-537,33416,16314
1999:Q3,316644,41124,-3606,165460,5893,107773,316644,76254,2703,75639,-3598,1510,223851,559,-279,101877,63575,45936,-10238,764,4441,5136,12080,16539,316644,21601,-6312,9760,20,0,18133,208453,4150,14998,12261,1039,-3039,-2128,10162,21019,15249,9815,53538,5520,3314,0,57574,8674,-1531,-363,7916,-405,-9309,86590
1999:Q4,322847,117981,74228,138198,9671,-17231,322847,98715,2868,15657,74236,5954,217966,556,182,91876,46314,4851,24135,2679,-9314,12101,44586,6166,322847,-37235,-61575,-6235,269,0,30306,327421,-11131,23783,8102,624,-7083,-6087,1989,32545,27647,10599,105150,4395,594,0,40255,-36,14139,1034,-12114,9567,83449,32661
2000:Q1,187440,75684,-38080,55725,4514,89597,187440,39559,775,74077,-38596,3303,125053,2907,-44,26273,29968,26606,19361,1158,11107,4403,3314,22828,187440,-62049,-90256,6919,433,0,20855,179284,23714,14229,-4679,-74,5615,1527,20711,-7930,-11328,13697,58143,-10040,1367,0,30209,7739,2756,118,41022,-9841,2329,70205
2000:Q2,54179,56132,-179632,95852,10411,71416,54179,-101227,3400,67653,-179173,6893,174104,3510,70,62260,33133,27826,28158,1381,-169,9420,8515,-18698,54179,5564,-25698,12052,183,0,19027,10395,3232,-6863,-7272,278,-175,-2805,8363,-31428,11003,3673,-47737,-5512,-1067,0,23678,5170,2096,-567,-6533,-1282,64143,38220
2000:Q3,224050,36585,-39143,128517,-5091,103182,224050,4664,413,50061,-39749,-6061,189116,2482,-89,69860,59263,34798,19324,1082,6341,3801,-7746,30270,224050,2551,-20215,3824,933,0,18009,166168,6453,11600,7760,2013,-6102,2749,19805,-33032,14748,5874,45938,8918,-1675,0,57742,-1271,7764,-52,49492,597,-33152,55331
2000:Q4,275759,43149,-17162,153825,13790,82157,275759,-6821,1171,-2904,-17457,12369,263981,4584,22,76770,77350,87454,15765,-764,-1644,10115,-5671,18599,275759,102712,87408,-4006,1182,0,18128,92309,290,6717,11613,1513,-239,-542,8276,-48980,8553,16572,88429,-27775,-4187,0,70847,-2703,6168,808,-33850,-713,-8488,80738
2001:Q1,295477,-5165,32564,108503,28840,130735,295477,134331,1155,73968,32005,27203,147336,3334,-143,66483,42579,18879,-24863,2854,-5937,24229,19921,13810,295477,-176806,-191358,-11527,1432,0,24647,381168,12039,-18730,3311,-1652,9356,-7334,28517,19306,10977,-23228,124168,24684,-1736,0,62517,9264,3901,-228,87698,750,37588,91115
2001:Q2,170065,-60645,-146082,173556,39001,164235,170065,-14551,3668,93396,-145801,34186,195667,-1193,-466,71709,101566,51982,9917,-2304,8906,-3810,-40640,-11051,170065,-1654,-34741,-960,1182,0,32865,109098,11248,19727,5007,-346,-378,22,32473,-19360,13314,10874,13844,47682,-29,0,65165,5028,-7210,1836,-21455,-651,-67692,62621
2001:Q3,348240,-37114,82040,204648,8686,89980,348240,107613,2138,17565,81952,5958,261384,1217,-323,81669,123067,72187,4550,1874,3151,10295,-36303,-20757,348240,56128,41374,5198,430,0,9126,235071,-974,42227,8417,904,9692,6475,40386,-17327,16057,-29627,104140,-24174,-124,0,67128,1790,6413,1687,59366,-334,-57051,57041
2001:Q4,451843,31589,87239,155431,46158,131426,451843,163613,6866,31680,87056,38011,272432,5,59,84287,71327,107271,736,2218,-4721,-12477,23727,15798,451843,8234,-32926,7949,682,0,32529,330581,17539,69037,3310,3316,10458,8128,17011,-19539,30452,-10727,33687,46494,5104,0,45943,17399,15906,4975,-38127,4093,66122,113028
2002:Q1,317380,-62565,39185,169245,23696,147819,317380,88766,2112,26147,38736,21771,212028,-2684,-123,45058,124636,50569,-12404,658,-3918,6277,3959,16586,317380,12609,-2247,-400,-32,0,15288,225188,23681,52009,-14533,1709,11686,7578,58488,10803,-10365,7372,-31732,57358,3654,0,64385,6072,-4192,7221,-2998,2841,-25849,79583
2002:Q2,302774,-62872,29474,121416,54051,160705,302774,93372,3185,10217,29921,50049,186294,726,-27,34777,86192,61052,19164,4524,4380,-5967,-18527,23108,302774,102392,76808,3648,-32,0,21968,61781,15327,32886,15455,737,1599,8761,38310,15512,10410,-23039,-73553,7711,590,0,22051,7253,4525,5080,38546,531,-66911,138601
2002:Q3,295186,-7735,100215,115369,25491,61846,295186,106430,1434,-18823,100610,23209,185437,-1215,127,72389,42585,47654,25621,5288,3809,4760,-15581,3319,295186,29933,-769,12817,-32,0,17917,153954,13508,29067,18398,-2,2929,6827,62816,-9241,15733,-53963,-12966,15283,-44,3747,27939,26149,9271,2091,-47482,-437,44331,111299
2002:Q4,463155,34076,112719,141120,56185,119055,463155,161080,5838,-6472,112824,48890,282510,2690,-411,67609,73406,96704,17025,3547,-5990,8484,19446,19565,463155,66971,21520,5201,-32,0,40282,292900,25215,46825,3443,1546,8760,16468,60730,-25790,19384,-30216,90476,26677,4442,-17,43534,35316,8496,-4357,11261,-768,-48525,103284
2003:Q1,328413,-15982,41439,127915,31057,143984,328413,79126,4090,7177,41044,26815,270071,2262,-117,56438,71872,83939,3205,3540,9608,14219,25105,-20784,328413,-121645,-118528,1540,344,0,-5001,349911,12058,64575,8557,-1013,18221,10719,51925,19546,-68225,-4411,-18787,49206,6494,-287,37959,31223,8559,484,47121,5463,70525,100147
2003:Q2,425498,-30665,117042,110724,59737,168660,425498,203613,3770,27824,117171,54848,198653,1832,-80,48109,62486,59580,44806,4285,-4057,19367,-37675,23232,425498,-56407,-49586,2940,344,0,-10105,313196,10654,55107,6817,2841,6630,10727,53378,13904,60965,8301,4185,65011,14423,104,-9711,33696,16114,397,-61287,5864,15075,168709
2003:Q3,388435,-32637,117072,197182,12221,94597,388435,162244,2766,33562,117086,8830,255393,480,12,114968,82200,45701,13880,6721,2465,3767,-14801,-29202,388435,65212,13096,12601,344,0,39171,229708,3998,-43557,-18587,3694,-3654,16938,30897,14588,16240,12508,-26555,12537,10586,393,95350,23575,18629,804,48364,-6891,19851,93516
2003:Q4,529755,-2675,147563,148015,34540,202312,529755,163374,3180,-15176,145406,29964,319925,1719,122,31358,118814,75379,43384,9283,-1649,17295,24220,46456,529755,61670,15998,-6235,344,0,51563,310893,10539,86969,-10283,621,121,23151,20331,24290,27151,50811,-39526,32024,3919,511,860,-4814,9982,4617,60356,-756,10019,157192
2004:Q1,393506,35922,121804,4803,46445,184532,393506,185907,1872,21335,122070,40630,175812,89,-42,1400,3137,91037,13038,10594,12987,27992,15580,31787,393506,58734,28224,3034,1740,0,25736,114161,7419,97940,11021,1522,3890,22438,40502,753,-13487,39982,-71443,-38091,2257,1282,2981,3507,-4871,13920,-30885,22,23502,220612
2004:Q2,298686,-24427,49650,72936,74305,126222,298686,112594,5560,-4366,48739,62661,193548,3877,26,53703,20144,118432,9373,8724,618,1839,-23188,-7456,298686,-42184,-55156,-2246,1740,0,13478,132015,13307,4192,-8732,2286,1265,16092,32239,1834,10161,42673,-64457,83436,5639,886,11374,-1387,-9972,5034,-46518,182,32481,208855
2004:Q3,400962,5563,98458,43765,36993,216183,400962,137934,1376,3531,98420,34607,217197,1033,75,29570,14233,128981,21242,3450,8301,22282,-11970,45831,400962,144458,80892,3090,1740,0,58736,98710,12950,-45737,2886,745,-9291,16159,34471,-2319,17712,-41350,-32121,8258,-111,562,20799,-21780,4174,7842,109786,332,14743,157794
2004:Q4,451453,89131,133541,-6343,48875,186249,451453,167892,4117,-14033,133619,44189,251979,7450,85,-9674,3253,137617,60654,39140,-6660,3481,16633,31582,451453,34555,83581,12307,1740,0,-63073,200200,17478,-16469,11901,1085,4072,15632,24726,-2095,32886,67949,20442,23927,2901,1049,-46753,8333,2955,7034,-54358,1939,75566,216698
2005:Q1,481592,40506,153297,-12401,59470,240720,481592,221171,3125,10494,153112,54440,243264,4538,-95,-35379,23163,172720,17967,12038,2789,13875,31648,17157,481592,17224,-35806,17030,1520,0,34480,308253,-493,138355,38759,591,4694,24003,46842,6864,-9280,10174,-50523,14688,2659,2926,-31845,8533,-7809,3506,58742,-1190,48057,156115
2005:Q2,331599,59378,-33702,18906,63682,223335,331599,8527,2266,-7469,-34048,47778,290814,563,118,-15917,35169,186417,3332,16399,-1306,13077,52962,32258,331599,185637,115352,1682,1520,0,67083,-8582,7396,-8178,17987,1255,-2485,13452,20200,8061,11743,-50804,-41825,33009,920,865,-25865,-12999,4339,4748,-910,8628,1881,154544
2005:Q3,291520,62266,86898,-24806,43774,123388,291520,132715,5969,13839,86804,26103,138325,2147,21,-67313,42601,181275,-40679,7225,7000,10257,-4209,20480,291520,16329,-117230,5428,1521,0,126610,93542,11638,14161,22881,-198,-12947,24363,28660,11769,16161,10089,-1591,43906,-189,1766,-17141,2462,-48343,5342,-12811,-11694,5258,181649
2005:Q4,585358,82924,140800,98299,55910,207425,585358,162273,3319,-18579,140999,36534,399537,6233,-10,34568,63532,221116,47681,-2828,-8359,13260,24344,23548,585358,101756,61695,16248,1519,0,22294,238734,7855,-11958,-1118,-759,770,8173,12583,17194,30208,37120,94684,25439,-1181,1201,-6440,-17493,-676,1471,46507,-2724,-2122,244868
2006:Q1,574164,57912,142234,75968,15535,282515,574164,176781,2082,26758,141981,5960,341046,4449,-14,-2514,78735,205231,-4574,10871,8775,16603,23484,56337,574164,60883,98273,-6019,368,0,-31739,330793,14327,80223,-1437,-93,9968,13714,29337,11304,-12279,4756,13774,51692,2611,752,5432,2008,-3047,3819,36313,2109,65510,182488
2006:Q2,466911,65647,-70283,113440,63263,294844,466911,33935,8410,57227,-70226,38524,362891,6506,-39,48789,64594,179318,22639,2531,1633,28427,8493,70085,466911,47946,-14152,2947,368,0,58783,181503,7822,57227,21054,-1857,-2743,10879,15964,11304,9123,27888,22293,32284,4118,2283,6851,-5851,-10652,12727,-19457,2041,-21795,237462
2006:Q3,445557,100965,58552,55785,26442,203813,445557,96642,121,19686,58298,18537,244882,4786,-17,-20874,76913,183888,2729,3535,1242,8309,-15629,104033,445557,-12075,-34525,-3777,368,0,25859,192542,2560,-23434,3553,-1385,-8689,5763,7675,11304,16628,-480,90322,33791,-1970,708,-19943,20369,-6341,5516,39551,1517,15527,265090
2006:Q4,627874,92696,88971,82699,80670,282838,627874,197053,5568,49420,89095,52970,384033,13898,-209,10181,72394,235783,26899,-3035,-5223,24272,9073,46788,627874,-94790,-197687,5690,368,0,96839,438994,9991,18440,8192,-2225,785,16218,-14064,11304,32640,25116,100898,99020,1326,1987,2769,29732,1325,17697,49189,1146,27508,283670
2007:Q1,698933,47105,137230,131680,76966,305952,698933,253835,2651,54262,136901,60021,379761,6183,-155,16350,115659,166283,-19469,15532,14864,21308,43206,65337,698933,61479,-4591,-21717,629,0,87158,306763,1986,24992,26639,-530,9740,9573,21323,9203,-11358,-23697,87287,53272,-468,1706,-21719,7131,4300,10059,88220,-2516,11620,330691
2007:Q2,535316,106166,-120817,161695,84403,303869,535316,41866,7391,106030,-120841,49286,381983,7106,75,40007,121712,164531,-9211,-3760,9963,44228,7332,111467,535316,-82771,-77093,-1585,629,0,-4722,337873,9621,23790,27912,-251,3271,11584,15453,9203,-8952,81033,62416,82540,2379,3903,12289,13806,2834,3890,-75716,-1506,58374,280214
2007:Q3,643783,-253942,122160,313741,30185,431639,643783,151378,1710,11256,121957,16455,441572,3373,-121,138147,175797,67121,16778,-4716,-7342,39405,13130,50833,643783,447953,433561,-25759,630,0,39521,147681,-10890,17463,12364,-1804,-938,3403,17613,9202,20207,-18415,102380,34513,1364,2761,-31690,2486,3982,-26417,114768,4985,-109656,48149
2007:Q4,585000,-68831,132189,298194,73832,149616,585000,224825,11086,35292,132375,46072,353039,8059,221,85160,212848,-17228,-6006,-6310,-21470,46964,50801,7136,585000,153143,186463,-12614,628,0,-21334,234349,-39021,-8176,16087,-1153,-3461,1917,-4165,9202,46009,16068,144157,69505,487,4991,6500,22221,-6599,4197,66910,21528,-132855,197508
2008:Q1,396198,-4265,184819,166064,37338,12242,396198,259053,2968,46640,185138,24307,153271,-31,-142,26154,139591,-46531,20425,-23592,15566,30662,-8831,-16126,396198,10588,92279,-39743,-1971,0,-39977,227967,-149377,-9032,19967,-841,3021,4198,15557,-8188,-5676,-9535,301592,-1665,-580,4898,34014,-8062,9002,-8735,49080,1437,-13108,157643
2008:Q2,375176,-36217,-41911,322027,45209,86068,375176,76314,10161,100116,-41848,7885,298770,-525,-37,161752,160212,-76688,-16371,-913,4112,93114,-25886,92,375176,168818,162284,7131,-1971,0,1374,25329,-112393,44974,-27067,2021,6054,-253,19097,-8189,8753,17263,-6890,69637,-5841,5637,106542,-5957,-584,7760,-140730,23188,22307,181029
2008:Q3,413296,-192361,545744,182591,7291,-129969,413296,574986,-2495,36715,545321,-4555,-46046,-7389,0,47234,135780,-90408,-17874,-12006,-7555,-51342,-42486,-115644,413296,329105,369688,-2071,-1971,3311,-39852,63293,12286,104803,-17518,-547,-4567,-268,-2875,-8188,26489,-29394,-418,-6209,-3827,6905,-53307,-2816,-2711,-6218,150881,-8386,-90822,20898
2008:Q4,611243,44080,613643,98266,26493,-171239,611243,642000,-1093,15203,613891,13999,49445,8207,0,26177,71841,-118248,-58464,-23784,20141,24873,98702,-80202,611243,349702,417427,8998,-1971,51116,-125868,216431,4502,-55793,55420,-2696,-6895,-5595,902,-8188,56702,-62731,453353,-206457,-3452,5534,55262,-19855,-2693,-17636,-148142,-4454,129343,45110
2009:Q1,326443,-175234,444148,16129,36865,4535,326443,546671,611,73892,443350,28818,-255755,-14387,0,-68561,85488,-166376,-44495,-19085,-15028,-8541,-4770,35527,326443,234579,219755,-1070,-1373,52284,-35017,1569,283723,59699,-49487,-1785,-9995,5039,-26861,13881,-18267,-29423,-107291,91000,-395,12030,29816,-63983,7331,5793,-95809,-20611,-82836,90295
2009:Q2,185893,-144841,343001,-41727,47552,-18092,185893,436502,3559,57124,342727,33092,-309236,-2518,0,-177630,136177,-159472,-56077,-3253,15098,-326,-61235,58627,185893,-268277,-407073,10840,-1375,44031,85300,421144,436165,107101,-63131,1295,11609,2945,23482,13882,5177,-4684,-159455,130587,-534,11476,14314,-42350,5044,9637,17778,4688,-103882,33026
2009:Q3,263646,-109707,393686,-19840,29922,-30415,263646,434285,1740,17957,394614,19974,-232626,-7065,0,-161773,141005,-169056,-11510,-4174,6888,19946,-46887,61987,263646,106472,82842,-5601,-1374,23131,7474,169417,377184,34857,3485,221,5583,8857,26836,13882,17810,-5397,-241750,157266,-410,11003,-29760,-65550,-4849,4646,-79608,721,-65610,-12243
2009:Q4,307335,-32016,324844,-14466,70163,-41190,307335,409887,1052,25653,325137,58045,-182991,-4375,0,-110418,95659,-136574,-13697,-131,-11174,-28003,25722,80439,307335,-16068,-58726,12147,-1374,23094,8791,274034,252137,46370,-45999,-1881,7734,9842,38707,13882,67049,9326,-128376,137600,600,11454,-68699,-68178,-1275,1532,7427,1494,-16712,49369
2010:Q1,610888,-56697,460998,70801,36522,99264,610888,559405,868,70738,461084,26715,1375,95910,74280,35498,35217,-132343,-69334,8900,-599,-16359,-29795,50108,610888,261022,224882,608,615,-9990,44907,221785,169552,27140,-7760,-2652,14740,4930,35773,22971,-14645,12951,-208935,153818,311,10306,4947,-36143,-12979,5807,26118,781,14754,128081
2010:Q2,187169,-53048,348464,-18374,5302,-95175,187169,388196,-2057,45011,348733,-3491,-182461,32987,3900,-84919,66276,-113510,-25046,-6386,8655,-34234,-30184,-18566,187169,117871,188874,7567,615,-10995,-68190,-25234,45488,-30401,13261,-3799,10953,-3072,31476,22971,7897,-14398,-121789,103320,540,11373,-31847,-40671,-1319,3861,-38065,-17531,26518,94532
2010:Q3,403113,22499,406665,-65740,6561,33128,403113,498083,-2637,86467,406786,7467,-128064,-43029,1389,-115299,49438,-87586,-17742,2011,-4792,62499,25047,33094,403113,-169703,-193037,11682,615,-10824,21861,284952,-15565,92700,123627,-2660,-12576,3310,52349,22971,21390,-7170,-105622,109041,1507,8817,-26021,-26567,-1594,13570,-5616,45088,-6027,287864
2010:Q4,425576,6831,429124,-25555,68981,-53805,425576,529306,1483,42107,429314,56402,-163783,-60170,8603,-69046,43301,-77006,1195,-3525,33607,-25057,-15685,60053,425576,1253,-29990,-25358,615,-15056,71042,295419,116781,45717,-139846,-352,-8330,-7112,18220,22971,63328,23452,33154,79968,1019,-789,-21721,-6029,-289,19661,49832,-10438,16222,128904
2011:Q1,373921,73742,245788,50546,-16432,20277,373921,281780,-169,54746,246086,-18883,13541,-1695,7782,2775,47473,-64857,-14667,7474,-1484,20871,9869,78600,373921,-58405,-24179,-3405,811,-10778,-20854,324125,249002,21610,-3695,-285,19345,7873,33258,14638,-10184,13800,-33115,-23847,300,7420,-26314,-313,902,50643,7726,-332,-4307,108201
2011:Q2,-31693,-49682,6014,-70990,-29142,112107,-31693,27891,-842,55707,6053,-33027,-146202,-10088,-9871,-119979,48950,-43103,-11505,-72,-18173,11418,6221,86618,-31693,-85356,9919,4582,-681,-34770,-64406,-12994,234999,-34618,4902,-1390,4687,-3876,12914,14640,-187444,5971,-64379,21428,1160,10921,-17598,-3866,1099,25462,-22566,2270,-17710,66657
2011:Q3,375397,-77161,495759,7168,-12306,-38063,375397,544141,-4813,59070,496243,-6359,-146463,-37359,-24778,-34578,41262,-58634,2666,-1252,-10854,-20896,-2040,-22281,375397,185326,325438,-33649,-2542,-33153,-70768,115072,-1284,61642,22170,-1648,3865,1355,24923,14639,219251,-74389,-14430,-47581,-181,13051,9831,-8096,1792,18166,-80497,4601,-52108,74999
2011:Q4,350557,-35182,390020,-7746,20335,-16870,350557,439756,-1454,31102,390306,19802,-74475,27555,-1803,-35417,27385,-33514,-6244,1400,-7382,-31259,-15196,-14724,350557,-11959,-38581,19194,235,-39517,46710,408788,-38688,59713,-21222,-192,3061,-3714,4759,14638,74688,-9557,103775,198579,270,14678,-9908,-1155,-4027,7028,51354,-7504,-27788,-46272
2012:Q1,382609,25111,382690,-44637,1426,18019,382609,471473,-1635,89247,381855,2006,-80415,-24854,4378,-68727,24925,-41582,-6924,9104,6189,1593,15483,-8449,382609,-300201,-247511,-15893,2128,-29655,-9270,494423,6332,60625,-7899,17,19598,4488,29012,30271,-16201,70080,-64152,208117,286,16263,-14439,-2266,-868,58884,82899,-1794,15170,188387
2012:Q2,111400,-32366,204465,8307,16804,-85810,111400,285759,-4830,74934,204500,11155,-184235,-29161,-966,-38758,47030,-46691,-23171,6024,4122,-90506,-12158,9876,111400,161924,193914,-4354,-49,-1472,-26115,-23844,30307,11297,-1787,-859,611,1430,-42542,30271,11829,5264,-73271,81296,1536,18434,-55956,-1389,1096,15451,-29131,-39046,11315,-26680
2012:Q3,615647,-4810,249578,2145,-11190,379924,615647,344956,-3527,105166,249504,-6187,177487,-10697,3873,-28298,30517,-41969,-1968,4074,-16308,263518,-25255,93204,615647,184502,156842,3016,1109,-97,23632,240231,-26679,58493,20913,-844,-2938,2163,29957,30271,23744,-14564,-9621,129029,3217,7606,-34614,-2003,-3635,57398,-13786,9027,-22903,190914
2012:Q4,467534,-4888,344234,10004,-4943,123127,467534,448789,-4081,111074,344719,-2923,-47467,-19110,754,-18852,28371,-22526,-42016,7228,4332,21117,-6765,66212,467534,-64624,-45376,1452,1632,-27,-22305,388862,122665,36187,-6464,-1015,-2001,-1424,21568,30270,36588,14740,59842,90058,3392,10106,-31667,-743,-6184,-17852,63527,380,-33111,143296
2013:Q1,531688,48834,348077,35865,8074,90838,531688,410157,-1449,56652,347824,7130,37231,-16016,5265,10785,25333,-3541,-12305,2559,-1059,-6036,32246,84300,531688,-131479,-171342,-7846,650,-44,47103,496519,289523,32814,-15629,357,13046,8167,27051,14085,8393,17739,3222,136777,6012,7147,-9289,-2073,-2558,-5480,-29731,4769,-7823,166648
2013:Q2,-130401,-10625,-104780,68882,-17565,-66313,-130401,-58860,-3198,67064,-104444,-18282,-104046,-73441,-13812,34169,34377,-186709,-5985,135862,13962,-37399,-5070,32505,-130401,-306820,-326075,-1917,2020,-20,19172,163975,286658,1757,-8754,-30,11838,4955,25526,14085,-97970,21827,-16819,-19441,4859,3394,-17152,24,-1274,-7240,-56033,12516,1249,12444
2013:Q3,166079,-13662,52070,52748,-34963,109886,166079,152603,-4303,131727,52206,-27027,-39226,-44396,-4844,10057,42555,-38998,11378,9623,-6946,-9621,-8034,52702,166079,-63204,-48484,10662,634,-13,-26003,96664,256847,-750,6958,550,-3877,4171,20076,14086,-112443,8103,29507,-63791,190,4347,-20076,-792,113,-20380,-12605,2301,-15871,132619
2013:Q4,742252,-25263,562324,80435,-19992,144748,742252,559429,-4608,16142,561713,-13818,146268,5657,2862,52526,28520,-38539,793,28050,16277,41821,8301,36555,742252,-148294,-190832,-4798,1057,-5,46284,648691,280400,65364,-6820,724,-5777,-1627,46262,14086,311766,25558,28285,18268,-150,-2400,-42688,1443,-1819,-39753,-18172,2631,-26890,241855
2014:Q1,276904,40560,249908,-73115,-12481,72032,276904,336842,-1143,99395,249424,-10834,-84907,-7140,467,-88873,16242,-40666,-23702,29890,10327,3273,15275,24969,276904,-31407,-21100,9206,-234,-2,-19277,168655,210291,44257,-6950,287,1953,4095,17828,23871,-11001,6478,-104332,-9865,375,11003,-5442,82,2762,-13460,-34302,-4675,35400,139656
2014:Q2,203299,13326,-43582,53414,-4719,184860,203299,30872,-606,78752,-43550,-3724,61124,-4870,1921,39214,14168,-9227,5231,11267,-9346,953,11813,111303,203299,-58399,-14344,-9603,-154,-19,-34279,195116,136304,35036,-7143,-1476,-1638,353,27360,23873,5309,37723,-144157,77918,-55,12175,-9580,200,-473,7334,-30597,6039,20611,66582
2014:Q3,347270,-9417,230442,59036,-34834,102043,347270,266722,-2878,68976,230264,-29640,63740,-20504,-6150,35622,23592,7858,6730,4252,10521,-11258,13077,16808,347270,-81849,-30322,-1840,471,0,-50158,271906,79625,73626,-7882,-189,-2471,9675,21861,23873,24351,12797,45746,22193,156,6322,-2931,2892,-1614,-4011,-43215,5212,5890,157213
2014:Q4,492536,-65715,299272,110823,9313,138843,492536,380506,-1974,74077,299789,8614,102270,-3912,-7400,89316,20990,3826,13723,1449,-22,-1323,-14377,9760,492536,69175,11320,27911,-505,0,30449,259042,46678,75593,-8395,-303,-12838,-1317,9671,23871,68059,-2096,84123,37082,146,22052,-2891,2157,3880,10727,-7205,-8792,-81160,164319
2015:Q1,160647,22308,18178,-43447,28076,135532,160647,160097,-419,120078,17935,22503,-31964,-4344,2048,-40886,-2318,17434,-283,261,-16466,-13827,26417,32514,160647,103244,91093,-12371,602,0,23920,-23609,-12288,63731,-7330,-134,3987,8518,12808,-2988,-108145,-18851,-43518,74943,494,19420,-7014,606,-5963,-5509,3358,-6124,6390,81012
2015:Q2,157528,26079,-81457,54940,10986,146980,157528,80548,-3794,158316,-80938,6964,53224,-6847,-954,23363,31058,-2888,-19352,-2224,28382,-296,2982,23756,157528,-131376,-125973,-2244,2770,-20,-5909,13547,-3471,38813,-94,680,569,7857,21748,-2990,-127242,28784,-62811,94624,229,2046,-15415,963,5737,-15778,-7092,2230,44160,275357
2015:Q3,124858,12489,23319,87194,-10578,12434,124858,119901,-2446,109016,22764,-9433,47853,-6094,-10864,35535,52214,-35800,5788,-3028,-407,-20056,30565,-42896,124858,290700,336579,5881,466,-17,-52209,-47866,5379,13406,6769,-21,-10708,4000,36848,-2990,-92291,-20184,36263,-45767,164,21599,-6816,-297,-824,-8918,-16215,4381,28356,-117976
2015:Q4,826356,-49770,764352,121932,-11682,1524,826356,778024,-1524,22855,764811,-8118,93004,4936,6732,75479,45994,-10154,-2189,-2772,-4090,-14884,-6048,-44672,826356,-10867,-86403,12472,2144,0,60920,669115,-61,79640,6670,587,6408,1990,26082,-2989,420796,14505,121926,6646,-293,12302,5421,-134,3216,-9502,1086,-4466,-20715,168108
2016:Q1,450203,79643,236244,9388,21547,103381,450203,393652,778,139865,236129,16880,98809,18250,9103,-18896,28399,-22443,-16922,20710,-11834,35309,57133,-42258,450203,159557,166263,8784,-956,0,-14534,236660,-1997,19231,13474,-445,-5646,10697,48104,12501,-8844,-4011,62213,17043,344,31609,-5031,-1006,-747,-6061,-20780,-3803,79815,53986
2016:Q2,237822,-5239,7835,145653,32126,57447,237822,119785,-79,90174,7952,21738,129031,14407,2017,105413,40123,-34117,-20721,3966,-8454,18250,8147,-10994,237822,-10663,-9909,-6297,-882,0,6425,206519,-17094,42651,17967,504,-1955,5360,44744,12502,3992,-10313,-36503,88469,86,15002,10837,-2294,11249,-16255,11362,1272,24936,41966
2016:Q3,461297,-104578,258783,90649,-5717,222160,461297,322120,-2103,71872,258590,-6239,139655,-26324,-4167,49487,41355,-31438,-17938,588,14630,139226,-25764,-478,461297,42167,-28743,18037,1098,0,51775,328368,-13439,118628,-12942,-256,-2378,25742,38361,12501,23598,2957,-31491,126422,926,24240,-2319,-3782,3356,-383,1486,-26,17167,90762
2016:Q4,393860,-26449,339898,105892,-905,-24576,393860,327427,-1680,-10814,339994,-73,6933,-30327,-582,58167,47629,-27285,-11552,-3440,3502,-27547,-1632,59500,393860,-192431,-233376,-24638,3578,0,62005,431418,-3270,108175,-13389,1609,8406,3576,10402,12501,82151,16681,172131,19394,-584,13141,-5876,-1322,-3911,-3818,26769,5772,-17120,154873
2017:Q1,144175,52284,-110073,50972,-12895,163887,144175,2432,-244,126022,-110304,-13042,44793,-10540,-5050,7050,44153,-31800,-27545,4909,577,36973,26066,96950,144175,-66980,-87181,-618,1685,0,19134,112931,22203,53757,-10651,839,5851,-3972,30558,36429,-147661,12419,-96920,97961,623,35062,-5985,-4559,-3238,8715,25787,3070,52643,98224
2017:Q2,169682,-11503,-75450,95426,7735,153474,169682,4823,3097,80308,-75287,-3295,110999,-2889,-70,49594,45669,-7505,-10121,-966,36101,47536,-46350,53860,169682,3471,13643,13108,1258,0,-24538,-58842,-6592,-25216,1562,57,-2166,6678,12036,36429,-103638,6272,-112487,104785,367,33228,-10156,-3838,-3067,3332,21030,16480,-33938,225053
2017:Q3,703164,56709,432429,91882,-24579,146723,703164,486501,-3572,73017,432406,-15350,116426,830,425,38287,53618,-4220,6238,3184,9703,20832,-12471,100237,703164,-100468,-84562,-18596,1835,0,855,575091,-6352,47540,-7591,-735,-6942,8373,27060,36428,255787,11543,56245,96858,-45,32117,-16503,-591,-3743,27158,-41204,-13232,72920,228541
2017:Q4,479665,-16427,200128,108256,44160,143548,479665,278796,2147,45140,200155,31354,67708,-41666,-6421,58168,50061,-2256,-19773,14520,10146,-10956,15885,133161,479665,140498,42801,34945,2080,0,60672,239017,-20147,34425,43990,1427,-2405,21947,11015,36429,-87821,22297,85100,82369,280,21627,-6398,816,-577,16041,2959,8110,-32467,100150
2018:Q1,810208,82543,615089,4691,-20532,128417,810208,684079,1532,86425,615356,-19234,28074,19745,4914,-30597,35021,-10207,-2135,1733,-10074,-13552,33226,98055,810208,81528,88769,545,1578,0,-9364,582132,-44025,-14831,-2830,1489,3107,697,30410,20586,164046,43882,141746,153179,-38,15984,7121,1341,974,-374,-13488,13457,59699,146548
2018:Q2,199999,3047,44730,88044,1705,62473,199999,46175,-277,3424,43579,-551,126899,8416,1444,50473,38722,14470,21937,-1509,-8242,-17420,18608,26925,199999,161427,121120,-1703,494,0,41516,30905,-86466,5096,10976,689,1297,5697,21134,20586,11025,-16867,-112907,92173,2292,30823,6564,1038,-1451,-145,37488,5159,-3296,7667
2018:Q3,479473,-5973,327114,61484,-28457,125305,479473,343192,-3030,39657,326425,-19860,93176,8151,-3919,17130,45043,1798,23773,8903,8546,-6750,-9499,43105,479473,259121,231596,-1704,1127,0,28102,109512,-109152,16037,-3530,2732,-5767,18039,26379,20587,41997,429,14059,63079,-278,22019,-1828,3969,1398,21855,-3880,10762,-29394,110840
2018:Q4,505210,-49579,424287,91224,-10429,49707,505210,416796,-686,4377,424405,-11300,111189,-12078,282,44077,47029,8227,480,21922,8105,-9206,2351,-22775,505210,367701,398364,21948,-1265,0,-51346,259928,-139807,70064,21737,165,-7743,19240,12395,20586,92130,29444,138788,-123411,303,30137,-7856,1785,-5431,9436,137389,2153,-41576,-122419
2019:Q1,244271,75260,64179,33050,-2729,74511,244271,193958,-1047,135893,63440,-4328,89804,-11873,-2887,11084,22705,12023,-19946,12905,-2116,39511,28398,-39491,244271,111612,65668,17330,-251,0,28865,-62436,-95573,46310,-13933,992,8463,12188,35834,30908,-252634,-4014,32770,66688,1277,33844,7567,3878,-3466,24644,-24874,1562,25133,195095
2019:Q2,180458,19177,-91977,118412,-14516,149362,180458,-33418,-555,76906,-92181,-17588,160285,-5304,718,93362,25254,5014,-14332,19527,23964,30913,-18831,53591,180458,266296,296678,470,-938,0,-29914,-160271,-129725,43375,3966,7536,-1582,2797,40960,-29975,-72717,-61439,-96172,65179,386,38876,12270,2229,-2759,15820,-6258,6743,219,74433
2019:Q3,986203,-15501,757393,79200,-2786,167897,986203,825678,-555,72051,756851,-2669,107623,-20542,1150,50885,28857,37475,5149,18893,-22519,-7230,15505,52902,986203,59331,25319,29315,-94,0,4791,775134,-66134,119184,3220,1866,-1573,7036,46965,47092,334438,-41842,230884,89918,1610,36536,20983,2564,2610,2505,-13381,16212,-65559,151738
2019:Q4,641105,-29659,447006,86244,40203,97311,641105,464478,-1125,-15147,446762,33988,84850,-31,-1269,49535,36953,15100,-14658,17962,-9348,-22275,12881,91777,641105,27357,-41573,22203,2274,0,44453,590693,153947,33962,-23375,2786,5793,7678,-1707,40866,104434,-36616,151473,134734,-24,39049,12016,3940,3126,3926,-27136,4476,-22655,23055
2020:Q1,1098778,43517,499737,339633,5686,210205,1098778,743794,-2924,241054,499710,5954,543157,23240,12615,315884,23776,54799,23980,-9444,82923,92495,-77111,-188173,1098778,10408,-47674,42258,-3540,0,19364,1367220,1070384,140743,26114,-871,5928,16979,73106,33540,3452,-5322,387415,-259718,888,10808,-2031,-1009,1857,-149111,20453,-13469,7084,-278850
2020:Q2,3369391,-82134,2852239,-25374,19621,605039,3369391,3232346,-2236,361714,2852074,20794,59025,9307,-7805,-12962,-12247,-10266,-10326,36422,-77181,68702,75381,78020,3369391,-43699,-194165,21491,3720,0,125255,3155689,1511583,294080,-18646,4023,33544,16403,14683,40435,2429,-8492,975455,108170,-171,85233,62806,-1457,4091,-4902,-7445,2583,41284,257401
2020:Q3,727908,-49691,529765,122459,34306,91069,727908,605583,-1349,43350,528897,34685,57047,9196,-7160,112523,10804,-1068,-32591,8434,-14288,-37878,9075,65278,727908,-182335,-192555,-2053,1625,0,10648,909406,326069,292609,-13758,749,26733,26632,76339,40165,47292,26009,-253616,304503,-54,56352,14477,-1037,1471,-4193,-55016,-8436,6116,837
2020:Q4,1132357,29957,700425,220486,24054,157435,1132357,761799,-3236,37823,700481,26731,264494,17033,-707,220480,-50,4655,-1234,5783,18448,8400,-8314,106064,1132357,171991,112729,-3739,924,0,62077,922866,308934,276246,-6348,2240,22624,-6910,20210,55344,94520,13088,-105214,186727,173,50486,-28573,784,2301,3285,-26406,6757,52598,37500
2021:Q1,888743,118253,342129,139687,27213,261461,888743,499609,14,129942,341749,27904,178460,11238,4516,137005,3062,-2031,-9679,7288,12458,-39453,54056,210674,888743,-480874,-491891,-34955,274,0,45698,1180516,402593,452601,-3078,4233,72053,23536,19011,20846,-6105,-8004,48951,176466,383,43158,-28262,-1744,1476,-6784,-130145,28839,70492,189101
