date,FU893163005.Q,FU103163003.Q,FU793163005.Q,FU763163005.Q,FU673163005.Q,FU613163005.Q,FU643163005.Q,FU663163003.Q,FU733163003.Q,FU503163005.Q,FU263163005.Q,FU893063005.Q,FU153063005.Q,FU313063763.Q,FU213063003.Q,FU763063005.Q,FU763063605.Q,FU763063095.Q,FU753063005.Q,FU743063005.Q,FU473063005.Q,FU473063605.Q,FU473063095.Q,FU513063005.Q,FU513063605.Q,FU513063095.Q,FU543063005.Q,FU543063675.Q,FU543063095.Q,FU573063005.Q,FU343063005.Q,FU223063045.Q,FU633063005.Q,FU653063005.Q,FU553063003.Q,FU563063003.Q,FU403063005.Q,FU403063605.Q,FU403063095.Q,FU613063003.Q,FU643063005.Q,FU663063005.Q,FU733063003.Q,FU503063005.Q,FU263063005.Q,FU263063603.Q,FU263063095.Q
1945:Q4,ND,ND,ND,ND,ND,ND,ND,ND,ND,ND,ND,ND,ND,ND,ND,ND,ND,ND,ND,ND,ND,ND,ND,ND,ND,ND,ND,ND,ND,ND,ND,ND,ND,ND,ND,ND,ND,ND,ND,ND,ND,ND,ND,ND,ND,ND,ND
1946:Q1,ND,ND,ND,ND,ND,ND,ND,ND,ND,ND,ND,ND,ND,ND,ND,ND,ND,ND,ND,ND,ND,ND,ND,ND,ND,ND,ND,ND,ND,ND,ND,ND,ND,ND,ND,ND,ND,ND,ND,ND,ND,ND,ND,ND,ND,ND,ND
1946:Q2,ND,ND,ND,ND,ND,ND,ND,ND,ND,ND,ND,ND,ND,ND,ND,ND,ND,ND,ND,ND,ND,ND,ND,ND,ND,ND,ND,ND,ND,ND,ND,ND,ND,ND,ND,ND,ND,ND,ND,ND,ND,ND,ND,ND,ND,ND,ND
1946:Q3,ND,ND,ND,ND,ND,ND,ND,ND,ND,ND,ND,ND,ND,ND,ND,ND,ND,ND,ND,ND,ND,ND,ND,ND,ND,ND,ND,ND,ND,ND,ND,ND,ND,ND,ND,ND,ND,ND,ND,ND,ND,ND,ND,ND,ND,ND,ND
1946:Q4,923,953,62,0,0,62,0,0,0,0,-92,923,-944,0,0,151,0,151,9,15,0,0,0,12,0,12,1805,0,1805,200,0,20,0,27,5,0,0,0,0,0,0,-103,0,0,-274,0,-274
1947:Q1,ND,ND,ND,ND,ND,ND,ND,ND,ND,ND,ND,ND,ND,ND,ND,ND,ND,ND,ND,ND,ND,ND,ND,ND,ND,ND,ND,ND,ND,ND,ND,ND,ND,ND,ND,ND,ND,ND,ND,ND,ND,ND,ND,ND,ND,ND,ND
1947:Q2,ND,ND,ND,ND,ND,ND,ND,ND,ND,ND,ND,ND,ND,ND,ND,ND,ND,ND,ND,ND,ND,ND,ND,ND,ND,ND,ND,ND,ND,ND,ND,ND,ND,ND,ND,ND,ND,ND,ND,ND,ND,ND,ND,ND,ND,ND,ND
1947:Q3,ND,ND,ND,ND,ND,ND,ND,ND,ND,ND,ND,ND,ND,ND,ND,ND,ND,ND,ND,ND,ND,ND,ND,ND,ND,ND,ND,ND,ND,ND,ND,ND,ND,ND,ND,ND,ND,ND,ND,ND,ND,ND,ND,ND,ND,ND,ND
1947:Q4,2923,2813,131,0,0,131,0,0,0,0,-21,2923,-808,0,0,322,0,322,10,-11,0,0,0,63,0,63,3020,0,3020,200,0,30,0,-8,45,0,0,0,0,0,0,9,0,0,51,0,51
1948:Q1,ND,ND,ND,ND,ND,ND,ND,ND,ND,ND,ND,ND,ND,ND,ND,ND,ND,ND,ND,ND,ND,ND,ND,ND,ND,ND,ND,ND,ND,ND,ND,ND,ND,ND,ND,ND,ND,ND,ND,ND,ND,ND,ND,ND,ND,ND,ND
1948:Q2,ND,ND,ND,ND,ND,ND,ND,ND,ND,ND,ND,ND,ND,ND,ND,ND,ND,ND,ND,ND,ND,ND,ND,ND,ND,ND,ND,ND,ND,ND,ND,ND,ND,ND,ND,ND,ND,ND,ND,ND,ND,ND,ND,ND,ND,ND,ND
1948:Q3,ND,ND,ND,ND,ND,ND,ND,ND,ND,ND,ND,ND,ND,ND,ND,ND,ND,ND,ND,ND,ND,ND,ND,ND,ND,ND,ND,ND,ND,ND,ND,ND,ND,ND,ND,ND,ND,ND,ND,ND,ND,ND,ND,ND,ND,ND,ND
1948:Q4,4816,4300,436,0,0,436,0,0,0,0,80,4816,44,0,0,114,0,114,9,11,0,0,0,149,0,149,4233,0,4233,200,0,77,0,10,15,0,0,0,0,0,0,2,0,0,-48,0,-48
1949:Q1,ND,ND,ND,ND,ND,ND,ND,ND,ND,ND,ND,ND,ND,ND,ND,ND,ND,ND,ND,ND,ND,ND,ND,ND,ND,ND,ND,ND,ND,ND,ND,ND,ND,ND,ND,ND,ND,ND,ND,ND,ND,ND,ND,ND,ND,ND,ND
1949:Q2,ND,ND,ND,ND,ND,ND,ND,ND,ND,ND,ND,ND,ND,ND,ND,ND,ND,ND,ND,ND,ND,ND,ND,ND,ND,ND,ND,ND,ND,ND,ND,ND,ND,ND,ND,ND,ND,ND,ND,ND,ND,ND,ND,ND,ND,ND,ND
1949:Q3,ND,ND,ND,ND,ND,ND,ND,ND,ND,ND,ND,ND,ND,ND,ND,ND,ND,ND,ND,ND,ND,ND,ND,ND,ND,ND,ND,ND,ND,ND,ND,ND,ND,ND,ND,ND,ND,ND,ND,ND,ND,ND,ND,ND,ND,ND,ND
1949:Q4,3201,2903,307,0,0,307,0,0,0,0,-9,3201,-407,0,0,362,0,362,17,12,0,0,0,-34,0,-34,2573,0,2573,200,0,135,0,18,45,0,0,0,0,0,0,185,0,0,95,0,95
1950:Q1,ND,ND,ND,ND,ND,ND,ND,ND,ND,ND,ND,ND,ND,ND,ND,ND,ND,ND,ND,ND,ND,ND,ND,ND,ND,ND,ND,ND,ND,ND,ND,ND,ND,ND,ND,ND,ND,ND,ND,ND,ND,ND,ND,ND,ND,ND,ND
1950:Q2,ND,ND,ND,ND,ND,ND,ND,ND,ND,ND,ND,ND,ND,ND,ND,ND,ND,ND,ND,ND,ND,ND,ND,ND,ND,ND,ND,ND,ND,ND,ND,ND,ND,ND,ND,ND,ND,ND,ND,ND,ND,ND,ND,ND,ND,ND,ND
1950:Q3,ND,ND,ND,ND,ND,ND,ND,ND,ND,ND,ND,ND,ND,ND,ND,ND,ND,ND,ND,ND,ND,ND,ND,ND,ND,ND,ND,ND,ND,ND,ND,ND,ND,ND,ND,ND,ND,ND,ND,ND,ND,ND,ND,ND,ND,ND,ND
1950:Q4,2089,1624,214,0,0,214,0,0,0,0,251,2089,-271,0,0,141,0,141,12,-6,0,0,0,39,0,39,1821,0,1821,228,0,183,0,47,45,0,0,0,0,0,0,-140,0,0,-10,0,-10
1951:Q1,ND,ND,ND,ND,ND,ND,ND,ND,ND,ND,ND,ND,ND,ND,ND,ND,ND,ND,ND,ND,ND,ND,ND,ND,ND,ND,ND,ND,ND,ND,ND,ND,ND,ND,ND,ND,ND,ND,ND,ND,ND,ND,ND,ND,ND,ND,ND
1951:Q2,ND,ND,ND,ND,ND,ND,ND,ND,ND,ND,ND,ND,ND,ND,ND,ND,ND,ND,ND,ND,ND,ND,ND,ND,ND,ND,ND,ND,ND,ND,ND,ND,ND,ND,ND,ND,ND,ND,ND,ND,ND,ND,ND,ND,ND,ND,ND
1951:Q3,ND,ND,ND,ND,ND,ND,ND,ND,ND,ND,ND,ND,ND,ND,ND,ND,ND,ND,ND,ND,ND,ND,ND,ND,ND,ND,ND,ND,ND,ND,ND,ND,ND,ND,ND,ND,ND,ND,ND,ND,ND,ND,ND,ND,ND,ND,ND
1951:Q4,3957,3294,386,0,0,386,0,0,0,0,277,3957,277,0,0,-47,0,-47,23,-7,0,0,0,104,0,104,2719,0,2719,655,0,116,0,41,30,0,0,0,0,0,0,40,0,0,6,0,6
1952:Q1,1011,1081,-109,0,0,-109,0,0,0,0,39,1011,-153,0,0,123,0,123,6,0,0,0,0,80,0,80,770,0,770,201,0,45,0,26,10,0,0,0,0,0,0,-104,0,0,7,0,7
1952:Q2,1601,1470,82,0,0,82,0,0,0,0,49,1601,221,0,0,204,0,204,11,0,0,0,0,85,0,85,753,0,753,247,0,51,0,16,12,0,0,0,0,0,0,-5,0,0,6,0,6
1952:Q3,1016,1127,-28,0,0,-28,0,0,0,0,-83,1016,-225,0,0,-55,0,-55,-6,0,0,0,0,-61,0,-61,705,0,705,292,0,126,0,9,12,0,0,0,0,0,0,206,0,0,13,0,13
1952:Q4,1119,1027,70,0,0,70,0,0,0,0,22,1119,-133,0,0,-93,0,-93,6,0,0,0,0,41,0,41,870,0,870,325,0,87,0,30,11,0,0,0,0,0,0,-35,0,0,10,0,10
1953:Q1,1204,760,393,0,0,393,0,0,0,0,51,1204,-151,0,0,80,0,80,0,1,0,0,0,39,0,39,799,0,799,314,0,131,0,-10,11,0,0,0,0,0,0,7,0,0,-17,0,-17
1953:Q2,1437,1013,549,0,0,549,0,0,0,0,-125,1437,267,0,0,84,0,84,13,1,0,0,0,35,0,35,579,0,579,288,0,127,0,-7,12,0,0,0,0,0,0,20,0,0,18,0,18
1953:Q3,772,530,287,0,0,287,0,0,0,0,-45,772,-365,0,0,96,0,96,8,1,0,0,0,29,0,29,554,0,554,259,0,127,0,-1,11,0,0,0,0,0,0,38,0,0,15,0,15
1953:Q4,1365,1212,146,0,0,146,0,0,0,0,7,1365,239,0,0,-1,0,-1,11,1,0,0,0,22,0,22,774,0,774,238,0,131,0,16,11,0,0,0,0,0,0,-76,0,0,-1,0,-1
1954:Q1,983,777,35,0,0,35,0,0,0,0,171,983,-268,0,0,227,0,227,-6,0,0,0,0,18,0,18,639,0,639,263,0,135,0,33,11,0,0,0,0,0,0,-62,0,0,-7,0,-7
1954:Q2,904,935,32,0,0,32,0,0,0,0,-63,904,-97,0,0,-118,0,-118,-10,0,0,0,0,14,0,14,543,0,543,300,0,147,0,29,11,0,0,0,0,0,0,93,0,0,-8,0,-8
1954:Q3,983,1275,-194,0,0,-194,0,0,0,0,-98,983,-149,0,0,-22,0,-22,-6,0,0,0,0,12,0,12,513,0,513,337,0,152,0,31,10,0,0,0,0,0,0,83,0,0,22,0,22
1954:Q4,317,548,-171,0,0,-171,0,0,0,0,-60,317,-621,0,0,-37,0,-37,10,-3,0,0,0,10,0,10,408,0,408,360,0,155,0,6,13,0,0,0,0,0,0,17,0,0,-1,0,-1
1955:Q1,507,508,93,0,0,93,0,0,0,0,-94,507,-102,0,0,-103,0,-103,18,0,0,0,0,9,0,9,363,0,363,313,0,136,0,-9,13,0,0,0,0,0,0,-141,0,0,10,0,10
1955:Q2,589,724,-77,0,0,-77,0,0,0,0,-58,589,-198,0,0,-197,0,-197,47,1,0,0,0,9,0,9,356,0,356,256,0,140,0,27,16,0,0,0,0,0,0,126,0,0,6,0,6
1955:Q3,603,474,169,0,0,169,0,0,0,0,-40,603,129,0,0,-222,0,-222,37,1,0,0,0,9,0,9,379,0,379,203,0,146,0,1,16,0,0,0,0,0,0,-105,0,0,9,0,9
1955:Q4,1522,1311,212,0,0,212,0,0,0,0,-1,1522,294,0,0,-121,0,-121,25,1,0,0,0,10,0,10,651,0,651,174,0,155,0,15,15,0,0,0,0,0,0,274,0,0,29,0,29
1956:Q1,1080,422,568,0,0,568,0,0,0,0,90,1080,192,0,0,-106,0,-106,-31,1,0,0,0,7,0,7,661,0,661,251,0,147,0,70,15,0,0,0,0,0,0,-143,0,0,16,0,16
1956:Q2,1271,960,230,0,0,230,0,0,0,0,81,1271,448,0,0,-51,0,-51,-22,1,0,0,0,5,0,5,402,0,402,353,0,125,0,-37,14,0,0,0,0,0,0,13,0,0,20,0,20
1956:Q3,1379,1067,238,0,0,238,0,0,0,0,74,1379,170,0,0,5,0,5,-26,1,0,0,0,6,0,6,577,0,577,464,0,107,0,134,14,0,0,0,0,0,0,-90,0,0,17,0,17
1956:Q4,1359,1027,267,0,0,267,0,0,0,0,65,1359,326,0,0,-192,0,-192,-22,1,0,0,0,9,0,9,512,0,512,554,0,94,0,27,17,0,0,0,0,0,0,19,0,0,14,0,14
1957:Q1,2121,1470,434,0,0,434,0,0,0,0,217,2121,743,0,0,139,0,139,13,0,0,0,0,23,0,23,629,0,629,547,0,117,0,26,17,0,0,0,0,0,0,-165,0,0,32,0,32
1957:Q2,1805,1465,214,0,0,214,0,0,0,0,126,1805,187,0,0,183,0,183,0,-1,0,0,0,39,0,39,595,0,595,502,0,174,0,80,19,0,0,0,0,0,0,15,0,0,12,0,12
1957:Q3,1969,1513,425,0,0,425,0,0,0,0,31,1969,311,0,0,161,0,161,-3,-1,0,0,0,54,0,54,704,0,704,438,0,257,0,-17,19,0,0,0,0,0,0,24,0,0,22,0,22
1957:Q4,1809,1584,164,0,0,164,0,0,0,0,61,1809,-176,0,0,241,0,241,-23,-4,0,0,0,64,0,64,744,0,744,375,0,311,0,24,20,0,0,0,0,0,0,209,0,0,24,0,24
1958:Q1,2416,1865,280,0,0,280,0,0,0,0,271,2416,807,0,0,306,0,306,-4,1,0,0,0,57,0,57,601,0,601,365,0,319,0,51,21,0,0,0,0,0,0,-142,0,0,34,0,34
1958:Q2,1318,1080,-102,0,0,-102,0,0,0,0,340,1318,-682,0,0,475,0,475,0,3,0,0,0,44,0,44,605,0,605,370,0,279,0,63,22,0,0,0,0,0,0,140,0,0,-1,0,-1
1958:Q3,1202,1446,-332,0,0,-332,0,0,0,0,88,1202,459,0,0,-213,0,-213,-2,3,0,0,0,29,0,29,554,0,554,381,0,256,0,55,22,0,0,0,0,0,0,-342,0,0,0,0,0
1958:Q4,1483,1252,12,0,0,12,0,0,0,0,219,1483,164,0,0,-59,0,-59,-6,1,0,0,0,14,0,14,641,0,641,389,0,248,0,-14,22,0,0,0,0,0,0,62,0,0,21,0,21
1959:Q1,923,592,162,0,0,162,0,0,0,0,169,923,343,0,0,-148,0,-148,-1,0,0,0,0,11,0,11,474,0,474,214,0,234,0,12,59,0,0,0,0,0,0,-281,0,0,6,0,6
1959:Q2,1128,862,201,0,0,201,0,0,0,0,65,1128,-108,0,0,40,0,40,0,-1,0,0,0,12,0,12,554,0,554,311,0,211,0,32,7,0,0,0,0,0,0,52,0,0,18,0,18
1959:Q3,1019,568,321,0,0,321,0,0,0,0,130,1019,35,0,0,-63,0,-63,0,-1,0,0,0,16,0,16,382,0,382,277,0,207,0,16,8,0,0,0,0,0,0,107,0,0,35,0,35
1959:Q4,1472,1057,306,0,0,306,0,0,0,0,109,1472,68,0,0,-124,0,-124,1,-3,0,0,0,22,0,22,666,0,666,441,0,208,0,96,11,0,0,0,0,0,0,201,0,0,-115,0,-115
1960:Q1,1969,422,1268,0,0,1268,0,0,0,0,279,1969,1322,0,0,-115,0,-115,-1,0,0,0,0,23,0,23,398,0,398,337,0,225,0,-28,74,0,0,0,0,0,0,-299,0,0,33,0,33
1960:Q2,1640,891,624,0,0,624,0,0,0,0,125,1640,471,0,0,-18,0,-18,-2,0,0,0,0,23,0,23,448,0,448,323,0,255,0,52,25,0,0,0,0,0,0,32,0,0,31,0,31
1960:Q3,1474,782,616,0,0,616,0,0,0,0,76,1474,77,0,0,82,0,82,-5,0,0,0,0,22,0,22,337,0,337,404,0,302,0,74,21,0,0,0,0,0,0,140,0,0,20,0,20
1960:Q4,2152,1327,728,0,0,728,0,0,0,0,97,2152,525,0,0,24,0,24,-3,-4,0,0,0,19,0,19,534,0,534,550,0,356,0,58,3,0,0,0,0,0,0,95,0,0,-5,0,-5
1961:Q1,896,361,450,0,0,450,0,0,0,0,85,896,27,0,0,20,0,20,6,0,0,0,0,15,0,15,403,0,403,135,0,400,0,65,66,0,0,0,0,0,0,-249,0,0,8,0,8
1961:Q2,2358,1953,232,0,0,232,0,0,0,0,173,2358,842,0,0,-141,0,-141,5,-1,0,0,0,9,0,9,673,0,673,396,0,432,0,10,-13,0,0,0,0,0,0,141,0,0,5,0,5
1961:Q3,694,707,-80,0,0,-80,0,0,0,0,67,694,-455,0,0,-107,0,-107,14,-1,0,0,0,4,0,4,598,0,598,259,0,450,0,33,-19,0,0,0,0,0,0,-73,0,0,-9,0,-9
1961:Q4,1606,1374,120,0,0,120,0,0,0,0,112,1606,-186,0,0,-142,0,-142,-20,-4,0,0,0,2,0,2,788,0,788,393,0,446,0,232,-16,0,0,0,0,0,0,116,0,0,-3,0,-3
1962:Q1,1197,826,170,0,0,170,0,0,0,0,201,1197,133,0,0,38,0,38,55,0,0,0,0,68,0,68,365,0,365,234,0,453,0,-135,43,0,0,0,0,0,0,-174,0,0,117,0,117
1962:Q2,1700,1544,-159,0,0,-159,0,0,0,0,315,1700,-19,0,0,-196,0,-196,73,0,0,0,0,110,0,110,705,0,705,393,0,467,0,141,-30,0,0,0,0,0,0,77,0,0,-21,0,-21
1962:Q3,472,577,-199,0,0,-199,0,0,0,0,94,472,-761,0,0,-31,0,-31,10,0,0,0,0,108,0,108,535,0,535,138,0,464,0,-55,-21,0,0,0,0,0,0,135,0,0,-50,0,-50
1962:Q4,1988,1085,519,0,0,519,0,0,0,0,384,1988,18,0,0,88,0,88,-20,0,0,0,0,62,0,62,862,0,862,454,0,434,0,79,10,0,0,0,0,0,0,22,0,0,-21,0,-21
1963:Q1,1842,936,412,0,0,412,0,0,0,0,494,1842,445,0,0,21,0,21,-8,2,0,0,0,14,0,14,747,0,747,343,0,447,0,-5,104,0,0,0,0,0,0,-226,0,0,-42,0,-42
1963:Q2,1605,1116,-18,0,0,-18,0,0,0,0,507,1605,-267,0,0,-164,0,-164,-32,4,0,0,0,-33,0,-33,938,0,938,403,0,491,0,-3,83,0,0,0,0,0,0,127,0,0,58,0,58
1963:Q3,776,530,175,35,0,140,0,0,0,0,71,776,-512,0,0,-209,0,-209,-66,3,0,0,0,-33,0,-33,488,0,488,420,0,557,0,96,89,0,0,0,0,0,0,-52,0,0,-5,0,-5
1963:Q4,2092,1189,982,198,0,784,0,0,0,0,-79,2092,266,0,0,-286,0,-286,-29,1,0,0,0,11,0,11,652,0,652,293,0,618,0,83,62,0,0,0,0,0,0,375,0,0,46,0,46
1964:Q1,1657,677,1091,187,0,904,0,0,0,0,-111,1657,-182,0,0,479,0,479,-6,-2,0,0,0,50,0,50,621,0,621,238,0,617,0,-7,117,0,0,0,0,0,0,-299,0,0,31,0,31
1964:Q2,1988,1271,565,113,0,452,0,0,0,0,152,1988,-452,0,0,43,0,43,2,-5,0,0,0,77,0,77,720,0,720,591,0,548,0,146,34,0,0,0,0,0,0,250,0,0,34,0,34
1964:Q3,1237,696,585,144,0,441,0,0,0,0,-44,1237,119,0,0,-52,0,-52,24,-5,0,0,0,98,0,98,345,0,345,306,0,507,0,74,22,0,0,0,0,0,0,-284,0,0,83,0,83
1964:Q4,2720,1350,900,96,0,804,0,0,0,0,470,2720,662,0,0,-151,0,-151,-5,-6,0,0,0,115,0,115,633,0,633,511,0,489,0,148,13,0,0,0,0,0,0,251,0,0,60,0,60
1965:Q1,1514,934,490,120,0,370,0,0,0,0,90,1514,-177,0,0,58,0,58,-1,0,0,0,0,138,0,138,505,0,505,420,0,497,0,185,79,0,0,0,0,0,0,-208,0,0,18,0,18
1965:Q2,1735,1599,66,597,0,-531,0,0,0,0,70,1735,-444,0,0,15,0,15,1,2,0,0,0,169,0,169,659,0,659,458,0,529,0,72,-13,0,0,0,0,0,0,388,0,0,-101,0,-101
1965:Q3,1639,1693,-196,27,0,-223,0,0,0,0,142,1639,296,0,0,-153,0,-153,14,3,0,0,0,177,0,177,719,0,719,362,0,606,0,66,-21,0,0,0,0,0,0,-415,0,0,-15,0,-15
1965:Q4,1629,626,845,73,0,772,0,0,0,0,158,1629,-964,0,0,-195,0,-195,8,2,0,0,0,161,0,161,942,0,942,257,0,669,0,82,-17,0,0,0,0,0,0,542,0,0,142,0,142
1966:Q1,3713,2963,391,43,0,348,0,0,0,0,359,3713,728,0,0,-13,0,-13,-9,4,0,0,0,146,0,146,1182,0,1182,1037,0,719,0,206,58,0,0,0,0,0,0,-551,0,0,206,0,206
1966:Q2,3019,2567,317,61,0,256,0,0,0,0,135,3019,-2,0,0,11,0,11,-11,5,0,0,0,133,0,133,570,0,570,422,0,766,0,64,-24,0,0,0,0,0,0,504,0,0,581,0,581
1966:Q3,2964,2433,424,0,0,424,0,0,0,0,107,2964,1548,0,0,145,0,145,23,5,0,0,0,136,0,136,361,0,361,456,0,757,0,-117,-19,0,0,0,0,0,0,-489,0,0,158,0,158
1966:Q4,2853,2251,468,0,0,468,0,0,0,0,134,2853,-154,0,0,159,0,159,21,3,0,0,0,156,0,156,240,0,240,613,0,697,0,208,-9,0,0,0,0,0,0,650,0,0,269,0,269
1967:Q1,3732,3143,300,203,0,97,0,0,0,0,289,3732,969,0,0,840,0,840,16,8,0,0,0,173,0,173,870,0,870,416,0,806,0,-30,73,0,0,0,0,0,0,-572,0,0,163,0,163
1967:Q2,3489,3619,-367,23,0,-390,0,0,0,0,237,3489,90,0,0,995,0,995,44,8,0,0,0,156,0,156,687,0,687,159,0,773,0,-225,5,0,0,0,0,0,0,536,0,0,261,0,261
1967:Q3,5106,4509,208,35,0,173,0,0,0,0,389,5106,1117,0,0,795,0,795,66,9,0,0,0,175,0,175,994,0,994,418,0,1074,0,16,15,0,0,0,0,0,0,186,0,0,241,0,241
1967:Q4,4515,3387,827,8,0,819,0,0,0,0,301,4515,1814,0,0,179,0,179,40,10,0,0,0,214,0,214,1245,0,1245,131,0,1084,0,-111,35,0,0,0,0,0,0,221,0,0,-347,0,-347
1968:Q1,3055,2602,150,0,0,150,0,0,0,0,303,3055,173,0,0,482,0,482,-5,5,0,0,0,262,0,262,1166,0,1166,383,0,483,0,-190,62,0,0,0,0,0,0,-312,0,0,546,0,546
1968:Q2,3587,3528,-1,176,0,-177,0,0,0,0,60,3587,1223,0,0,344,0,344,-26,3,0,0,0,317,0,317,914,0,914,19,0,675,0,-209,97,0,0,0,0,0,0,-356,0,0,586,0,586
1968:Q3,3473,3301,-62,83,0,-145,0,0,0,0,234,3473,249,0,0,354,0,354,-28,2,0,0,0,320,0,320,671,0,671,227,0,734,0,-88,93,0,0,0,0,0,0,274,0,0,665,0,665
1968:Q4,4459,3462,510,-1,0,511,0,0,0,0,487,4459,1290,0,0,529,0,529,-19,1,0,0,0,272,0,272,949,0,949,16,0,752,0,-115,50,0,0,0,0,0,0,215,0,0,519,0,519
1969:Q1,3114,3437,-640,-124,0,-516,0,0,0,0,317,3114,292,0,0,353,0,353,-2,1,0,0,0,230,0,230,1051,0,1051,-164,0,836,0,247,109,0,0,0,0,0,0,-475,0,0,636,0,636
1969:Q2,3033,3281,-453,-88,0,-385,20,0,0,0,205,3033,387,0,0,11,0,11,-6,0,0,0,0,120,0,120,510,0,510,76,0,973,0,102,-3,0,0,0,0,0,0,650,0,0,213,0,213
1969:Q3,3981,2724,842,6,0,772,64,0,0,0,415,3981,1832,0,0,-101,0,-101,-6,0,0,0,0,260,0,260,312,0,312,539,0,1152,0,320,-30,0,0,0,0,0,0,-524,0,0,227,0,227
1969:Q4,3907,2533,1283,22,0,1250,11,0,0,0,91,3907,1063,0,0,190,0,190,17,2,0,0,0,199,0,199,-146,0,-146,162,0,1033,0,252,-64,0,0,0,0,0,0,710,0,0,489,0,489
1970:Q1,2951,3069,-400,23,0,-1568,207,0,938,0,282,2951,-584,0,0,1379,0,1379,-60,-2,0,0,0,484,0,484,511,0,511,385,0,1059,0,444,-198,0,0,0,0,0,0,-857,0,0,390,0,390
1970:Q2,5956,5728,286,33,0,115,98,0,40,0,-58,5956,1247,0,0,1507,0,1507,35,-4,0,0,0,474,0,474,414,0,414,133,0,1118,0,130,-183,0,0,0,0,0,0,617,0,0,468,0,468
1970:Q3,6427,5360,671,17,0,578,0,0,76,0,396,6427,3739,0,0,-36,0,-36,-5,-4,0,0,0,671,0,671,173,0,173,498,0,1297,0,41,-171,0,0,0,0,0,0,-110,0,0,334,0,334
1970:Q4,7837,5599,1984,25,0,1713,200,0,46,0,254,7837,3342,0,0,637,0,637,322,-5,0,0,0,676,0,676,361,0,361,814,0,1022,0,-20,-72,0,0,0,0,0,0,459,0,0,301,0,301
1971:Q1,7333,5466,1585,415,0,36,115,0,1019,0,282,7333,2242,0,0,2987,0,2987,-279,0,0,0,0,245,0,245,1148,0,1148,-690,0,1219,0,-121,85,0,0,0,0,0,0,16,0,0,481,0,481
1971:Q2,6138,5399,471,88,0,120,264,0,-1,0,268,6138,2771,0,0,1227,0,1227,-26,0,0,0,0,87,0,87,993,0,993,-398,0,1224,0,219,120,0,0,0,0,0,0,-278,0,0,199,0,199
1971:Q3,4901,3583,1006,137,0,929,-84,0,24,0,312,4901,2466,0,0,1320,0,1320,13,1,0,0,0,-7,0,-7,1220,0,1220,-464,0,638,0,-124,141,0,0,0,0,0,0,-679,0,0,376,0,376
1971:Q4,6112,4359,1675,215,0,1243,121,0,96,0,78,6112,155,0,0,564,0,564,-3,0,0,0,0,-40,0,-40,2090,0,2090,723,0,860,0,209,91,0,0,0,0,0,0,1066,0,0,397,0,397
1972:Q1,4994,2775,1736,496,0,671,136,0,433,0,483,4994,366,0,0,2545,0,2545,-14,1,0,0,0,-99,0,-99,1291,0,1291,-123,0,1122,0,267,133,0,0,0,0,0,0,-860,0,0,365,0,365
1972:Q2,5996,3812,1762,137,0,960,128,0,537,0,422,5996,455,0,0,1465,0,1465,-31,1,0,0,0,-190,0,-190,1987,0,1987,885,0,601,0,28,30,0,0,0,0,0,0,-26,0,0,791,0,791
1972:Q3,4347,3037,1438,137,0,721,50,0,530,0,-128,4347,619,0,0,143,0,143,-23,1,0,0,0,-225,0,-225,1343,0,1343,1233,0,1356,0,160,26,0,0,0,0,0,0,-524,0,0,238,0,238
1972:Q4,5297,2563,2481,367,0,1640,60,0,414,0,253,5297,-273,0,0,-147,0,-147,18,1,0,0,0,-208,0,-208,2353,0,2353,-5,0,1152,0,46,51,0,0,0,0,0,0,1629,0,0,680,0,680
1973:Q1,3294,1452,1709,-68,0,1319,150,0,308,0,133,3294,257,0,0,268,0,268,-81,5,0,0,0,-113,0,-113,1176,0,1176,955,0,1365,0,175,167,0,0,0,0,0,0,-1324,0,0,444,0,444
1973:Q2,3734,3047,537,-100,0,246,178,0,213,0,150,3734,-185,0,0,-424,0,-424,25,5,0,0,0,-125,0,-125,1923,0,1923,484,0,1403,0,-111,118,0,0,0,0,0,0,260,0,0,361,0,361
1973:Q3,4103,2657,1225,-19,0,1008,52,0,184,0,221,4103,1965,0,0,-1737,0,-1737,-25,0,0,0,0,-40,0,-40,1661,0,1661,935,0,1432,0,-66,105,0,0,0,0,0,0,-430,0,0,303,0,303
1973:Q4,4378,2003,1921,195,0,1335,170,0,221,0,454,4378,949,0,0,-812,0,-812,38,0,0,0,0,139,0,139,1070,0,1070,-245,0,1010,0,151,46,0,0,0,0,0,0,1848,0,0,184,0,184
1974:Q1,4689,3705,307,65,0,-340,130,0,452,0,677,4689,1864,0,0,276,0,276,-1,1,0,0,0,334,0,334,1474,0,1474,-39,0,1296,0,204,83,0,0,0,0,0,0,-912,0,0,109,0,109
1974:Q2,7460,5386,1601,110,0,1005,7,0,479,0,473,7460,2846,0,0,-516,0,-516,-10,0,0,0,0,535,0,535,1401,0,1401,203,0,1700,0,186,-79,0,0,0,0,0,0,701,0,0,493,0,493
1974:Q3,6754,4192,2147,-10,0,1732,-34,0,459,0,415,6754,2439,0,0,-28,0,-28,12,0,0,0,0,601,0,601,766,0,766,848,0,2161,0,-9,-89,0,0,0,0,0,0,-433,0,0,486,0,486
1974:Q4,10866,6387,3672,-10,0,3234,56,0,392,0,807,10866,6620,0,0,1111,0,1111,12,0,0,0,0,540,0,540,319,0,319,1264,0,939,0,189,-51,0,0,0,0,0,0,45,0,0,-122,0,-122
1975:Q1,12727,9430,1189,45,0,1157,-248,0,235,0,2108,12727,3557,0,0,2578,0,2578,0,-3,0,0,0,505,0,505,2211,0,2211,2104,0,1892,0,243,69,0,0,0,0,0,0,-659,0,0,230,0,230
1975:Q2,9944,8272,451,27,0,587,-251,0,88,0,1221,9944,-1607,0,0,5261,0,5261,34,3,0,0,0,617,0,617,1605,0,1605,1530,0,1668,0,200,-1,0,0,0,0,0,0,679,0,0,-45,0,-45
1975:Q3,6672,3677,1729,118,0,1610,-249,0,250,0,1266,6672,4525,0,0,-2494,0,-2494,-17,3,0,0,0,707,0,707,1747,0,1747,1485,0,1156,0,136,10,0,0,0,0,0,0,-537,0,0,-49,0,-49
1975:Q4,14352,5825,5954,49,0,1589,-251,0,4567,0,2573,14352,4692,0,0,-1316,0,-1316,16,3,0,0,0,351,0,351,3497,0,3497,1783,0,1731,0,161,11,0,0,0,0,0,0,1720,1050,0,653,0,653
1976:Q1,9160,6471,334,171,0,-313,-124,0,600,0,2355,9160,-2940,0,0,6271,0,6271,-71,19,0,0,0,1407,0,1407,3899,0,3899,533,0,1289,0,-108,117,0,0,0,0,0,0,-1557,70,0,231,0,231
1976:Q2,8668,4957,2364,266,0,1474,24,0,600,0,1347,8668,2472,0,0,-1411,0,-1411,9,27,0,0,0,1007,0,1007,3396,0,3396,478,0,1781,0,149,58,0,0,0,0,0,0,212,70,0,420,0,420
1976:Q3,10158,5697,1882,174,0,635,-27,0,1100,0,2579,10158,4133,0,0,-85,0,-85,-12,11,0,0,0,1118,0,1118,4326,0,4326,-1507,0,1360,0,83,41,0,0,0,0,0,0,309,70,0,311,0,311
1976:Q4,10658,5706,2703,161,0,1728,-57,0,871,0,2249,10658,5080,0,0,78,0,78,0,12,0,0,0,382,0,382,5222,0,5222,-1171,0,296,0,225,-24,0,0,0,0,0,0,135,179,0,244,0,244
1977:Q1,7460,5402,1503,49,0,857,-32,0,629,0,555,7460,1209,0,0,2265,0,2265,-10,50,0,0,0,-442,0,-442,4220,0,4220,-127,0,-243,0,130,-97,0,0,0,0,0,0,-200,171,0,534,0,534
1977:Q2,9886,3696,4523,687,0,3071,-35,0,800,0,1667,9886,-113,0,0,-1693,0,-1693,-1,61,0,0,0,3326,0,3326,4907,0,4907,1127,0,262,0,182,-180,0,0,0,0,0,0,363,210,0,1435,0,1435
1977:Q3,9627,6104,1643,257,0,679,7,0,700,0,1880,9627,631,0,0,-60,0,-60,42,-1,0,0,0,832,0,832,3454,0,3454,323,0,2918,0,549,-178,0,0,0,0,0,0,-102,280,0,939,0,939
1977:Q4,13471,7675,4847,716,0,3493,-27,0,665,0,949,13471,2094,0,0,-1957,0,-1957,126,-3,0,0,0,-34,0,-34,6126,0,6126,2985,0,2643,0,205,-90,0,0,0,0,0,0,-2,244,0,1134,0,1134
1978:Q1,7608,4445,1825,55,0,1642,-107,0,235,0,1338,7608,-1765,0,0,2299,0,2299,45,20,0,0,0,685,0,685,4407,0,4407,803,0,1200,0,-155,68,0,0,0,0,0,0,28,-244,0,217,0,217
1978:Q2,9751,6417,2157,524,0,1353,-20,0,300,0,1177,9751,-1505,0,0,-666,0,-666,16,21,0,0,0,169,0,169,5176,0,5176,4109,0,2286,0,-130,71,0,0,0,0,0,0,-299,-210,0,713,0,713
1978:Q3,6329,5169,678,168,0,101,9,0,400,0,482,6329,-3584,0,0,595,0,595,53,70,0,0,0,456,0,456,3661,0,3661,2294,0,2501,0,-119,88,0,0,0,0,0,0,17,-210,0,507,0,507
1978:Q4,8675,5085,2610,96,0,1998,-78,0,594,0,980,8675,1069,0,0,-455,0,-455,28,71,0,0,0,465,0,465,3992,0,3992,1229,0,2766,0,-275,40,0,0,0,0,0,0,-408,-234,0,387,0,387
1979:Q1,6919,4368,1672,187,0,704,-25,0,806,0,879,6919,-896,0,0,1054,0,1054,120,4,0,0,0,295,0,295,4276,0,4276,1047,0,150,0,244,86,0,0,0,0,0,0,88,304,0,147,0,147
1979:Q2,6936,5292,1107,269,0,15,23,0,800,0,537,6936,-444,0,0,-3433,0,-3433,19,6,0,0,0,526,0,526,3036,0,3036,3247,0,1874,0,586,-21,0,0,0,0,0,0,493,350,0,697,0,697
1979:Q3,5843,3866,254,665,0,-1101,-110,0,800,0,1723,5843,-5450,0,0,1822,0,1822,453,51,0,0,0,719,0,719,2472,0,2472,3230,0,1430,0,24,-27,0,0,0,0,0,0,-142,350,0,911,0,911
1979:Q4,8251,3782,3907,521,0,2803,79,0,504,0,562,8251,4649,0,0,-1596,0,-1596,-461,48,0,0,0,456,0,456,1714,0,1714,3180,0,-514,0,-50,-12,0,0,0,0,0,0,-311,155,0,993,0,993
1980:Q1,8436,5945,2386,-25,0,1499,16,0,896,0,105,8436,-7552,0,0,2053,0,2053,-4,98,0,0,0,-401,0,-401,4687,0,4687,3864,0,3177,0,810,3,0,0,0,0,0,0,-513,55,0,2159,0,2159
1980:Q2,16208,11170,4129,572,0,2482,75,0,1000,0,909,16208,836,0,0,2241,0,2241,-109,155,0,0,0,822,0,822,1081,0,1081,3426,0,4326,146,-396,19,0,0,0,0,0,0,1546,0,0,2115,0,2115
1980:Q3,9768,7344,2339,30,0,1382,-73,0,1000,0,85,9768,856,0,0,-1263,0,-1263,21,140,0,0,0,-67,0,-67,1794,0,1794,3957,0,1187,29,1370,12,0,0,0,0,0,0,-798,70,0,2460,0,2460
1980:Q4,4655,3196,1356,-57,0,534,14,0,865,0,103,4655,-5424,0,0,3424,0,3424,136,55,0,0,0,-342,0,-342,1080,0,1080,2786,0,546,-90,12,-15,0,0,0,0,0,0,190,3,0,2294,0,2294
1981:Q1,6189,6038,-164,-330,0,-526,57,0,635,0,315,6189,-1862,0,0,-873,0,-873,137,-36,0,0,0,552,0,552,2050,0,2050,1956,0,709,-34,441,185,0,0,0,0,0,0,197,-143,0,2910,0,2910
1981:Q2,11281,7632,2310,-238,0,491,-38,0,2095,0,1339,11281,1061,0,0,-2143,0,-2143,209,-121,0,0,0,493,0,493,2748,0,2748,1117,0,3861,285,1146,-95,0,0,0,0,0,0,586,-39,0,2173,0,2173
1981:Q3,7208,4472,1755,-373,0,174,49,0,1905,0,981,7208,-1083,0,0,-298,0,-298,-198,-142,0,0,0,327,0,327,1451,0,1451,1400,0,1966,62,923,-90,0,0,0,0,0,0,-540,39,0,3391,0,3391
1981:Q4,15274,6619,5803,332,0,3296,-14,0,2189,0,2852,15274,5468,0,0,369,0,369,634,-97,0,0,0,1318,0,1318,975,0,975,1131,0,2028,201,-218,-43,0,0,0,0,0,0,1131,112,0,2265,0,2265
1982:Q1,11603,7910,2868,-328,0,3290,-5,0,-89,0,825,11603,-1293,0,0,1526,0,1526,192,-68,0,0,0,188,0,188,3789,0,3789,3222,0,1223,245,-567,287,0,0,0,0,0,0,83,-672,0,3448,0,3448
1982:Q2,6747,5100,1290,-122,0,1364,-5,0,53,0,357,6747,-6867,0,0,-1166,0,-1166,245,-52,0,0,0,9,0,9,4049,0,4049,2390,0,2414,-206,-18,56,0,0,0,0,0,0,646,-697,0,5944,0,5944
1982:Q3,15886,7980,4653,664,0,1047,-5,0,2947,0,3253,15886,4809,0,0,1934,0,1934,203,-43,0,0,0,-205,0,-205,2921,0,2921,3606,0,-871,-171,-611,64,0,0,0,0,0,0,1098,277,0,2875,0,2875
1982:Q4,18323,9676,6466,819,0,2376,-5,0,3276,0,2181,18323,2461,0,0,6395,0,6395,111,-37,0,0,0,-459,0,-459,5307,0,5307,2679,0,-965,-172,-952,31,0,0,0,0,0,0,671,280,0,2973,0,2973
1983:Q1,9540,6197,2756,189,0,930,3,46,1424,164,587,9540,-3761,0,125,5922,0,5922,175,-37,0,0,0,-821,0,-821,4884,0,4884,3997,0,-192,-55,365,-291,0,0,0,0,0,0,-1880,35,0,1074,0,1074
1983:Q2,14529,11123,2354,-90,0,46,3,28,2165,202,1052,14529,-4068,0,125,7502,0,7502,159,-33,0,0,0,-1299,0,-1299,5414,0,5414,1432,0,-575,60,953,17,0,0,0,0,0,0,3095,16,0,1731,0,1731
1983:Q3,11901,4621,6727,44,1789,1756,3,48,2935,152,553,11901,8550,0,250,-1423,0,-1423,428,-24,0,0,0,-1287,0,-1287,4030,0,4030,4324,0,-4798,6,442,45,0,0,0,0,0,0,-401,579,0,1180,0,1180
1983:Q4,10796,4042,5865,-272,1206,1261,3,255,3657,-245,889,10796,1146,0,500,2996,0,2996,549,-6,0,0,0,-790,0,-790,2244,0,2244,2967,0,-4007,-109,1212,15,0,0,0,0,0,0,1215,625,0,2239,0,2239
1984:Q1,6768,8222,-1141,-106,1755,2200,517,-249,-6057,799,-313,6768,-11973,0,781,7213,25,7188,553,1,0,0,0,453,0,453,6124,0,6124,1310,0,-504,110,472,-6,0,0,0,0,0,0,-184,-275,0,2693,0,2693
1984:Q2,18563,8442,9329,2107,1750,-441,525,209,5288,-109,792,18563,5218,0,1094,-1590,62,-1652,769,10,0,0,0,1266,0,1266,6615,0,6615,-4639,0,6949,22,844,37,0,0,0,0,8,0,-311,-158,0,2429,0,2429
1984:Q3,26227,13795,12022,-282,1750,3996,526,178,5712,142,410,26227,-475,0,1156,3852,13,3839,975,24,0,0,0,1281,0,1281,5377,0,5377,8169,0,1785,38,-896,-292,0,0,0,0,397,0,1304,508,0,3024,0,3024
1984:Q4,37474,17619,12931,3775,-1451,3810,576,556,5781,-116,6924,37474,-2521,0,969,6508,-63,6571,823,45,0,0,0,1148,0,1148,5380,0,5380,10613,0,1418,251,606,-136,0,0,0,0,-567,0,4922,521,0,7494,0,7494
1985:Q1,28271,18500,9177,1840,4369,520,224,-689,2219,694,594,28271,21381,0,844,-1032,12,-1044,1050,53,0,0,0,1356,0,1356,8146,0,8146,-6184,0,-7328,67,1149,65,0,0,0,0,254,0,-1655,389,0,9716,0,9716
1985:Q2,40452,22135,16246,1405,3585,7245,230,166,2886,729,2071,40452,9005,0,781,4248,-19,4267,1473,99,0,0,0,2494,0,2494,9421,0,9421,-3973,0,4501,-73,1367,-85,0,0,0,0,1089,0,5090,440,0,4575,0,4575
1985:Q3,31292,19073,11622,2371,3341,151,240,74,4714,731,597,31292,3513,0,719,474,142,332,1540,113,0,0,0,2102,0,2102,8852,0,8852,-4565,0,4472,172,1015,208,0,0,0,0,2481,0,2063,1100,0,7033,0,7033
1985:Q4,44527,23468,9852,3459,-7015,6831,183,720,5684,-10,11207,44527,13328,0,656,2077,-144,2221,1194,97,0,0,0,2233,0,2233,11118,0,11118,-11472,0,3118,2,2525,160,0,0,0,0,-95,0,3684,1127,0,14775,0,14775
1986:Q1,62956,35958,30655,1789,15981,8499,125,-352,3816,797,-3657,62956,17263,0,578,3188,602,2586,188,53,0,0,0,3168,0,3168,11856,0,11856,9273,0,-904,-207,3276,145,0,0,0,0,1468,0,4455,-637,0,9793,0,9793
1986:Q2,61142,39270,22601,1892,7328,5934,540,706,5147,1054,-729,61142,15207,0,484,6287,607,5680,1947,36,0,0,0,3930,0,3930,10702,0,10702,5104,0,1808,370,6678,445,0,0,0,0,46,0,-1476,-534,0,10108,0,10108
1986:Q3,49450,28332,20307,2479,6163,5060,613,-374,5512,854,811,49450,-8178,0,453,10436,1012,9424,2738,25,0,0,0,3908,0,3908,9449,0,9449,9813,0,4096,395,3274,428,0,0,0,0,4307,0,-843,237,0,8912,0,8912
1986:Q4,49658,23556,20084,975,7902,6787,3491,2075,129,-1275,6018,49658,8196,0,485,5564,1113,4451,1962,20,0,0,0,3103,0,3103,8491,0,8491,2496,0,6661,234,4799,422,0,0,0,0,-738,0,-1811,-326,0,10100,0,10100
1987:Q1,58031,25141,32504,3302,18101,5957,359,-445,4405,825,386,58031,17984,0,516,3121,-84,3205,930,24,0,0,0,2350,0,2350,14634,0,14634,-543,0,1522,-69,7122,113,0,0,0,0,892,0,1137,500,0,7798,0,7798
1987:Q2,39204,17721,21881,-282,10536,5681,2404,388,3047,107,-398,39204,13289,0,547,7063,-68,7131,2524,29,0,0,0,1649,0,1649,18493,0,18493,-3238,0,-3010,29,-389,353,0,0,0,0,-436,0,-2759,348,0,4712,0,4712
1987:Q3,49856,20551,27874,842,11452,9107,2123,682,3525,143,1431,49856,15459,0,516,7870,236,7634,-486,9,0,0,0,1524,0,1524,17514,0,17514,45,0,-4036,-66,1734,757,0,0,0,0,2522,0,1111,2,0,5381,0,5381
1987:Q4,18077,15352,-4237,1187,713,-11127,1922,-774,2233,1609,6962,18077,-15932,0,421,11180,24,11156,1202,-39,0,0,0,1977,0,1977,15830,0,15830,-152,0,5972,502,-3538,921,0,0,0,0,2725,0,-3875,156,0,727,0,727
1988:Q1,40796,25497,11527,-131,11689,-2083,486,250,806,510,3772,40796,2270,0,313,10675,-1951,12626,200,-172,0,0,0,2272,0,2272,19557,0,19557,-2953,0,2151,1242,-710,1851,0,0,0,0,1371,0,2650,-702,0,781,0,781
1988:Q2,52027,31063,21094,1307,8177,6858,537,1829,3195,-809,-130,52027,-2145,0,188,13735,3532,10203,256,-291,0,0,0,2408,0,2408,15256,0,15256,-379,0,9774,-752,1873,3222,0,0,0,0,2803,0,1662,-82,0,4499,0,4499
1988:Q3,35617,24979,9331,210,6362,1406,47,184,551,571,1307,35617,-1395,0,188,5056,2177,2879,-620,-289,0,0,0,2600,0,2600,15468,0,15468,5938,0,13,-168,-610,2924,0,0,0,0,-597,0,1874,153,0,5082,0,5082
1988:Q4,33246,21578,24739,223,23132,-327,720,2006,321,-1336,-13071,33246,-10719,0,311,-1228,1174,-2402,-370,-117,0,0,0,2848,0,2848,18419,0,18419,2964,2,6746,-175,2233,2448,0,0,0,0,1246,0,3567,733,0,4338,0,4338
1989:Q1,26189,14571,10315,-593,9672,-2486,732,2132,665,193,1303,26189,-7577,0,438,-762,2817,-3579,-1099,-7,0,0,0,3195,0,3195,11942,0,11942,56,3,7527,380,1173,862,0,0,0,0,1074,0,2925,-39,0,6098,0,6098
1989:Q2,32718,21398,9625,749,-947,7941,266,1216,181,219,1695,32718,3128,0,563,-3976,782,-4758,308,-8,0,0,0,3642,0,3642,18826,0,18826,3459,3,4103,717,-377,-1169,0,0,0,0,2121,0,-356,-70,0,1804,0,1804
1989:Q3,24307,15837,6887,-131,-605,5772,201,-737,1025,1362,1583,24307,4142,0,563,-3454,776,-4230,2191,19,0,0,0,3635,0,3635,10190,0,10190,3718,3,136,504,394,748,0,0,0,0,1139,0,-352,-271,0,1002,0,1002
1989:Q4,34961,22041,12644,-646,9905,4421,-245,3655,-1346,-3100,276,34961,5059,0,436,-3638,128,-3766,1888,31,0,0,0,3172,0,3172,11989,0,11989,4934,5,2619,-163,286,-318,0,0,0,0,1729,0,1514,1235,0,4183,0,4183
1990:Q1,22581,6883,7140,-1246,7336,1978,-248,-1494,-1205,2019,8558,22581,-2497,0,313,815,1952,-1137,1393,802,0,0,0,2794,0,2794,13041,0,13041,2774,9,2619,402,2763,1664,0,0,0,0,-163,0,-5895,587,0,1160,0,1160
1990:Q2,37794,16456,16431,-2554,12977,6214,471,-1464,-2317,3104,4907,37794,6613,0,188,-4187,-3044,-1143,998,-811,125,125,0,2501,0,2501,16196,0,16196,7616,10,-1621,1228,1870,-1090,0,0,0,0,2160,0,3719,-1466,0,3745,0,3745
1990:Q3,11148,7449,3209,-1680,9303,693,-854,3487,-5812,-1928,490,11148,322,0,188,-5943,-201,-5742,1093,-11,125,125,0,2324,0,2324,14694,0,14694,5008,9,-4763,-2606,124,-640,0,0,0,0,1556,0,42,-467,0,93,0,93
1990:Q4,49247,16300,25541,4127,14092,7878,689,977,-1891,-331,7406,49247,37802,0,311,-2832,2717,-5549,2939,3,125,125,0,2262,0,2262,11162,0,11162,4314,46,-6696,-783,417,-853,0,0,0,0,1893,0,-1836,209,0,764,0,764
1991:Q1,38378,19164,16085,-998,9114,4036,476,1132,1057,1268,3129,38378,12738,0,422,-4358,-1335,-3023,-202,56,100,100,0,2679,0,2679,10410,0,10410,7315,25,-5849,426,8383,-608,0,0,0,0,2095,0,289,-363,0,4820,0,4820
1991:Q2,45856,24136,18969,-233,12099,2980,-308,1733,-269,2967,2751,45856,11889,0,516,-5341,1072,-6413,-736,150,134,134,0,2222,0,2222,15446,0,15446,2842,13,-2244,874,8765,-116,0,0,0,0,2290,0,4466,-905,0,5591,0,5591
1991:Q3,36837,20409,12517,-2206,15207,651,-466,58,-1929,1202,3911,36837,-13106,0,547,8431,-335,8766,1754,70,133,133,0,1766,0,1766,5440,0,5440,6881,12,7567,-408,5282,-586,0,0,0,0,5296,0,3839,127,0,3792,0,3792
1991:Q4,40459,15059,7674,286,-2476,7165,166,788,233,1512,17726,40459,4341,0,515,2441,1363,1078,2932,-179,78,78,0,1309,0,1309,-4003,0,-4003,4043,15,3101,995,12642,-329,0,0,0,0,5158,0,3388,27,0,3985,0,3985
1992:Q1,36506,19115,24892,-1440,16313,2052,1131,686,2441,3709,-7501,36506,-6040,0,453,-1850,-1205,-645,-1644,29,98,98,0,668,0,668,12451,0,12451,6603,21,5542,-2,11861,1303,0,0,0,0,-629,151,3822,-381,0,4050,0,4050
1992:Q2,42928,19441,18500,1918,12912,3096,-1160,3418,-2871,1187,4987,42928,2772,0,859,-3660,-3665,5,35,116,136,136,0,-158,0,-158,16732,0,16732,4810,17,3969,1295,8903,571,0,0,0,0,-2702,198,2889,183,0,5963,0,5963
1992:Q3,41150,15437,21800,2035,14244,431,-29,-398,1884,3633,3913,41150,-11781,0,853,4269,-528,4797,1119,18,116,116,0,-243,0,-243,13684,0,13684,9494,25,-4850,461,7566,726,0,0,0,0,3157,294,10594,521,0,5127,0,5127
1992:Q4,44045,13576,19598,2700,9176,3278,341,-1012,1953,3162,10871,44045,11202,0,735,5070,-1614,6684,-748,79,13,13,0,411,0,411,14876,0,14876,6726,21,7510,742,-823,1640,0,0,0,0,2079,374,-7331,-19,0,1488,0,1488
1993:Q1,104333,57858,26601,239,15067,1720,100,-2371,3665,8181,19874,104333,27143,0,1224,4788,2114,2674,1078,88,40,40,0,1008,0,1008,20273,0,20273,8049,21,3815,1162,14737,1460,0,1000,1000,0,3795,37,8993,-56,1000,4678,0,4678
1993:Q2,83869,46484,21235,1829,14732,803,-1160,3431,-629,2229,16150,83869,24532,0,1505,189,-2593,2782,-626,18,-168,-168,0,1540,0,1540,13301,0,13301,3355,31,4684,1408,17907,1460,0,2000,2000,0,2377,77,1149,900,1000,7230,0,7230
1993:Q3,112992,44077,37549,-109,23234,7522,-473,3665,570,3140,31366,112992,27013,0,1510,4243,368,3875,1246,48,86,86,0,1581,0,1581,18032,0,18032,12311,38,10399,1725,5627,1460,0,4000,4000,0,4106,-79,10750,943,1000,6953,0,6953
1993:Q4,86409,34958,37464,127,26268,2456,125,7315,1123,50,13987,86409,33338,0,1416,82,3017,-2935,432,78,732,732,0,1131,0,1131,12555,0,12555,2949,28,3237,1198,6558,1460,0,4053,4053,0,3338,79,1295,107,1000,11343,0,11343
1994:Q1,75363,36190,38839,-215,22979,6408,-270,-2476,-278,12691,334,75363,20209,0,1372,6689,3196,3493,-912,56,-47,-47,0,1757,0,1757,18504,0,18504,-4120,33,-5638,2288,20084,-1092,0,2047,2047,0,815,303,3953,180,1000,7882,0,7882
1994:Q2,49232,22260,27724,-116,14032,8539,-751,66,1652,4302,-752,49232,24112,0,1393,-1818,-778,-1040,1670,125,-383,-383,0,1757,0,1757,8840,0,8840,492,9,-3865,-23,5348,-1092,0,2100,2100,0,2001,288,-9549,109,7000,10718,0,10718
1994:Q3,46508,13895,26308,913,11001,9363,151,-1905,301,6484,6305,46508,9667,0,1396,-4161,-2103,-2058,1647,-200,738,738,0,1756,0,1756,15822,0,15822,-452,11,8106,730,-2092,-1092,0,2100,2100,0,1680,258,-961,319,500,10736,0,10736
1994:Q4,53120,18234,32371,2005,16328,7432,-686,4836,5912,-3456,2515,53120,34677,0,1402,-4242,-815,-3427,524,-97,16,16,0,1757,0,1757,15041,0,15041,-2766,-1,1522,620,-7398,-1092,0,2689,2689,0,3093,263,-2137,-749,1500,8498,0,8498
1995:Q1,54873,12098,38916,71,8505,20077,19,-7385,4456,13173,3859,54873,16921,0,1682,-5329,-2104,-3225,1096,-2,107,107,0,3367,0,3367,20461,0,20461,5271,9,4565,-48,-8508,1356,0,3249,3249,0,4963,-45,-6669,375,0,12052,0,12052
1995:Q2,81736,25001,41646,1405,20663,10633,44,-26,3399,5528,15089,81736,-6787,0,2295,2088,3561,-1473,672,7,1198,1198,0,3200,0,3200,28547,0,28547,3598,15,3911,1625,13545,1356,0,3080,3080,0,2008,-85,8675,19,2000,10769,0,10769
1995:Q3,80482,9624,54168,1535,35224,8423,25,524,4329,4108,16690,80482,32683,0,1595,1970,71,1899,1396,-287,-233,-233,0,3301,0,3301,8485,0,8485,1465,19,1670,2103,8641,1356,0,-2173,-2173,0,708,23,426,291,4000,13043,0,13043
1995:Q4,84206,17912,45047,-357,26072,13508,139,1932,2165,1588,21247,84206,2117,0,1768,-4280,-1656,-2624,-657,201,954,954,0,3289,0,3289,31133,0,31133,3918,28,-43,2742,3836,1356,0,5775,5773,2,5290,602,9242,-101,3750,13286,0,13286
1996:Q1,77055,22689,40337,1695,17613,7485,139,-7940,3559,17786,14029,77055,10934,0,3808,1261,868,393,-1557,-25,174,174,0,2394,0,2394,8894,0,8894,4982,32,8337,3127,14739,466,0,-519,-531,12,1545,813,-1376,-342,3531,15837,0,15837
1996:Q2,85869,26251,54164,2644,31156,11500,196,3289,1980,3399,5454,85869,27842,0,3186,-2491,-1636,-855,119,-63,330,330,0,8915,0,8915,5335,0,5335,3605,2,4896,454,13186,466,0,-2425,-2413,-12,1401,723,-331,1222,3719,15778,0,15778
1996:Q3,57211,16092,19850,346,7687,5430,233,1419,1499,3236,21269,57211,-21489,0,2389,-4300,-3120,-1180,1608,-75,1036,1036,0,5806,0,5806,23526,0,23526,-3332,18,2634,-304,16172,466,0,-422,-426,4,4116,641,2924,669,4313,20815,0,20815
1996:Q4,87718,23779,38082,2637,12742,12355,731,1213,3604,4800,25857,87718,-12950,0,1502,-9232,-3287,-5945,1681,44,540,540,0,1178,0,1178,37015,0,37015,-2602,5,6313,-805,12459,466,0,11510,11509,1,8394,-624,11899,1299,1235,18391,0,18391
1997:Q1,32851,27498,30,1099,-5694,-5857,1472,-714,-1698,11422,5323,32851,-41522,0,-2399,210,-2584,2794,-88,0,641,328,313,3034,0,3034,15395,0,15395,8777,4,10380,2617,11782,-9,0,-47,-82,35,133,699,6450,1803,-1989,16980,0,16980
1997:Q2,101400,35482,53143,1777,12049,23088,1941,8734,6282,-728,12775,101400,11588,0,2526,1401,-2035,3436,-552,39,85,-27,112,4891,0,4891,31120,0,31120,7096,6,7867,1301,6095,-9,0,1198,1191,7,6832,1030,-1921,1366,1016,18425,0,18425
1997:Q3,101466,50918,18137,1047,14208,-20745,5936,-1718,6537,12872,32411,101466,28385,0,289,-861,-1728,867,450,90,288,232,56,5279,0,5279,9434,0,9434,8305,10,3629,4977,24575,-9,0,-4525,-4529,4,-6396,-178,7714,112,-431,20329,0,20329
1997:Q4,82211,14760,58394,6892,27512,8200,5497,1757,1538,6998,9057,82211,-17993,0,1049,7240,-104,7344,1376,14,-1191,-1145,-46,5714,0,5714,30835,0,30835,9441,24,11244,3773,6849,-9,0,9412,9288,124,9151,387,-6528,1742,-2017,11698,0,11698
1998:Q1,151176,72353,66274,3683,16293,11632,8162,-258,8835,17927,12549,151176,38554,0,1535,5105,6821,-1716,1260,-45,723,676,47,4321,0,4321,19691,0,19691,1569,26,10136,8585,23968,1171,0,-922,-941,19,6862,1571,5518,2269,-3527,22806,0,22806
1998:Q2,206011,83441,92794,1264,52716,14200,7863,5002,5579,6170,29776,206011,58223,0,4106,14203,4252,9951,-2962,98,2454,2036,418,2393,0,2393,13617,0,13617,-729,16,9540,23937,25083,1171,0,5431,5452,-21,3285,311,2942,-768,6930,36730,0,36730
1998:Q3,56884,25154,38257,1425,30299,-9344,2487,-649,6779,7260,-6527,56884,-25860,0,1988,12054,547,11507,1422,166,2069,2109,-40,1951,0,1951,13127,0,13127,4518,45,10407,9207,13105,1171,0,8543,8550,-7,-9503,-848,-9844,1635,2458,19073,0,19073
1998:Q4,88136,34734,60358,3893,33950,7675,3228,3098,5881,2633,-6956,88136,-43956,0,5675,29026,7768,21258,4367,291,591,457,134,2900,0,2900,14058,0,14058,14581,52,4972,5135,28021,1171,0,11567,11477,90,6440,-1537,-16541,-3873,-1394,26589,0,26589
1999:Q1,151913,48986,102911,962,29036,29075,6259,-7777,9316,36040,16,151913,58002,0,2858,2455,7357,-4902,-5712,-377,426,289,137,1432,0,1432,22939,0,22939,5708,18,7381,7464,2212,109,0,6043,6038,5,10373,-326,7663,-666,-7844,31756,0,31756
1999:Q2,135279,62285,66246,938,32213,18966,-1545,-4574,9170,11078,6748,135279,-4123,0,2595,27562,1814,25748,-693,-176,1290,1247,43,5309,0,5309,13576,0,13576,11014,6,1036,7452,23990,883,0,1615,1572,43,3987,141,4080,1453,7459,26824,0,26824
1999:Q3,107773,67044,35838,1479,6864,15215,788,4441,8430,-1379,4891,107773,-3341,0,2630,8499,725,7774,-2288,-57,224,189,35,1804,0,1804,7321,0,7321,7143,-10,22677,16993,4354,-168,0,8047,8011,36,-1531,-217,-4131,44,-7362,47142,0,47142
1999:Q4,-17231,23762,-39741,432,-49953,1418,2865,-9314,3169,11642,-1252,-17231,-155595,0,4040,22777,1827,20950,3243,106,-2181,-2102,-79,1496,0,1496,-285,0,-285,19238,-27,-656,12006,6320,963,0,13092,13139,-47,14139,4026,4267,228,3924,31647,0,31647
2000:Q1,89597,43170,36051,2482,748,16820,1158,11107,8128,-4392,10376,89597,-23834,0,2873,-2939,-4351,1412,614,-95,3437,2834,603,1400,48,1352,21479,0,21479,-8304,-36,15262,20008,5511,427,0,3491,3463,28,2756,69,17755,-1325,-9988,41036,0,41036
2000:Q2,71416,31488,55248,3286,194,36865,1381,-169,7744,5947,-15320,71416,31795,0,2265,1034,950,84,-656,10,275,90,185,1224,48,1176,6042,0,6042,-15901,-8,-15292,9324,-6649,-508,0,11881,11889,-8,2096,334,-517,-1660,7346,38981,0,38981
2000:Q3,103182,39309,45114,2943,10863,24181,1082,6341,2112,-2408,18759,103182,35576,0,2885,28989,3489,25500,653,328,-2541,-2562,21,3210,48,3162,15623,0,15623,-21275,12,909,-2748,-11238,-1167,0,7718,7721,-3,7764,-1122,5093,457,-7210,41266,0,41266
2000:Q4,82157,25483,49238,5400,39844,-4928,-764,-1644,8535,2795,7436,82157,54460,0,2217,19852,7872,11980,6999,63,313,266,47,1530,48,1482,11101,0,11101,-31453,58,3308,-2425,-26823,-1417,0,-3964,-10636,6672,6168,840,-6497,-167,1000,46994,0,46994
2001:Q1,130735,98713,10108,3320,-50591,32461,2854,-5937,16593,11408,21914,130735,-27200,0,2537,1584,6456,-4872,-3207,755,4220,3765,455,1934,75,1859,38070,22,38048,1120,276,-17592,19104,1855,-1718,0,8719,8477,242,3901,-1193,7580,291,19681,70018,0,70018
2001:Q2,164235,121612,66624,-633,48608,8585,-2304,8906,-3108,6570,-24001,164235,18582,0,3841,9703,-4899,14602,19141,-304,3456,2980,476,342,75,267,29881,22,29859,-8951,89,-18491,2263,9703,-1493,0,16012,14704,1308,-7210,-521,8337,-550,4672,75734,0,75734
2001:Q3,89980,33660,78438,2553,47037,14525,1874,3151,10545,-1247,-22118,89980,-31369,0,1595,11697,-3157,14854,2649,214,3329,3156,173,3620,75,3545,29716,22,29694,-5170,383,3908,7039,-9226,-2116,0,9602,9385,217,6413,-237,16105,-176,10888,31116,0,31116
2001:Q4,131426,42244,83520,415,68327,12493,2218,-4721,-681,5469,5662,131426,1724,0,3827,15382,19762,-4380,13663,-51,2768,2440,328,3605,75,3530,27979,-1127,29106,-9632,409,-2392,-3745,2826,1528,0,-9731,-11934,2203,15906,2025,10756,2516,10608,41455,0,41455
2002:Q1,147819,41077,95850,-2519,70209,8582,658,-3918,423,22415,10892,147819,4107,0,2173,1507,-5768,7275,-5757,-143,2469,2830,-361,1808,225,1583,31839,4541,27298,8432,-22,-1992,1338,31808,3270,0,12424,13076,-652,-4192,23,10914,-1232,11552,37493,0,37493
2002:Q2,160705,30929,128018,245,88556,24666,4524,4380,7051,-1404,1758,160705,91153,0,2136,-13456,-9495,-3961,219,174,1966,1623,343,468,227,241,16200,3653,12547,15646,108,-2479,-9481,4662,-1269,0,10353,11011,-658,4525,1356,13191,-1246,-12319,38798,0,38798
2002:Q3,61846,-14640,68219,-1033,45774,12748,5288,3809,1614,19,8267,61846,48714,0,1615,6142,6768,-626,2907,-262,2898,2749,149,-2639,227,-2866,31425,4647,26778,-327,362,-40861,13257,-26525,-2244,1648,10074,11152,-1078,9271,893,-10691,472,-2732,18449,2649,15800
2002:Q4,119055,8681,108466,2551,74183,17973,3547,-5990,6764,9438,1908,119055,86532,0,3568,562,694,-132,1648,-51,472,370,102,-2742,228,-2970,23699,6595,17104,-11979,105,-27255,2732,10165,316,105,682,2414,-1732,8496,-2404,7238,-461,-10854,28481,3014,25467
2003:Q1,143984,7013,157942,1929,105720,16763,3540,9608,17975,2407,-20971,143984,-14001,0,-57,5352,10125,-4773,3970,-307,8322,8143,179,1914,1633,281,50348,2419,47929,3666,314,-23188,11085,8090,5431,163,9702,9497,205,8559,4626,-14249,4773,16274,53197,7967,45230
2003:Q2,168660,45535,102565,1996,42455,26210,4285,-4057,24341,7335,20560,168660,-49087,0,-2576,-14605,-1449,-13156,3739,888,3366,4172,-806,-1128,1700,-2828,50271,2595,47676,4247,3,-12891,30846,33118,14616,364,1754,1231,523,16114,-1311,15457,5272,11386,58817,8811,50006
2003:Q3,94597,29954,81300,800,42516,25585,6721,2465,2450,763,-16657,94597,-78470,0,4404,9285,6930,2355,-5538,-85,-4492,-4395,-97,4666,1770,2896,28438,2624,25814,6639,5711,10689,-2503,11771,8213,-101,4444,7438,-2994,18629,3042,13409,-8795,14049,51192,19973,31219
2003:Q4,202312,4925,160813,1742,91266,39382,9283,-1649,15915,4874,36574,202312,-55754,0,6770,33477,15664,17813,-2084,-139,-190,12,-202,8279,1843,6436,30811,2731,28080,6659,333,15770,432,33885,3361,204,17644,19864,-2220,9982,2029,19954,72,13223,57594,20240,37354
2004:Q1,184532,8250,150711,517,98015,10102,10594,12987,13181,5315,25571,184532,24440,0,2030,1750,-9381,11131,10693,186,2917,2194,723,7046,1521,5525,36309,6127,30182,3170,-54,-1229,-6797,37386,1431,383,36154,36178,-24,-4871,5345,-8114,-285,-7384,44026,20550,23476
2004:Q2,126222,-17500,142055,3357,118624,5930,8724,618,7218,-2416,1667,126222,-6365,0,2950,-4372,-3951,-421,-8736,-251,-1959,-1758,-201,6496,1570,4926,33048,7132,25916,-3087,198,20171,9889,-27263,3557,143,38537,38051,486,-9972,4247,25778,-454,-10679,54346,23340,31006
2004:Q3,216183,-3927,174240,1526,134929,7685,3450,8301,21911,-3562,45870,216183,25537,0,7279,33091,10520,22571,5338,-178,-4915,-4264,-651,3515,1622,1893,31888,7287,24601,-4132,-240,-22000,-6515,3171,187,195,40855,41828,-973,4174,4825,2320,-256,5218,86826,42749,44077
2004:Q4,186249,-7263,158404,7467,52712,50408,39140,-6660,2450,12887,35108,186249,-140447,0,-8227,16108,11413,4695,16892,90,5547,5388,159,4361,1674,2687,29774,9076,20698,-3561,475,77782,2426,22600,3330,245,76443,2932,73511,2955,3087,1362,2329,-1655,74333,44251,30082
2005:Q1,240720,-5630,228383,4449,166090,32112,12038,2789,7177,3728,17967,240720,30553,0,3528,27725,18971,8754,35227,-211,3061,2966,95,7911,3610,4301,37316,13852,23464,2334,45,1796,-12645,3716,2206,593,9655,7923,1732,-7809,3351,24259,-837,12079,56867,43693,13174
2005:Q2,223335,-19785,214172,623,159813,15677,16399,-1306,14972,7994,28948,223335,26881,0,6248,24709,17211,7498,15815,222,-1491,-820,-671,4076,3836,240,15364,14564,800,6859,103,-15919,-3605,18873,-77,341,20426,18709,1717,4339,5208,19182,8612,-12581,79750,47739,32011
2005:Q3,123388,-3677,105515,1924,122857,-37881,7225,7000,4865,-475,21550,123388,-43841,0,13878,19300,14453,4847,29488,-199,-8343,-7642,-701,5320,4078,1242,19409,14686,4723,6478,-1497,17545,12507,2730,484,638,18054,16105,1949,-48343,6040,4532,-10439,-13276,92923,46255,46668
2005:Q4,207425,-8214,189740,6510,124929,33718,-2828,-8359,19424,16346,25899,207425,51608,0,2032,-4005,10139,-14144,-1244,-339,5514,5419,95,686,4335,-3649,9067,17747,-8680,5087,115,-1543,17117,-1915,-880,366,2740,747,1993,-676,3603,37858,-1085,-15596,98915,10869,88046
2006:Q1,282515,12842,228862,4034,183612,4452,10871,8775,15034,2084,40811,282515,10211,0,-2298,22759,16801,5958,9017,-219,7593,6765,828,8161,2821,5340,20129,6196,13933,5929,294,3026,15046,47789,3254,408,7468,5933,1535,-3047,3598,13447,-191,7528,102613,40274,62339
2006:Q2,294844,25721,196695,7437,144524,20925,2531,1633,12741,6904,72428,294844,64988,0,8315,20436,7960,12476,10717,-442,-1561,-1551,-10,6415,2946,3469,15280,3837,11443,5929,-11,9951,16833,18551,3218,515,5980,4559,1421,-10652,4684,14326,654,-9863,110581,52241,58340
2006:Q3,203813,12994,103960,4220,93835,-8600,3535,1242,7569,2159,86859,203813,-57991,0,2744,9044,-5904,14948,441,-4,-1511,-1617,106,-440,3076,-3516,13618,2703,10915,5929,68,9567,46572,17479,-1370,432,-2464,-3689,1225,-6341,-554,1791,2454,6283,158066,77110,80956
2006:Q4,282838,25350,199202,13865,139803,25646,-3035,-5223,17680,10466,58286,282838,-41856,0,8054,19603,13324,6279,8080,277,8084,7806,278,1866,3211,-1345,-2603,11157,-13760,5929,771,15630,25515,42976,724,1004,5077,3739,1338,1325,4848,16569,2288,-11044,169721,77368,92353
2007:Q1,305952,26316,208228,4779,172493,-13329,15532,14864,17019,-3130,71408,305952,-102205,0,9053,21348,4566,16782,22890,-29,9864,8953,911,3811,2139,1672,18123,7897,10226,3049,159,25549,25765,20911,298,895,11273,13050,-1777,4300,-957,44332,-2132,9210,180445,81779,98666
2007:Q2,303869,50126,148737,7036,99312,-3765,-3760,9963,39902,49,105006,303869,-104120,0,-1838,27521,19102,8419,33768,108,2332,2492,-160,8141,2195,5946,13873,8717,5156,3049,374,39770,41359,24989,3305,1727,8230,8274,-44,2834,3283,27687,-616,-10262,178355,71837,106518
2007:Q3,431639,22167,352565,5094,283729,24056,-4716,-7342,27609,24135,56907,431639,245614,0,8173,77653,24767,52886,3955,321,951,1513,-562,3628,2253,1375,15480,6639,8841,3049,-1013,3933,-12674,42282,1608,1303,-20668,-25482,4814,3982,-27345,-3507,3962,82187,-1235,-18286,17051
2007:Q4,149616,26220,120215,7911,86994,-9778,-6310,-21470,32393,30475,3181,149616,92406,0,-40,25011,66902,-41891,16745,-303,-2146,-2175,29,-8901,2312,-11213,-4062,10188,-14250,3049,448,59097,-38661,-498,1150,2272,-16222,-15914,-308,-6599,-4342,-36403,18079,-17487,67023,5444,61579
2008:Q1,12242,20435,25904,190,-21135,30410,-23592,15566,31612,-7147,-34097,12242,-8790,0,744,1485,13159,-11674,15034,194,-3776,-3702,-74,-4905,-1934,-2971,3114,-4199,7313,-11772,278,3175,21885,728,-303,3012,-3534,-190,-3344,9002,-10503,-13787,-936,12884,-987,3717,-4704
2008:Q2,86068,73082,10127,-490,-60224,-15219,-913,4112,78554,4307,2859,86068,64542,0,1442,-5900,-21108,15208,-24241,-52,-217,-334,117,-3039,-1887,-1152,11189,-11070,22259,-11772,-68,22558,-16703,64237,-3476,3627,-23210,-18375,-4835,-584,-1384,-89264,2239,27885,68259,-43532,111791
2008:Q3,-129969,15663,-53993,-8244,3453,-8744,-12006,-7555,-36871,15974,-91639,-129969,134291,0,8412,-31943,-15404,-16539,-4089,-177,-5290,-4989,-301,2515,-1842,4357,-7154,1632,-8786,-11772,-79,-5301,-97244,-23276,-250,2675,-32971,-28966,-4005,-2711,160,-32149,1548,38964,-64128,-86439,22311
2008:Q4,-171239,16677,-111797,8597,-111960,-56088,-23784,20141,63019,-11722,-76119,-171239,185535,0,-9061,-26814,-45724,18910,45532,69,-6650,-6537,-113,-8700,-1798,-6902,-7576,-1210,-6366,-11772,-1100,-39136,-59228,-88463,-1140,4577,-18029,-16843,-1186,-2693,-8586,-86814,-3051,-3149,-24990,19540,-44530
2009:Q1,4535,91012,-117929,-14535,-90522,-16444,-19085,-15028,14238,23447,31452,4535,164657,0,-4278,35300,-32166,67466,-49797,-318,-19379,-19110,-269,14766,-2501,17267,-39924,-2854,-37070,22547,-304,-26501,-28239,11839,-434,6611,-23154,-30548,7394,7331,717,-19091,-8212,-2495,-37107,-108261,71154
2009:Q2,-18092,66964,-134556,-2795,-90860,-50009,-3253,15098,3942,-6679,49500,-18092,-27490,372,-3239,25243,242,25001,-48620,1283,-581,-628,47,-8639,-2429,-6210,1881,-6238,8119,22547,-10,-3340,-2549,53988,-618,6653,9426,9380,46,5044,410,2674,-2547,-804,-49176,-26081,-23095
2009:Q3,-30415,23028,-87419,-6868,-97292,-3716,-4174,6888,16212,1531,33976,-30415,-103280,174,-5244,14997,-3037,18034,-14377,867,174,140,34,8287,-2358,10645,18351,-3997,22348,22547,-94,-3992,-30829,63585,-715,6847,-144,19,-163,-4849,741,20293,3640,-3792,-23602,-16221,-7381
2009:Q4,-41190,29078,-127109,-4274,-81149,-16799,-131,-11174,-33175,19593,56841,-41190,-68006,14,3150,-50394,-12761,-37633,-44998,-337,658,783,-125,8124,-2290,10414,18697,-5827,24524,22547,201,3758,1671,109038,37,7528,-34721,-34149,-572,-1275,489,19785,-2130,-17637,-17389,-16857,-532
2010:Q1,99264,46592,10730,-18093,112297,-71247,8900,-599,-29546,9018,41942,99264,51757,21,2155,-43393,-35072,-8321,-7797,-579,-1196,-1105,-91,7088,-1490,8578,31219,-5823,37042,6893,185,383,6330,62898,-125,5059,-831,-12544,11713,-12979,2200,6033,2578,6590,-25225,-16508,-8717
2010:Q2,-95175,25799,-129162,17289,-100361,-24141,-6386,8655,-23982,-236,8188,-95175,-25598,71,-7670,-23139,-25565,2426,17403,-877,-757,-738,-19,6032,-1461,7493,16055,-2666,18721,6893,-152,-6003,-6841,-13697,447,5100,-9458,-10600,1142,-1319,517,-4718,-16292,-4917,-26255,-15844,-10411
2010:Q3,33128,68777,-55333,-22031,-94089,-11477,2011,-4792,61834,13211,19684,33128,-237545,105,2214,-4436,-14424,9988,111248,-12,-8839,-7937,-902,6602,-1433,8035,25942,-4565,30507,6893,456,9794,-8664,98202,528,8442,-6986,-10120,3134,-1594,1052,1991,24848,-6160,9047,-9334,18381
2010:Q4,-53805,46021,-137610,-32660,-78642,-5764,-3525,33607,-25438,-25188,37784,-53805,14453,123,11607,-27264,-12991,-14273,-130270,50,-26083,-25285,-798,4608,-1405,6013,12601,-1743,14344,6893,91,7803,-6818,64087,692,114,-12287,-13253,966,-289,3015,26554,-3825,-5330,5670,-3862,9532
2011:Q1,20277,24594,-65469,-4281,-70990,-18078,7474,-1484,11987,9903,61152,20277,-55490,-1,-976,-16788,-9032,-7756,-13799,5286,-219,-182,-37,7721,1604,6117,28706,13985,14721,6161,14,839,745,78060,387,5780,-7254,-8656,1402,902,2788,14530,2082,-25772,-13425,-14497,1072
2011:Q2,112107,54529,-28664,-5578,-33752,-5792,-72,-18173,8111,26592,86242,112107,116955,0,-5784,-7074,-13109,6035,8263,-644,-171,-161,-10,8665,1639,7026,12389,12848,-459,6161,181,-10838,-484,25869,222,6752,-6968,-7541,573,1099,1391,-16861,114,-4706,-22424,-13735,-8689
2011:Q3,-38063,42430,-80070,-20254,-50955,-369,-1252,-10854,-15659,19273,-423,-38063,119062,-66,-4150,19684,939,18745,26043,-702,-260,-225,-35,12604,1676,10928,14400,11510,2890,6161,542,-13660,-48132,-64259,384,8509,-6134,-7247,1113,1792,523,-55636,-18628,-10914,-25226,-8882,-16344
2011:Q4,-16870,37493,-57589,12617,-29142,-15469,1400,-7382,-35414,15801,3226,-16870,44704,-21,6294,6637,-3594,10231,-21937,-351,332,317,15,2948,-1992,4940,14088,16508,-2420,6161,912,29667,-2178,-626,13,12608,-10422,-8735,-1687,-4027,-1242,-29961,-3746,-16283,-50440,-7943,-42497
2012:Q1,18019,76916,-22979,-14457,-22935,-8747,9104,6189,5637,2230,-35918,18019,-75023,-25,-4156,-32314,-4159,-28155,-18975,122,542,611,-69,6616,1278,5338,24827,-7971,32798,22755,569,5157,-2245,77174,307,15634,-7950,-5832,-2118,-868,3052,43340,-1432,-11364,-27724,-12001,-15723
2012:Q2,-85810,59957,-153626,-21108,-33723,-22896,6024,4122,-90342,4297,7859,-85810,-22347,-11,-3971,-3044,6036,-9080,7484,-276,60,128,-68,7230,1410,5820,-32102,4144,-36246,22755,208,7437,-5744,15885,699,12334,-19666,-10508,-9158,1096,1555,-20427,7792,-7060,-55697,-5010,-50687
2012:Q3,379924,102720,184866,-7673,-39644,-2488,4074,-16308,222178,24727,92338,379924,219762,-97,873,14286,-1433,15719,5805,409,-567,-440,-127,3966,516,3450,23275,-3829,27104,22755,267,2022,-4404,74223,1803,11385,-8409,-7098,-1311,-3635,2329,4615,3814,-11184,16631,-11262,27893
2012:Q4,123127,114687,-39883,-6852,-19309,-48108,7228,4332,18739,4087,48323,123127,-28379,-27,-3487,12091,-1578,13669,-7773,575,50,165,-115,7524,909,6615,12538,-3996,16534,22755,695,10104,9063,60179,2199,8242,-13970,-7738,-6232,-6184,1439,1635,250,-13445,47053,-6285,53338
2013:Q1,90838,44502,-12500,-9111,-2044,-4980,2559,-1059,-7343,9478,58836,90838,-102700,-44,8606,-3112,-2383,-729,-15141,469,1255,1145,110,10283,2583,7700,30514,3251,27263,12661,-287,351,779,84153,4315,7125,-5735,-5597,-138,-2558,3787,18539,171,2434,34973,-5731,40704
2013:Q2,-66313,55989,-112141,-38699,-183782,-3718,135862,13962,-30223,-5543,-10161,-66313,-191672,-20,6853,2679,-631,3310,-174,225,1113,1050,63,10730,2765,7965,23644,2860,20784,12661,-248,26194,-12410,2710,4549,2602,-11312,-11173,-139,-1274,-2951,-1404,3321,6867,51004,-9267,60271
2013:Q3,109886,111437,-42906,-25087,-33491,6059,9623,-6946,-8429,15365,41355,109886,-39872,-13,848,13310,2622,10688,4424,95,64,112,-48,3757,1459,2298,16204,3337,12867,12661,-257,10179,-1689,49469,639,5528,-29563,-29447,-116,113,360,1238,-394,-1091,63876,-1144,65020
2013:Q4,144748,44366,50630,-1453,-45882,6852,28050,16277,54644,-7858,49752,144748,-40662,-5,6030,2511,-828,3339,-5156,179,310,285,25,1782,1264,518,38901,4754,34147,12661,657,23443,13077,48278,292,4404,-12794,-12630,-164,-1819,55,-4849,-201,-2871,60525,-2728,63253
2014:Q1,72032,64256,-12544,-5685,-36413,-18905,29890,10327,10150,-1908,20320,72032,-16471,-2,-1754,-18946,-5828,-13118,-2255,513,511,502,9,6232,2943,3289,19975,4030,15945,17523,-748,3449,-13408,32821,-218,8445,-6192,-6072,-120,2762,-1142,-2980,-2248,12100,34065,-979,35044
2014:Q2,184860,73517,24287,-1337,-2836,9454,11267,-9346,-680,17765,87056,184860,64257,-19,-6096,606,1229,-623,-3990,-240,-104,-76,-28,162,1730,-1568,24941,4126,20815,17523,186,18179,-22750,68201,-244,7618,-10715,-10512,-203,-473,-1590,2977,-856,-4799,32086,-403,32489
2014:Q3,102043,50010,20703,-10671,19765,771,4252,10521,-1833,-2102,31330,102043,-11514,0,-4311,-20697,-4102,-16595,-2393,-485,-640,-535,-105,12069,3495,8574,18624,5541,13083,17523,-70,13050,4765,16028,398,4094,-7942,-7775,-167,-1614,36,552,4501,-1120,61189,-6254,67443
2014:Q4,138843,96452,27185,-1658,3665,11713,1449,-22,3597,8441,15206,138843,27468,0,4492,1532,68,1464,-3355,-378,1065,967,98,4452,2314,2138,12618,16768,-4150,17523,634,-1326,7147,-7674,335,15028,-5995,-5805,-190,3880,1074,-20940,492,-1473,82244,5586,76658
2015:Q1,135532,107812,23271,-3804,22480,2744,261,-16466,-6829,24885,4449,135532,-46382,0,2869,732,-1320,2052,-4552,18,1147,1139,8,1405,1267,138,16022,-1019,17041,1442,63,21367,-10873,30717,589,14930,-9642,-9454,-188,-5963,4295,197,-5309,3477,118983,1,118982
2015:Q2,146980,161231,-10813,-4608,906,-26701,-2224,28382,13395,-19963,-3438,146980,-121972,-20,5608,-5788,-2836,-2952,-7198,128,152,93,59,8902,1859,7043,21922,-780,22702,1442,218,5347,-286,90172,316,894,-8320,-8120,-200,5737,1955,3078,4314,-5231,145610,4357,141253
2015:Q3,12434,84013,-9531,-3312,-37725,5906,-3028,-407,20209,8826,-62048,12434,217,-17,-1939,-10887,-3888,-6999,12636,-78,-112,-45,-67,4600,1467,3133,29120,-871,29991,1442,282,6908,-1114,-40919,162,6412,-7640,-7453,-187,-824,253,-14052,-10,4442,23552,-693,24245
2015:Q4,1524,47135,-20711,2244,-19395,5138,-2772,-4090,-14345,12509,-24900,1524,-72781,0,10192,3935,-3854,7789,-11670,486,302,323,-21,4325,1188,3137,24522,3748,20774,1442,764,3560,-2812,-10442,-9,14916,-5536,-5352,-184,3216,549,-3791,-2374,-4066,46796,-7052,53848
2016:Q1,103381,130320,33285,9389,-24210,-16408,20710,-11834,35385,20253,-60224,103381,64961,0,-5215,4727,-5984,10711,6001,87,298,265,33,5810,652,5158,31651,3682,27969,4406,-101,8438,-11636,-16918,130,19697,-7103,-6929,-174,-747,-1622,-33515,-1103,7883,27252,-6625,33877
2016:Q2,57447,78717,-21460,5805,-36049,-22835,3966,-8454,19234,16873,190,57447,-63873,0,-3139,368,-4580,4948,10043,290,18,25,-7,3403,1012,2391,32840,3489,29351,4406,123,-34361,-19999,23447,1644,13352,-3897,-3727,-170,11249,283,7801,1361,-6662,78750,-5494,84244
2016:Q3,222160,78642,87152,-14160,-31934,-16752,588,14630,140991,-6211,56366,222160,36793,0,4817,6673,-10562,17235,-24244,35,-179,-180,1,7467,474,6993,25475,3527,21948,4406,414,-16877,-20838,61082,563,21670,-7274,-7099,-175,3356,-76,2573,1524,-2666,117466,-2136,119602
2016:Q4,-24576,-16177,-77025,-17018,-22383,-15688,-3440,3502,-26915,4917,68626,-24576,-159743,0,9611,-15225,-5552,-9673,-9831,642,378,389,-11,115,51,64,8758,-2221,10979,4406,256,-11714,-5258,33910,827,8645,-4890,-4740,-150,-3911,1746,16158,370,-2609,102783,-4167,106950
2017:Q1,163887,110902,-10062,-7408,-27967,-23912,4909,577,35897,7842,63047,163887,-35642,0,2869,19292,-2750,22042,-5698,128,147,69,78,-1708,352,-2060,26034,590,25444,17505,103,-3642,1636,64639,573,25152,-5805,-5696,-109,-3238,1153,5625,-841,4855,50750,-6220,56970
2017:Q2,153474,73221,35007,-2618,-5937,-11405,-966,36101,47514,-27682,45246,153474,-30360,0,-2515,-20340,-5123,-15217,-1729,-28,-462,-404,-58,3318,600,2718,11798,463,11335,17505,94,-13042,394,11373,85,26064,-3641,-3522,-119,-3067,-560,-3987,16506,751,145317,-2840,148157
2017:Q3,146723,67277,35479,-711,-1274,6010,3184,9703,19851,-1284,43967,146723,12667,0,1236,-2210,-5368,3158,922,-62,-627,-653,26,2648,675,1973,23101,644,22457,17505,63,2804,2535,34230,-32,21779,-5042,-4921,-121,-3743,265,-10072,-20397,-1242,70395,-74,70469
2017:Q4,143548,33874,-30332,-24300,4757,-22625,14520,10146,-11103,-1727,140006,143548,10314,0,6079,-12825,-5509,-7316,5965,132,-69,-130,61,7947,872,7075,16326,528,15798,17505,84,-11546,-2683,27421,252,16299,-2532,-2430,-102,-577,507,8572,2071,-728,55034,-1328,56362
2018:Q1,128417,53915,5838,10534,-5815,3072,1733,-10074,-12105,18493,68664,128417,-43918,0,3125,-6232,-3168,-3064,-2702,-20,561,518,43,5545,1199,4346,25469,4049,21420,12138,-52,19923,-694,96235,16,5102,-341,-231,-110,974,4589,6283,814,-67,1669,-3873,5542
2018:Q2,62473,2064,18020,2998,6899,19539,-1509,-8242,-18326,16661,42389,62473,-13270,0,9367,-6676,-981,-5695,73,-53,-47,-105,58,17948,4120,13828,28596,5462,23134,12138,88,-30297,-290,48174,48,12962,-2081,-1977,-104,-1451,3038,3908,693,-639,-19756,-239,-19517
2018:Q3,125305,62481,36367,4968,-6034,28020,8903,8546,-7909,-127,26457,125305,-30756,0,3679,11594,-2773,14367,-1976,8,-741,-698,-43,16300,3742,12558,22757,4633,18124,12138,67,5280,2570,20561,93,14440,-853,-739,-114,1398,4794,3508,-336,808,39972,941,39031
2018:Q4,49707,29933,18283,-6249,3315,969,21922,8105,-10093,314,1491,49707,173214,0,-1546,-36605,1720,-38325,4006,0,623,489,134,16839,3866,12973,48058,8980,39078,12138,-54,-2426,-2648,-61012,345,1130,-2713,-2615,-98,-5431,-1046,-10370,3289,-1992,-84092,519,-84611
2019:Q1,74511,88610,44722,-5976,10162,-20053,12905,-2116,39265,10535,-58821,74511,-101672,0,1011,44472,1894,42578,-12559,4,880,872,8,10683,2456,8227,38379,6625,31754,15310,318,-11320,1200,27996,748,23472,-495,-406,-89,-3466,-3659,-6132,748,1528,47065,-1836,48901
2019:Q2,149362,77805,44164,-2663,3180,-15012,19527,23964,30713,-15545,27393,149362,133420,0,-4595,-3902,1560,-5462,2358,4670,-146,-101,-45,11222,2580,8642,45789,7440,38349,-20068,286,-71525,3022,22052,621,18358,-703,-616,-87,-2759,-1336,-9662,3188,868,18204,752,17452
2019:Q3,167897,91874,65419,-10298,42350,10740,18893,-22519,-4685,30938,10604,167897,8748,0,-1200,5142,1787,3355,-3266,3215,132,102,30,13551,3115,10436,46460,7149,39311,23713,386,-23069,4407,7303,479,23869,-746,-649,-97,2610,-1575,10268,2071,885,44514,-3415,47929
2019:Q4,97311,-700,2852,286,18876,-18390,17962,-9348,-24301,17767,95159,97311,33440,0,714,-1621,1066,-2687,-15659,-222,257,292,-35,-725,-169,-556,4457,2229,2228,20638,44,-26562,2409,21124,179,27980,-723,-630,-93,3126,3166,-13867,-1004,-3108,43268,1443,41825
2020:Q1,210205,189799,179394,11625,50066,25787,-9444,82923,92941,-74504,-158988,210205,112436,0,7718,-33616,5641,-39257,36467,3479,2641,2548,93,16881,3939,12942,70053,10544,59509,8623,-1145,21678,-4747,5885,1531,-10609,-1114,-1037,-77,1857,-13747,8232,-158,5852,-27992,-8788,-19204
2020:Q2,605039,437676,103131,4819,-16322,564,36422,-77181,69229,85600,64232,605039,130462,0,6007,33611,1722,31889,-21358,-989,-418,-386,-32,11446,2670,8776,27561,6951,20610,36454,705,14120,-1055,117071,-326,73780,36,114,-78,4091,-7236,-8641,2814,2134,184770,-3510,188280
2020:Q3,91069,86255,-41885,4154,-2110,-24220,8434,-14288,-36562,22707,46699,91069,-207783,0,-7566,32701,-2070,34771,-3964,-55,432,376,56,12083,2821,9262,62880,9975,52905,16903,819,-11213,3594,100062,-157,48701,-721,-653,-68,1471,-3971,13154,-6524,-506,40729,13118,27611
2020:Q4,157435,27291,31917,8570,2927,-601,5783,18448,6819,-10029,98227,157435,52383,0,631,-30537,-1407,-29130,-4349,1353,-49,8,-57,6594,1538,5056,34602,4371,30231,28451,492,-17256,-3703,52274,468,43130,-757,-669,-88,2301,-441,-9985,639,4875,-3681,28021,-31702
2021:Q1,261461,118842,-25456,4877,2891,-9114,7288,12458,-39817,-4039,168075,261461,-112081,0,8587,122198,5333,116865,2078,2,3198,3058,140,15033,3262,11771,34098,7113,26985,5373,185,-11195,-78,76629,-96,27079,-490,-418,-72,1476,-493,16168,5130,606,68054,18400,49654
