date,FL764090005.Q,FL763025000.Q,FL763013005.Q,FL762050005.Q,LM764022005.Q,FL763069175.Q,LM763061100.Q,LM763061705.Q,LM763061803.Q,LM763061503.Q,LM763061603.Q,LM763061403.Q,LM763061795.Q,LM763062000.Q,LM763063005.Q,LM763063673.Q,LM763063653.Q,LM763063663.Q,LM763063693.Q,LM763063095.Q,FL764023005.Q,FL763068005.Q,FL763069703.Q,FL763065005.Q,FL763066000.Q,LM763064105.Q,LM763064203.Q,FL763040005.Q,LM763092000.Q,FL763090005.Q,FL764190005.Q,FL764110005.Q,FL713022003.Q,FL713068715.Q,FL764112005.Q,FL764116005.Q,FL763127005.Q,FL763123005.Q,FL763128000.Q,FL763129205.Q,FL763122605.Q,FL763130005.Q,FL762150005.Q,FL764122005.Q,FL763169175.Q,FL763163005.Q,FL763169305.Q,FL763178003.Q,FL763190005.Q,FL763194735.Q,FL763193005.Q,FL763066303.Q,FL763139105.Q
1945:Q4,166943,1869,15915,2,112424,210,103721,886,8,0,0,0,878,4063,3544,0,0,0,0,3544,31333,14373,123,14336,2501,166,0,0,23,5211,156780,941,578,202,-119,280,101444,24510,5284,70261,1389,53074,13,125,125,0,205,338,640,0,640,0,ND
1946:Q1,ND,ND,ND,ND,ND,ND,ND,ND,ND,ND,ND,ND,ND,ND,ND,ND,ND,ND,ND,ND,ND,ND,ND,ND,ND,ND,ND,ND,ND,ND,ND,ND,ND,ND,ND,ND,ND,ND,ND,ND,ND,ND,ND,ND,ND,ND,ND,ND,ND,ND,ND,ND,ND
1946:Q2,ND,ND,ND,ND,ND,ND,ND,ND,ND,ND,ND,ND,ND,ND,ND,ND,ND,ND,ND,ND,ND,ND,ND,ND,ND,ND,ND,ND,ND,ND,ND,ND,ND,ND,ND,ND,ND,ND,ND,ND,ND,ND,ND,ND,ND,ND,ND,ND,ND,ND,ND,ND,ND
1946:Q3,ND,ND,ND,ND,ND,ND,ND,ND,ND,ND,ND,ND,ND,ND,ND,ND,ND,ND,ND,ND,ND,ND,ND,ND,ND,ND,ND,ND,ND,ND,ND,ND,ND,ND,ND,ND,ND,ND,ND,ND,ND,ND,ND,ND,ND,ND,ND,ND,ND,ND,ND,ND,ND
1946:Q4,160030,2046,16139,5,98066,304,88563,1046,11,0,0,0,1035,4458,3695,0,0,0,0,3695,40635,17506,182,18683,4264,180,0,0,26,2933,148882,-205,580,16,-599,-202,87683,2989,6159,77119,1416,59530,22,183,183,0,301,354,1014,0,1014,0,ND
1947:Q1,ND,ND,ND,ND,ND,ND,ND,ND,ND,ND,ND,ND,ND,ND,ND,ND,ND,ND,ND,ND,ND,ND,ND,ND,ND,ND,ND,ND,ND,ND,ND,ND,ND,ND,ND,ND,ND,ND,ND,ND,ND,ND,ND,ND,ND,ND,ND,ND,ND,ND,ND,ND,ND
1947:Q2,ND,ND,ND,ND,ND,ND,ND,ND,ND,ND,ND,ND,ND,ND,ND,ND,ND,ND,ND,ND,ND,ND,ND,ND,ND,ND,ND,ND,ND,ND,ND,ND,ND,ND,ND,ND,ND,ND,ND,ND,ND,ND,ND,ND,ND,ND,ND,ND,ND,ND,ND,ND,ND
1947:Q3,ND,ND,ND,ND,ND,ND,ND,ND,ND,ND,ND,ND,ND,ND,ND,ND,ND,ND,ND,ND,ND,ND,ND,ND,ND,ND,ND,ND,ND,ND,ND,ND,ND,ND,ND,ND,ND,ND,ND,ND,ND,ND,ND,ND,ND,ND,ND,ND,ND,ND,ND,ND,ND
1947:Q4,166792,2216,17899,86,93721,366,82927,1067,12,0,0,0,1055,5344,4017,0,0,0,0,4017,50112,20988,209,22926,5989,146,0,0,29,2583,154906,-134,535,34,-484,-219,89926,1343,6900,80459,1224,63064,23,211,211,0,432,244,1140,0,1140,0,ND
1948:Q1,ND,ND,ND,ND,ND,ND,ND,ND,ND,ND,ND,ND,ND,ND,ND,ND,ND,ND,ND,ND,ND,ND,ND,ND,ND,ND,ND,ND,ND,ND,ND,ND,ND,ND,ND,ND,ND,ND,ND,ND,ND,ND,ND,ND,ND,ND,ND,ND,ND,ND,ND,ND,ND
1948:Q2,ND,ND,ND,ND,ND,ND,ND,ND,ND,ND,ND,ND,ND,ND,ND,ND,ND,ND,ND,ND,ND,ND,ND,ND,ND,ND,ND,ND,ND,ND,ND,ND,ND,ND,ND,ND,ND,ND,ND,ND,ND,ND,ND,ND,ND,ND,ND,ND,ND,ND,ND,ND,ND
1948:Q3,ND,ND,ND,ND,ND,ND,ND,ND,ND,ND,ND,ND,ND,ND,ND,ND,ND,ND,ND,ND,ND,ND,ND,ND,ND,ND,ND,ND,ND,ND,ND,ND,ND,ND,ND,ND,ND,ND,ND,ND,ND,ND,ND,ND,ND,ND,ND,ND,ND,ND,ND,ND,ND
1948:Q4,169704,1978,20479,91,87771,298,75561,2049,66,0,0,0,1983,5732,4131,0,0,0,0,4131,56896,22754,207,26694,7241,157,0,0,32,2300,157222,-313,541,33,-630,-257,89377,2338,7399,78138,1502,65521,17,210,210,0,509,292,1609,0,1609,0,ND
1949:Q1,ND,ND,ND,ND,ND,ND,ND,ND,ND,ND,ND,ND,ND,ND,ND,ND,ND,ND,ND,ND,ND,ND,ND,ND,ND,ND,ND,ND,ND,ND,ND,ND,ND,ND,ND,ND,ND,ND,ND,ND,ND,ND,ND,ND,ND,ND,ND,ND,ND,ND,ND,ND,ND
1949:Q2,ND,ND,ND,ND,ND,ND,ND,ND,ND,ND,ND,ND,ND,ND,ND,ND,ND,ND,ND,ND,ND,ND,ND,ND,ND,ND,ND,ND,ND,ND,ND,ND,ND,ND,ND,ND,ND,ND,ND,ND,ND,ND,ND,ND,ND,ND,ND,ND,ND,ND,ND,ND,ND
1949:Q3,ND,ND,ND,ND,ND,ND,ND,ND,ND,ND,ND,ND,ND,ND,ND,ND,ND,ND,ND,ND,ND,ND,ND,ND,ND,ND,ND,ND,ND,ND,ND,ND,ND,ND,ND,ND,ND,ND,ND,ND,ND,ND,ND,ND,ND,ND,ND,ND,ND,ND,ND,ND,ND
1949:Q4,174516,2015,16563,74,93377,261,79894,2095,34,0,0,0,2061,6634,4493,0,0,0,0,4493,59836,21553,218,29598,8467,157,0,0,36,2458,161353,-1,534,8,-564,21,90165,3071,7645,78325,1124,68381,9,220,220,0,427,336,1816,0,1816,0,ND
1950:Q1,ND,ND,ND,ND,ND,ND,ND,ND,ND,ND,ND,ND,ND,ND,ND,ND,ND,ND,ND,ND,ND,ND,ND,ND,ND,ND,ND,ND,ND,ND,ND,ND,ND,ND,ND,ND,ND,ND,ND,ND,ND,ND,ND,ND,ND,ND,ND,ND,ND,ND,ND,ND,ND
1950:Q2,ND,ND,ND,ND,ND,ND,ND,ND,ND,ND,ND,ND,ND,ND,ND,ND,ND,ND,ND,ND,ND,ND,ND,ND,ND,ND,ND,ND,ND,ND,ND,ND,ND,ND,ND,ND,ND,ND,ND,ND,ND,ND,ND,ND,ND,ND,ND,ND,ND,ND,ND,ND,ND
1950:Q3,ND,ND,ND,ND,ND,ND,ND,ND,ND,ND,ND,ND,ND,ND,ND,ND,ND,ND,ND,ND,ND,ND,ND,ND,ND,ND,ND,ND,ND,ND,ND,ND,ND,ND,ND,ND,ND,ND,ND,ND,ND,ND,ND,ND,ND,ND,ND,ND,ND,ND,ND,ND,ND
1950:Q4,185694,2174,17681,68,89475,368,74381,1887,18,0,0,0,1869,8205,4634,0,0,0,0,4634,73314,27212,315,35147,10640,181,0,0,42,2759,171587,1059,1368,67,-436,60,95691,2806,8114,83457,1314,70955,17,318,318,0,810,453,2284,0,2284,0,ND
1951:Q1,ND,ND,ND,ND,ND,ND,ND,ND,ND,ND,ND,ND,ND,ND,ND,ND,ND,ND,ND,ND,ND,ND,ND,ND,ND,ND,ND,ND,ND,ND,ND,ND,ND,ND,ND,ND,ND,ND,ND,ND,ND,ND,ND,ND,ND,ND,ND,ND,ND,ND,ND,ND,ND
1951:Q2,ND,ND,ND,ND,ND,ND,ND,ND,ND,ND,ND,ND,ND,ND,ND,ND,ND,ND,ND,ND,ND,ND,ND,ND,ND,ND,ND,ND,ND,ND,ND,ND,ND,ND,ND,ND,ND,ND,ND,ND,ND,ND,ND,ND,ND,ND,ND,ND,ND,ND,ND,ND,ND
1951:Q3,ND,ND,ND,ND,ND,ND,ND,ND,ND,ND,ND,ND,ND,ND,ND,ND,ND,ND,ND,ND,ND,ND,ND,ND,ND,ND,ND,ND,ND,ND,ND,ND,ND,ND,ND,ND,ND,ND,ND,ND,ND,ND,ND,ND,ND,ND,ND,ND,ND,ND,ND,ND,ND
1951:Q4,197943,2697,20056,8,89139,427,72967,1825,18,0,0,0,1807,9333,4587,0,0,0,0,4587,83189,32124,392,39702,10971,227,0,0,50,2577,183007,591,1184,19,-976,364,102435,3359,8528,89481,1067,75666,11,396,396,0,911,615,2382,0,2382,0,ND
1952:Q1,198778,2420,20276,160,89218,461,72627,1698,41,0,0,0,1657,9722,4710,0,0,0,0,4710,83626,31701,366,40535,11024,248,0,0,50,2780,183793,324,710,157,-977,434,101580,5560,8843,86143,1034,77397,235,370,370,0,589,721,2577,0,2577,0,ND
1952:Q2,201333,2396,19381,12,89471,400,72503,1565,48,0,0,0,1517,10089,4914,0,0,0,0,4914,86843,32596,333,42000,11914,276,0,0,52,2902,186051,-47,581,44,-1147,475,102076,5837,8822,86277,1140,79634,38,336,336,0,653,691,2670,0,2670,0,ND
1952:Q3,206590,2530,20581,420,90836,493,73072,1938,38,0,0,0,1900,10474,4859,0,0,0,0,4859,88886,32560,363,43599,12364,289,0,0,54,2994,191156,1025,738,355,-476,408,103807,6180,8385,87790,1452,81061,424,367,367,0,715,803,2954,0,2954,0,ND
1952:Q4,212159,2753,19950,26,92477,472,74556,2159,32,0,0,0,2127,10524,4766,0,0,0,0,4766,93401,34826,394,44996,13185,336,0,0,59,3157,196461,509,967,127,-985,400,107542,4941,8910,92416,1275,83530,46,398,398,0,864,801,2771,0,2771,0,ND
1953:Q1,211599,2550,20148,489,90269,425,71948,2112,59,0,0,0,2053,10938,4846,0,0,0,0,4846,94680,34157,364,46148,14011,350,0,0,61,3052,195829,982,810,690,-969,451,104072,5530,8996,88390,1156,85461,623,368,368,0,611,720,2992,0,2992,0,ND
1953:Q2,211142,2590,19561,34,87994,331,70135,1675,60,0,0,0,1615,10923,4930,0,0,0,0,4930,97268,34305,342,47918,14703,371,0,0,63,3261,195016,200,601,54,-934,479,101818,3634,9350,87746,1088,88158,44,346,346,0,718,634,3098,0,3098,0,ND
1953:Q3,217577,2650,19309,222,92066,431,73636,1882,78,0,0,0,1804,11091,5026,0,0,0,0,5026,99669,34782,412,49565,14910,392,0,0,66,3203,201140,974,685,329,-576,536,104799,5870,8832,89048,1049,89709,233,416,416,0,801,744,3464,0,3464,0,ND
1953:Q4,222163,2512,20160,5,95004,477,74555,3698,71,0,0,0,3627,11249,5025,0,0,0,0,5025,100386,33868,458,51054,15006,431,0,0,69,3596,205596,242,935,13,-1017,311,107644,4146,9546,93004,948,92372,37,463,463,0,952,977,2909,0,2909,0,ND
1954:Q1,219906,2630,19194,112,93618,630,71759,4093,82,0,0,0,4011,11884,5252,0,0,0,0,5252,100240,32917,464,52291,14568,471,0,0,71,3570,203088,-389,535,132,-1299,243,103309,5060,9945,87410,894,94999,74,469,469,0,630,851,3145,0,3145,0,ND
1954:Q2,225462,2660,19011,1,95997,614,74515,3267,72,0,0,0,3195,12467,5134,0,0,0,0,5134,103057,33228,471,54197,15161,489,0,0,74,4173,208232,-211,567,22,-1004,204,105064,5591,9924,88604,945,98217,25,476,476,0,675,693,3293,0,3293,0,ND
1954:Q3,230696,2830,18331,235,98877,751,78202,1897,74,0,0,0,1823,12915,5112,0,0,0,0,5112,105578,33566,487,56379,15146,517,0,0,77,4251,213246,175,511,174,-704,194,106729,4120,8977,92908,724,100156,327,492,492,0,689,884,3794,0,3794,0,ND
1954:Q4,238224,2469,18876,25,102372,707,79769,3627,49,0,0,0,3578,13194,5075,0,0,0,0,5075,109157,34348,698,58747,15364,571,0,0,81,4673,220278,-400,808,10,-1344,126,112081,4172,9902,96932,1075,102523,16,706,706,0,867,948,3537,0,3537,0,ND
1955:Q1,237535,2830,18388,679,98215,631,75199,3745,67,0,0,0,3678,13668,4972,0,0,0,0,4972,112193,34759,646,60895,15893,629,0,0,84,4517,219514,-66,552,598,-1392,176,108542,4070,9789,93843,840,104585,669,652,652,0,702,738,3692,0,3692,0,ND
1955:Q2,241335,2681,18066,137,95846,502,74261,2857,71,0,0,0,2786,13451,4775,0,0,0,0,4775,118860,37341,524,63802,17193,781,0,0,87,4877,223024,-78,850,75,-1141,138,109610,5078,10278,93348,906,107114,56,530,530,0,1017,533,4242,0,4242,0,ND
1955:Q3,245817,2960,18475,485,93934,525,73047,2315,80,0,0,0,2235,13494,4553,0,0,0,0,4553,124012,38958,537,66661,17856,918,0,0,91,4942,227259,769,788,649,-825,157,110353,4220,9543,95735,855,108409,473,542,542,0,1275,582,4856,0,4856,0,ND
1955:Q4,251212,2682,19005,185,93747,457,72461,3053,98,0,0,0,2955,13344,4432,0,0,0,0,4432,129841,42021,514,68766,18540,1000,0,0,95,4657,232345,554,1585,107,-1179,41,114202,3709,10273,99239,981,110581,39,518,518,0,1417,573,4461,0,4461,0,ND
1956:Q1,251923,2890,18582,831,91068,493,69703,3083,146,0,0,0,2937,13463,4326,0,0,0,0,4326,132575,42629,528,70634,18784,1086,0,0,98,4793,232789,444,793,706,-1205,150,111789,6170,10635,93897,1087,112584,828,534,534,0,1138,531,4941,0,4941,0,ND
1956:Q2,253666,2273,18443,257,88401,442,67621,2556,159,0,0,0,2397,13507,4275,0,0,0,0,4275,138171,44673,547,72972,19979,1030,0,0,102,4989,234012,94,1206,232,-1311,-33,110949,5232,11453,93103,1161,115633,92,553,553,0,1173,468,5050,0,5050,0,ND
1956:Q3,258502,3100,18656,725,88728,528,67949,2330,167,0,0,0,2163,13641,4280,0,0,0,0,4280,141229,45075,644,75357,20153,982,0,0,106,4976,238457,1076,1060,573,-681,124,111629,5110,9884,95572,1063,117024,785,650,650,0,1142,711,5440,0,5440,0,ND
1956:Q4,263945,3261,19059,185,90229,500,69353,2712,147,0,0,0,2565,13576,4088,0,0,0,0,4088,145121,46872,774,77098,20377,1000,0,0,112,4978,243729,639,1665,25,-1098,47,115934,3733,10449,100494,1258,119485,38,782,782,0,1228,878,4745,0,4745,0,ND
1957:Q1,265154,2910,18350,806,91170,482,69737,2972,210,0,0,0,2762,13752,4227,0,0,0,0,4227,146020,46463,815,78216,20526,971,0,0,116,4811,244709,-36,807,592,-1402,-33,113143,6385,10486,95337,935,122932,929,823,823,0,961,799,5158,0,5158,0,ND
1957:Q2,267467,2950,18628,640,87977,433,66360,2782,230,0,0,0,2552,13992,4410,0,0,0,0,4410,150757,48775,783,79826,21373,1089,0,0,121,5305,246699,253,1029,824,-1409,-191,111522,4490,11656,93933,1443,126390,650,791,791,0,1079,691,5323,0,5323,0,ND
1957:Q3,273029,3040,18594,595,91471,516,69467,2730,266,0,0,0,2464,14187,4571,0,0,0,0,4571,152904,48483,958,81751,21712,1036,0,0,126,5263,251815,689,985,776,-863,-209,113286,6330,9757,95758,1441,128281,686,967,967,0,1119,829,5958,0,5958,0,ND
1957:Q4,276609,3335,19034,252,92157,610,68661,3474,265,0,0,0,3209,14600,4812,0,0,0,0,4812,155361,49063,1046,83428,21824,1000,0,0,131,5339,254942,-266,1424,50,-1467,-273,115203,3898,10693,99054,1558,131380,20,1056,1056,0,1265,959,5325,0,5325,0,ND
1958:Q1,278912,2890,18426,866,95523,973,69928,4275,304,0,0,0,3971,15229,5118,0,0,0,0,5118,154419,47054,1223,84678,21464,1056,0,0,134,5598,256745,-1641,704,118,-2309,-154,112363,5560,10629,94950,1224,136976,587,1235,1235,0,696,1020,5509,0,5509,0,ND
1958:Q2,288613,3017,18568,804,99878,1013,72954,3785,264,0,0,0,3521,16533,5593,0,0,0,0,5593,158475,48358,1082,87126,21909,1155,0,0,137,6579,266056,-1926,796,128,-2677,-173,116532,9460,11976,93623,1473,142319,587,1093,1093,0,929,824,5698,0,5698,0,ND
1958:Q3,291686,3140,18101,867,102696,1013,75134,4089,258,0,0,0,3831,17080,5380,0,0,0,0,5380,159934,46684,1025,90039,22186,1279,0,0,140,5529,268714,-670,949,337,-1700,-256,114180,4220,10294,98588,1078,144702,917,1035,1035,0,1010,899,6641,0,6641,0,ND
1958:Q4,300520,3249,18504,210,104496,818,76727,4396,249,0,0,0,4147,17234,5321,0,0,0,0,5321,166531,50087,955,92980,22509,1400,0,0,144,5986,277409,-744,1296,46,-1664,-422,120791,4250,10928,104084,1529,147772,20,965,965,0,1298,934,6373,0,6373,0,ND
1959:Q1,299687,3090,18194,1043,101596,822,74034,4046,295,0,0,0,3751,17476,5218,0,0,0,0,5218,168355,49117,843,95318,23077,1402,0,0,147,5860,276384,-334,746,572,-1434,-218,115552,3590,11889,98651,1422,150200,1109,852,852,0,1087,813,7105,0,7105,0,ND
1959:Q2,306087,3260,18188,962,98941,656,71638,3756,323,0,0,0,3433,17633,5258,0,0,0,0,5258,176700,52689,786,98755,24470,1445,0,0,151,6440,282380,394,846,892,-1091,-253,116495,4420,11868,98621,1586,153573,1364,794,794,0,1537,571,7652,0,7652,0,ND
1959:Q3,310462,3240,17760,619,97526,752,69983,3849,357,0,0,0,3492,17747,5195,0,0,0,0,5195,183246,54615,763,102184,25684,1371,0,0,154,6546,286336,414,951,329,-518,-348,118585,6140,11207,99759,1479,154979,811,771,771,0,1795,528,8453,0,8453,0,ND
1959:Q4,315159,3012,18174,140,96473,711,69166,3846,324,0,0,0,3522,17679,5071,0,0,0,0,5071,190685,58565,921,104899,26300,1400,0,0,158,5117,290673,728,1590,453,-1060,-255,121941,5050,11458,103908,1525,156970,122,930,930,0,2134,475,7373,0,7373,0,ND
1960:Q1,312195,3360,17716,1121,91585,755,64111,4109,393,0,0,0,3716,17654,4956,0,0,0,0,4956,192489,57727,1093,106715,26954,1290,0,0,162,4472,287461,400,823,815,-1148,-90,115409,4410,11606,98307,1086,158733,1856,1104,1104,0,1520,595,7844,0,7844,0,ND
1960:Q2,317888,3490,17528,1109,91081,826,63794,4112,403,0,0,0,3709,17411,4938,0,0,0,0,4938,198512,60129,1106,109210,28067,1306,0,0,165,4697,292501,95,868,267,-1218,178,117845,7030,11418,98043,1354,162643,1427,1117,1117,0,1770,772,6832,0,6832,0,ND
1960:Q3,325739,3540,18058,900,95243,959,67184,4285,384,0,0,0,3901,17795,5020,0,0,0,0,5020,201610,59508,1334,112100,28668,1199,0,0,169,5020,299893,1093,987,593,-773,286,119912,7440,11297,99790,1385,166487,1093,1348,1348,0,1736,1137,7087,0,7087,0,ND
1960:Q4,334109,3346,17081,272,99543,1114,70347,4797,373,0,0,0,4424,18241,5044,0,0,0,0,5044,206471,61457,1622,114531,28861,1300,0,0,173,5923,307442,911,1868,25,-1090,108,123862,5945,11674,104594,1649,171681,104,1638,1638,0,1981,1474,5791,0,5791,0,ND
1961:Q1,334421,3630,15992,1269,100142,1321,69643,4979,374,0,0,0,4605,19135,5064,0,0,0,0,5064,207166,59167,1785,116550,29664,1445,0,0,177,4600,307485,-381,755,106,-1428,186,117734,4160,11703,99765,2106,177090,1331,1802,1802,0,1477,1381,7051,0,7051,0,ND
1961:Q2,342260,2903,16716,267,101716,1413,71610,4968,406,0,0,0,4562,18802,4923,0,0,0,0,4923,211640,60157,1817,119814,29852,1438,0,0,182,7398,314454,-218,1171,35,-1679,255,119417,6362,11849,99204,2002,183522,306,1835,1835,0,1869,969,6754,0,6754,0,ND
1961:Q3,353408,3870,16310,1389,107727,1697,75977,4909,425,0,0,0,4484,20328,4816,0,0,0,0,4816,216643,61167,1938,123331,30207,1477,0,0,186,5806,325151,473,1300,82,-1131,222,123369,7750,11639,101844,2136,187108,1613,1957,1957,0,2124,788,7719,0,7719,0,ND
1961:Q4,364132,3689,17387,233,109658,2019,76484,5459,411,0,0,0,5048,21022,4674,0,0,0,0,4674,224962,65339,2146,126750,30727,1600,0,0,190,6413,335045,1440,2300,115,-849,-126,128898,5946,12242,108124,2586,191720,267,2168,2168,0,2662,582,7308,0,7308,0,ND
1962:Q1,365587,3900,16786,1532,109762,1908,74946,5848,435,0,0,0,5413,22348,4712,0,0,0,0,4712,226463,64099,1998,129616,30750,1582,0,0,195,5367,336568,-768,918,170,-1851,-5,122141,6260,11732,101265,2884,199897,1688,2018,2018,0,2151,713,8728,0,8728,0,ND
1962:Q2,375080,3185,17206,488,110759,1687,74650,6159,452,0,0,0,5707,23747,4516,0,0,0,0,4516,234381,66008,1874,134234,32265,1232,0,0,199,7630,345478,-499,1462,43,-1962,-42,124503,9554,11814,100321,2814,207218,557,1892,1892,0,2767,746,8294,0,8294,0,ND
1962:Q3,383679,4270,17105,1154,111415,1826,74555,5893,490,0,0,0,5403,24656,4485,0,0,0,0,4485,241050,67357,1825,138987,32881,1328,0,0,204,7153,353859,1226,1641,762,-1131,-46,124605,8090,11509,102642,2364,211759,1386,1843,1843,0,3046,979,9015,0,9015,0,ND
1962:Q4,399331,4519,17454,589,116047,1867,76653,6967,494,0,0,0,6473,25987,4573,0,0,0,0,4573,251579,72484,2120,143378,33597,1500,0,0,209,7434,368539,218,2903,37,-2177,-545,133502,7158,12071,111533,2740,219667,668,2141,2141,0,3479,1078,7786,0,7786,0,ND
1963:Q1,400482,4210,16410,1828,116207,1982,75854,6967,491,0,0,0,6476,26810,4594,0,0,0,0,4594,253904,70161,2071,147367,34305,1596,0,0,214,6113,369643,-1152,1223,194,-2628,59,125495,7330,12143,103552,2470,228052,2180,2092,2092,0,2514,1181,9281,0,9281,0,ND
1963:Q2,412421,3483,16965,850,116142,1928,74477,7032,500,0,0,0,6532,28275,4430,0,0,0,0,4430,264504,73331,2158,153130,35885,1674,0,0,219,8584,380879,-932,1638,96,-2473,-193,129557,11060,12396,103297,2804,235294,1087,2179,2179,0,3270,883,9541,0,9541,0,ND
1963:Q3,420398,4550,16621,1554,115503,1791,72821,7264,574,0,0,0,6690,29406,4221,0,0,0,0,4221,272584,74557,2167,158811,37049,1738,0,0,224,7624,389015,-153,1435,465,-1843,-210,128758,8850,11765,105357,2786,240051,1849,2224,2189,35,4024,863,11399,0,11399,0,ND
1963:Q4,434510,4259,17049,970,117821,1885,74188,7401,556,0,0,0,6845,30412,3935,0,0,0,0,3935,284182,79786,2312,163823,38261,1800,0,0,229,8200,403037,-256,2600,31,-2265,-622,135811,6548,13195,113004,3064,248307,1012,2568,2335,233,4784,710,10101,0,10101,0,ND
1964:Q1,436568,4500,16611,2133,117467,2045,72926,6898,572,0,0,0,6326,31184,4414,0,0,0,0,4414,285631,76184,2482,167836,39129,1891,0,0,235,8100,404676,-1682,1497,55,-2601,-633,129423,7870,13951,104443,3159,255573,2411,2926,2506,420,4168,914,10943,0,10943,0,ND
1964:Q2,448822,4539,16973,1172,116033,1955,70634,7159,581,0,0,0,6578,31828,4457,0,0,0,0,4457,299542,82651,2519,173200,41172,1934,0,0,240,8389,415926,-1975,1633,79,-2743,-944,133485,10257,12582,107162,3484,263000,1515,3077,2544,533,4769,846,11209,0,11209,0,ND
1964:Q3,459132,4780,17121,1955,119029,2166,72165,7202,625,0,0,0,6577,33091,4405,0,0,0,0,4405,305175,81476,2540,178652,42507,1976,0,0,246,8850,426058,-1057,1567,93,-1742,-975,135111,9200,12590,109641,3680,268829,2000,3243,2566,677,4837,886,12209,0,12209,0,ND
1964:Q4,475251,4532,17850,1331,122984,2338,74423,8044,630,0,0,0,7414,33925,4254,0,0,0,0,4254,317414,87946,2708,183325,43435,2000,0,0,251,8889,441196,-1165,2606,156,-2869,-1058,141790,6510,13519,117864,3897,277642,1892,3508,2735,773,5325,935,11269,0,11269,0,ND
1965:Q1,478611,4840,17277,2048,120825,1863,71078,8299,631,0,0,0,7668,35273,4312,0,0,0,0,4312,323262,88958,2660,186994,44650,2044,0,0,257,8058,444863,-1948,1114,109,-2279,-892,134950,8350,13591,109184,3825,287122,2671,3579,2686,893,4747,769,12973,0,12973,0,ND
1965:Q2,493994,4978,18229,1540,120087,2057,68573,8229,667,0,0,0,7562,36901,4327,0,0,0,0,4327,337587,95640,2684,192116,47147,2003,0,0,263,9307,459281,-797,1349,646,-2008,-784,139887,11796,13385,110966,3740,294440,2277,4201,2711,1490,5586,678,13009,0,13009,0,ND
1965:Q3,500437,5370,17797,2246,120551,2129,67578,8427,698,0,0,0,7729,38243,4174,0,0,0,0,4174,343397,94914,2651,197560,48272,2215,0,0,270,8591,465843,-975,1405,123,-1913,-590,137430,7370,13205,112915,3940,301135,3208,4195,2678,1517,5802,784,14264,0,14264,0,ND
1965:Q4,519172,4851,18447,2063,124611,1787,71192,8678,655,0,0,0,8023,38975,3979,0,0,0,0,3979,357548,103738,2714,202026,49070,2300,0,0,276,9076,483874,-984,2248,96,-2465,-863,147271,5525,14244,123437,4065,309744,2438,4331,2741,1590,5997,806,14271,0,14271,0,ND
1966:Q1,520100,5470,17941,2060,122358,1827,67623,9020,733,0,0,0,8287,39922,3966,0,0,0,0,3966,360969,102277,2710,205747,50235,2248,0,0,283,8771,484941,-883,1388,579,-2403,-447,139414,5120,14692,115652,3950,316438,2400,4371,2738,1633,5687,1062,16452,0,16452,0,ND
1966:Q2,534516,5234,18564,2059,120772,1499,64852,9546,756,0,0,0,8790,40898,3977,0,0,0,0,3977,375726,111704,2736,209618,51668,2132,0,0,289,9740,498709,416,1957,287,-1493,-335,145885,10997,14931,116160,3797,322171,2352,4457,2763,1694,6783,624,16021,0,16021,0,ND
1966:Q3,535464,5830,18070,2300,121216,1562,65036,8786,844,0,0,0,7942,41710,4122,0,0,0,0,4122,375941,108707,2696,212531,52007,1904,0,0,296,9907,499724,2954,1647,979,-472,800,139268,6000,13966,115277,4025,324352,2600,4417,2723,1694,7175,613,18345,0,18345,0,ND
1966:Q4,547137,5450,19794,2461,123936,1703,67624,9073,857,0,0,0,8216,41255,4281,0,0,0,0,4281,384056,114609,2882,214415,52150,2000,0,0,303,9137,510509,3238,2510,173,-1101,1656,148892,4992,15047,124602,4251,329201,2824,4605,2911,1694,6935,731,14083,0,14083,0,ND
1967:Q1,552356,5970,18619,3200,130538,2360,69590,9819,1006,0,0,0,8813,43648,5121,0,0,0,0,5121,382185,111685,2963,215551,51986,2279,0,0,322,9243,515513,152,1260,29,-2216,1079,142116,5520,14627,117819,4150,342349,3600,4890,2993,1897,5175,897,16334,0,16334,0,ND
1967:Q2,565981,4854,19505,3874,132439,2552,65673,10977,1073,0,0,0,9904,47121,6116,0,0,0,0,6116,392552,116515,3305,219070,53662,2346,0,0,341,10070,528612,1052,1345,53,-1372,1026,144689,5152,15207,120264,4066,353308,4411,5258,3338,1920,4302,558,15034,0,15034,0,ND
1967:Q3,582919,6252,20039,3900,141977,2816,72743,11219,1081,0,0,0,10138,48288,6911,0,0,0,0,6911,397437,115209,3317,223980,54931,2525,0,0,362,10427,545401,3184,1235,171,-126,1904,148972,7022,14283,123367,4300,361247,4700,5305,3350,1955,4122,639,17232,0,17232,0,ND
1967:Q4,611398,5931,21092,3919,147416,2650,75149,12302,1093,0,0,0,11209,50225,7090,0,0,0,0,7090,418769,131054,3454,228438,55823,2500,0,0,385,11386,564378,4614,2483,141,-237,2227,160896,5234,15564,135536,4562,368674,4979,5451,3488,1963,4386,647,14731,0,14731,0,ND
1968:Q1,606496,6250,21232,4317,150025,2935,74850,13107,1326,0,0,0,11781,51561,7572,0,0,0,0,7572,410912,119693,3469,231724,56026,2266,0,0,408,11086,566954,4374,1344,1390,-1392,3032,150756,5320,15716,125240,4480,377180,5700,5466,3503,1963,4269,660,18549,0,18549,0,ND
1968:Q2,618971,5190,21462,4685,148398,2620,71972,13050,1449,0,0,0,11601,52840,7916,0,0,0,0,7916,424568,126317,3429,236391,58431,2453,0,0,433,11782,578540,7012,1938,292,539,4243,155115,4970,16284,129459,4402,381174,6530,5602,3463,2139,4889,562,17656,0,17656,0,ND
1968:Q3,639067,6660,22413,5647,156075,3025,75546,13586,1521,0,0,0,12065,55648,8270,0,0,0,0,8270,432151,126479,3462,241452,60758,2402,0,0,460,13259,598583,9122,1770,1565,773,5014,160116,9040,14479,131997,4600,390575,7000,5718,3496,2222,5026,664,20362,0,20362,0,ND
1968:Q4,662741,7195,21859,6632,161380,2606,77213,13920,1523,0,0,0,12397,58842,8799,0,0,0,0,8799,450420,137361,3542,246769,62748,2400,0,0,488,12367,621157,8765,3482,188,1104,3991,173076,5010,16876,146354,4836,400659,7467,5799,3578,2221,5259,620,19512,0,19512,0,ND
1969:Q1,659651,6490,22066,7010,157368,2919,72145,14118,1690,0,0,0,12428,59034,9152,0,0,0,0,9152,453544,135529,3571,250915,63529,2349,0,0,518,10306,619209,11102,2034,997,499,7572,158410,5510,16681,131394,4825,402550,9300,5704,3607,2097,5331,774,26038,1000,25038,0,ND
1969:Q2,673272,6258,20808,7308,153307,3069,66693,14464,1761,0,0,0,12703,60358,8723,0,0,0,0,8723,469921,143558,3904,256372,66087,2393,0,0,550,12727,633024,17031,1472,1049,3357,11153,165339,5639,16930,137956,4814,402124,11144,5952,3943,2009,6413,618,24403,2000,22403,0,ND
1969:Q3,674870,6950,22508,8683,151009,3145,65293,13944,1720,0,0,0,12224,60005,8622,0,0,0,0,8622,473017,140349,4186,261387,67095,2402,0,0,584,9717,636071,13284,2313,1526,2029,7416,162251,7610,16505,133136,5000,396218,13000,6242,4227,2015,7940,738,36398,3000,33398,0,ND
1969:Q4,689852,7320,22085,10107,151588,3021,65538,14741,1614,0,0,0,13127,59476,8812,0,0,0,0,8812,485479,149431,4361,263880,67807,2500,0,0,619,10154,650538,15583,3440,183,1579,10381,177739,5054,17558,149922,5205,397481,14690,6442,4405,2037,9289,704,28610,4000,24610,0,ND
1970:Q1,682163,6940,22568,10893,150307,2965,61050,15638,1685,0,0,0,13953,60463,10191,0,0,0,0,10191,478159,141703,4282,265252,66922,2518,0,0,658,10120,644235,14783,2237,1554,1583,9409,161062,6140,16445,133252,5225,400903,15200,6385,4325,2060,9745,1143,35014,5000,30014,0,ND
1970:Q2,698345,7090,21991,11412,154631,3221,60310,16209,1809,0,0,0,14400,63193,11698,0,0,0,0,11698,489075,147702,4778,268173,68422,2079,0,0,698,11369,660012,14782,2562,330,3006,8884,168495,8076,17061,138120,5238,412415,15666,6919,4826,2093,10236,857,30642,6000,24642,0,ND
1970:Q3,719269,7260,23938,14007,164601,3762,65415,17789,2020,0,0,0,15769,65973,11662,0,0,0,0,11662,496760,149396,4678,272836,69850,2502,0,0,741,9460,682869,14010,2313,853,3392,7452,167739,8470,16137,137632,5500,432405,16100,6835,4725,2110,10525,1044,34211,8000,26211,0,ND
1970:Q4,749781,7047,24150,16468,178416,4064,71287,20809,2297,0,0,0,18512,69957,12299,0,0,0,0,12299,509160,155752,5646,277693,70069,2800,0,0,786,10954,713815,11823,4261,335,2646,4581,182893,7938,17763,151463,5729,450075,16615,7838,5703,2135,10615,1062,32894,10000,22894,0,ND
1971:Q1,768762,7230,25932,17143,188785,4517,72198,22329,2571,0,0,0,19758,74455,15286,0,0,0,0,15286,511075,151965,5738,282965,70407,3174,0,0,835,14588,732933,9581,2550,391,4883,1757,168336,4520,16697,141694,5425,478845,18500,8346,5796,2550,9690,1315,38320,11000,27320,0,ND
1971:Q2,794219,7634,24550,16677,195257,4246,71042,25733,2813,0,0,0,22920,77723,16513,0,0,0,0,16513,530564,159158,6116,291831,73459,3193,0,0,886,15458,757966,9423,2549,446,5944,484,179071,8412,17276,148285,5098,495552,20406,8815,6177,2638,7241,860,36598,12000,24598,0,ND
1971:Q3,813441,8100,25424,18797,197227,4359,68370,26810,3163,0,0,0,23647,79855,17833,0,0,0,0,17833,545077,159267,6518,302928,76364,3306,0,0,940,14570,778389,7401,2527,382,4227,265,176879,8920,16005,146779,5175,509940,22300,9358,6583,2775,7637,993,43881,14000,29881,0,ND
1971:Q4,849441,7541,27788,20927,208555,4505,74124,28569,3225,0,0,0,25344,82960,18397,0,0,0,0,18397,564425,166312,6311,312799,79003,3500,0,0,998,15707,812677,5054,4343,39,1444,-772,195933,10169,17665,162866,5233,528641,24214,9364,6374,2990,7936,1080,40455,15000,25455,0,ND
1972:Q1,869164,8050,28471,22077,213208,3873,72140,30672,3473,0,0,0,27199,85581,20942,0,0,0,0,20942,576094,166796,6388,322630,80280,3822,0,0,1059,16383,832784,-1139,2673,1030,-3720,-1122,189927,8740,17142,158465,5580,552565,27505,9938,6452,3486,5992,1054,46942,16000,30942,0,ND
1972:Q2,898352,6799,27482,21923,214916,3698,69280,32147,3715,0,0,0,28432,87384,22407,0,0,0,0,22407,603406,176436,5655,336533,84782,3912,0,0,1124,18790,862242,-56,3299,130,-2807,-678,195032,9083,17687,162305,5957,572541,30701,9335,5712,3623,6075,749,47865,17000,30865,0,ND
1972:Q3,924884,8840,26692,24990,217903,3443,69176,33164,3902,0,0,0,29262,89570,22550,0,0,0,0,22550,624270,179041,5282,351594,88353,4077,0,0,1193,16919,889565,-3345,3742,842,-6373,-1556,198995,9470,17048,166184,6293,592926,32215,9094,5334,3760,6736,894,52050,19000,33050,0,ND
1972:Q4,971586,8648,25647,27459,228547,4265,75648,35791,4313,0,0,0,31478,90567,22276,0,0,0,0,22276,657081,193495,5518,365919,92149,4500,0,0,1266,18438,937386,-676,3974,1981,-4530,-2101,218896,10870,18588,183098,6340,612961,34102,9701,5574,4127,7979,906,53517,21000,32517,0,ND
1973:Q1,997332,8889,26873,29596,223381,2965,69722,36767,7319,0,0,0,29448,91383,22544,0,0,0,0,22544,683824,204139,5487,378156,96042,4340,0,0,1344,19085,960889,-3714,2121,2028,-5048,-2815,204649,11382,17058,170128,6081,643325,39487,9601,5542,4059,8420,1242,57879,21000,36879,0,ND
1973:Q2,1031297,7666,24818,29555,223122,2619,65666,40218,7946,0,0,0,32272,92499,22120,0,0,0,0,22120,718288,216707,5790,394407,101384,4126,0,0,1427,22295,993185,-4913,2048,1770,-6010,-2721,209940,10423,18166,174664,6687,661790,42602,9806,5847,3959,11145,918,61897,22000,39897,0,ND
1973:Q3,1058742,9671,30962,30700,221819,3362,61875,42948,7899,0,0,0,35049,93251,20383,0,0,0,0,20383,742563,221984,6536,408615,105428,4606,0,0,1514,16907,1017923,-57,3036,4522,-4592,-3023,205582,8203,16637,173824,6918,676143,45825,10542,6602,3940,14298,1024,64566,21500,43066,0,ND
1973:Q4,1093182,10688,27060,32929,229915,3525,65168,45406,7727,0,0,0,37679,96245,19571,0,0,0,0,19571,763884,230352,7114,418276,108142,4200,0,0,1607,22899,1051105,-6624,3099,1258,-7099,-3882,231556,9862,18663,194465,8566,687395,48661,11320,7185,4135,15147,1027,62623,22500,40123,0,ND
1974:Q1,1111123,9709,28410,38537,233109,3682,64256,47033,8450,0,0,0,38583,98291,19847,0,0,0,0,19847,775680,233305,8133,426306,107936,4476,0,0,1706,19496,1070032,-4312,2222,2033,-6186,-2381,211323,8607,17026,176666,9024,712183,53450,12414,8214,4200,14995,1318,68661,24000,44661,0,ND
1974:Q2,1145173,8355,30086,40897,231349,3984,58675,48418,8701,0,0,0,39717,100941,19331,0,0,0,0,19331,809518,249314,10539,438681,110984,4260,0,0,1811,18897,1102761,-1765,2297,3210,-1191,-6081,212683,8364,19379,175463,9477,733608,58877,14955,10645,4310,17642,1004,65757,26000,39757,0,ND
1974:Q3,1162350,10507,33256,43203,228790,4123,56313,48986,8874,0,0,0,40112,100065,19303,0,0,0,0,19303,826832,253637,12828,447294,113073,3281,0,0,1922,14559,1120967,-2828,3721,5192,-3957,-7784,210314,7377,16847,176532,9558,744243,60250,17256,12956,4300,20772,1194,69766,27500,42266,0,ND
1974:Q4,1181307,11640,25843,46102,236843,4297,60167,50166,9258,0,0,0,40908,101799,20414,0,0,0,0,20414,839498,261119,14787,451470,112122,3700,0,0,2040,15641,1138225,-13770,2001,299,-8124,-7946,230361,4804,18611,196309,10637,761931,61615,19225,14935,4290,21804,1212,55847,28500,27347,0,ND
1975:Q1,1186801,10562,30437,47897,247992,5685,65550,52087,10427,0,0,0,41660,101678,22992,0,0,0,0,22992,826966,247940,14984,454481,109561,4426,0,0,2165,16356,1144309,-15835,2163,813,-6559,-12252,210471,3945,17275,180134,9117,787232,62400,19469,15134,4335,18164,1431,60977,30000,30977,0,ND
1975:Q2,1211489,10084,25976,49326,267127,5165,75203,54866,11933,0,0,0,42933,103640,28253,0,0,0,0,28253,837723,249069,14192,463779,110683,5013,0,0,2298,13942,1169386,-22727,1791,561,-8162,-16917,223065,3110,18217,191843,9895,806750,63060,18696,14334,4362,16803,933,62806,32000,30806,0,ND
1975:Q3,1229168,11168,29363,38664,276481,6004,84227,56424,12842,0,0,0,43582,104067,25759,0,0,0,0,25759,844057,242446,13432,474537,113642,4275,0,0,2440,22720,1189895,-17717,2406,1402,-6343,-15182,218815,3175,16652,189311,9677,822215,55203,18046,13566,4480,17482,971,74880,34000,40880,0,ND
1975:Q4,1265480,12252,26052,42773,289561,8087,94063,57912,13740,0,0,0,44172,105056,24443,0,0,0,0,24443,862860,246703,14982,485024,116151,4400,0,0,2589,24993,1222410,-23841,3688,229,-10468,-17290,237731,3112,18726,205715,10178,841989,54623,19660,15131,4529,17845,1006,73397,35500,37897,0,ND
1976:Q1,1283211,11257,28150,41457,301931,7390,100744,59977,15826,0,0,0,44151,103106,30714,0,0,0,0,30714,865068,237394,15121,496562,115991,4826,0,0,2748,27774,1239700,-24438,2110,54,-7414,-19188,220542,2378,15971,192472,9721,870590,58864,19972,15272,4700,15757,1072,77341,36500,40841,0,ND
1976:Q2,1316616,11981,27460,40489,307855,7625,103706,60783,16895,0,0,0,43888,106438,29303,0,0,0,0,29303,894940,245086,15826,513478,120550,4599,0,0,2917,26375,1272719,-28531,3577,314,-8916,-23506,231168,4626,17336,199314,9892,890940,61368,20951,15985,4966,15274,1095,80454,37400,43054,0,ND
1976:Q3,1347053,12287,29716,42415,314753,8559,106430,63718,18421,0,0,0,45297,106828,29218,0,0,0,0,29218,915106,242920,15679,531259,125248,4415,0,0,3069,25292,1302386,-26447,2811,326,-6265,-23319,226822,5678,16520,193994,10630,910013,66053,20976,15836,5140,16062,1154,87753,38500,49253,0,ND
1976:Q4,1398184,12121,25158,51826,327931,11648,115909,62830,17705,0,0,0,45125,108248,29296,0,0,0,0,29296,949004,254802,18018,547314,128870,4400,0,0,3286,24458,1348460,-35126,2601,25,-11224,-26528,249377,3023,17715,216782,11857,943363,72472,23499,18198,5301,15862,1214,77799,40040,37759,0,ND
1977:Q1,1428161,12124,26883,52181,335050,8894,119487,65497,20149,0,0,0,45348,109611,31561,0,0,0,0,31561,966278,255520,18155,561830,130773,4207,0,0,3488,27950,1380779,-33953,2913,149,-9104,-27911,235645,3426,16300,204760,11159,978958,76210,23687,18337,5350,14462,1300,84470,41400,43070,0,ND
1977:Q2,1473038,12725,24562,50015,337510,9167,117172,67365,20704,0,0,0,46661,113938,29868,0,0,0,0,29868,1008376,264035,18752,586720,138869,4560,0,0,3702,31588,1423826,-33340,3604,260,-8020,-29184,242874,2820,17825,210804,11425,1000769,79278,24976,18939,6037,15717,1406,92146,42400,49746,0,ND
1977:Q3,1512661,11326,23953,50973,339852,9222,114782,68779,22037,0,0,0,46742,117261,29808,0,0,0,0,29808,1047131,270057,18654,612471,145949,4643,0,0,3930,30853,1462755,-33419,1956,1292,-14513,-22154,242463,5294,16800,209154,11215,1028143,83857,25134,18840,6294,17054,1516,98007,43400,54607,0,ND
1977:Q4,1571091,13922,26870,58890,343769,11997,115232,70842,22484,0,0,0,48358,117847,27851,0,0,0,0,27851,1089233,280086,20523,636562,152062,4800,0,0,4171,29436,1517209,-41247,3810,265,-16384,-28938,271467,7315,18948,231671,13533,1056626,87514,27739,20729,7010,20173,1613,93324,46448,46876,0,ND
1978:Q1,1594281,11622,27700,55542,344638,9012,114065,73246,24020,0,0,0,49226,118165,30150,0,0,0,0,30150,1112850,283742,19345,654640,155123,4618,0,0,4408,32903,1542232,-42894,2732,332,-13847,-32111,247153,3560,16700,214364,12529,1090446,94364,26603,19538,7065,21278,1702,103580,47200,56380,0,ND
1978:Q2,1652348,11888,27431,54357,348178,8956,112396,75914,25143,0,0,0,50771,121428,29484,0,0,0,0,29484,1164892,298478,19431,680665,166318,4923,0,0,4658,36021,1598645,-41123,3318,1428,-17187,-28682,262900,7960,18210,223875,12855,1112365,95327,27215,19626,7589,25274,1787,114900,49490,65410,0,ND
1978:Q3,1699008,12141,26356,51869,353890,9621,109268,80181,26413,0,0,0,53768,124741,30079,0,0,0,0,30079,1200309,301335,17562,706590,174822,5219,0,0,4922,44302,1643097,-35673,3719,1365,-17834,-22923,262455,7941,17121,225207,12186,1139201,97781,25495,17738,7757,29158,1867,122813,50454,72359,0,ND
1978:Q4,1760182,15470,30645,58530,358864,10233,106418,83297,27397,0,0,0,55900,129292,29624,0,0,0,0,29624,1242038,312760,20108,729568,179602,4800,0,0,5201,44634,1697425,-46833,6516,1172,-24753,-29768,294969,14075,18978,248431,13485,1163929,98095,28143,20290,7853,32670,1941,124511,52223,72288,0,ND
1979:Q1,1786686,12345,31097,60968,364345,9763,107182,85541,28835,0,0,0,56706,131181,30678,0,0,0,0,30678,1263062,315204,20324,745027,182507,4983,0,0,5497,44389,1725624,-32748,4337,963,-22477,-15571,261346,4163,16540,229116,11527,1190277,112724,28555,20515,8040,31881,2021,131568,52815,78753,0,ND
1979:Q2,1844537,13272,29607,65650,363997,10782,105035,88687,30002,0,0,0,58685,132496,26997,0,0,0,0,26997,1313660,332160,21878,768981,190641,4903,0,0,5808,47640,1780005,-28757,3924,1558,-25277,-8962,285789,16276,17630,238609,13274,1195640,120255,30958,22649,8309,35071,2116,138933,53238,85695,0,ND
1979:Q3,1894494,13609,28196,72885,370994,11079,103082,91635,30978,0,0,0,60657,136379,28819,0,0,0,0,28819,1359866,343957,24887,791892,199130,5064,0,0,6138,37742,1824596,-34331,2654,1156,-31805,-6336,296562,19862,16775,245591,14334,1224193,123611,35100,26126,8974,38596,2186,138679,55387,83292,0,ND
1979:Q4,1937825,18488,29226,73108,378282,12658,104386,95697,32408,0,0,0,63289,138318,27223,0,0,0,0,27223,1392128,352640,26125,807645,205718,4700,0,0,6486,35407,1864542,-39148,6767,1454,-32745,-14624,321421,14475,18697,271208,17041,1244917,119932,36838,27343,9495,41838,2185,136559,58464,78095,0,ND
1980:Q1,1958631,15333,31504,70972,383279,11603,104944,98529,33719,0,0,0,64810,138927,29276,0,0,0,0,29276,1404180,355161,28858,816319,203842,4165,0,0,6854,42344,1881268,-38028,3682,2502,-36271,-7941,296218,8099,16399,255258,16462,1274402,118619,39511,30041,9470,44122,2118,144306,59158,85148,0,ND
1980:Q2,1980092,16029,32824,79116,398133,14328,106834,102994,35207,0,0,0,67787,142460,31517,0,0,0,0,31517,1400966,349038,31350,821921,198657,4319,0,0,7243,41462,1899940,-64308,4167,215,-42271,-26419,310537,13026,17750,260386,19375,1291143,132789,42994,32952,10042,42364,1975,142446,61506,80940,0,ND
1980:Q3,2024350,17307,27634,83434,417311,14912,115212,109313,38481,0,0,0,70832,147620,30254,0,0,0,0,30254,1425715,357232,31371,836219,200893,4307,0,0,7654,40988,1940628,-75959,3192,982,-43791,-36342,321658,19090,16716,269675,16177,1319252,141782,43220,33148,10072,44161,1815,144699,63099,81600,0,ND
1980:Q4,2093355,19807,26737,83353,436261,14789,121131,115687,41241,0,0,0,74446,150976,33678,0,0,0,0,33678,1467938,380135,31963,852973,202867,4200,0,0,8089,46970,2003898,-87696,4467,1809,-53228,-40744,333212,11917,18166,286256,16873,1376829,142932,43589,33574,10015,48963,1688,144381,63207,81174,0,ND
1981:Q1,2110321,17288,25257,90567,441902,14512,125092,119438,42432,0,0,0,77006,150055,32805,0,0,0,0,32805,1471831,375652,35716,860950,199513,3963,0,0,8548,50965,2020274,-94362,3261,656,-53460,-44819,319905,10219,15493,279022,15171,1393623,153223,46880,37195,9685,49175,1591,150239,66080,84159,0,ND
1981:Q2,2156579,18549,22482,86988,445248,15809,125071,122416,44040,0,0,0,78376,151290,30662,0,0,0,0,30662,1514458,400178,36701,874988,202591,3690,0,0,9033,56131,2066151,-97925,2506,1010,-57619,-43822,331862,17006,16664,280985,17207,1412124,155924,47768,38321,9447,56095,1502,158801,68997,89804,0,ND
1981:Q3,2192720,19185,25826,87509,449547,14889,122067,128164,45574,0,0,0,82590,154063,30364,0,0,0,0,30364,1541419,411713,38374,885085,206247,3188,0,0,9545,56501,2102892,-100983,2811,2486,-63678,-42602,334520,19560,15300,282675,16985,1441107,157044,49294,40220,9074,64347,1427,156136,70658,85478,0,ND
1981:Q4,2259054,18623,23912,108049,459041,15789,122975,132851,48095,0,0,0,84756,156693,30733,0,0,0,0,30733,1584583,446036,40209,890159,208179,3237,0,0,10087,51522,2177575,-115806,1762,1601,-68242,-50927,355783,10803,16735,314394,13851,1491882,178182,51497,42091,9406,65194,1364,149479,75780,73699,0,ND
1982:Q1,2286276,16612,24964,105772,475509,19359,126758,141163,54854,0,0,0,86309,155883,32346,0,0,0,0,32346,1589626,452553,40589,889707,206777,2863,0,0,10745,60186,2197744,-126382,1882,2646,-62226,-68685,336630,12869,14648,297261,11852,1536435,181134,52588,43510,9078,66162,1325,149852,73907,75945,0,ND
1982:Q2,2325733,20097,18886,103149,478789,17591,124386,150905,62430,0,0,0,88475,154727,31180,0,0,0,0,31180,1619579,476230,43666,890235,209448,2661,0,0,6315,76257,2230164,-142997,2545,1638,-59035,-88145,338352,11355,15924,298743,12330,1569627,177446,54804,45848,8956,69398,1307,162228,70162,92066,0,ND
1982:Q3,2349051,19198,18771,109156,491278,19172,126665,157866,68111,0,0,0,89755,154461,33114,0,0,0,0,33114,1623372,485840,43734,880445,213353,2887,0,0,6512,77877,2262250,-160233,550,1123,-61749,-100157,354855,20841,14659,307890,11465,1605095,185752,55820,46200,9620,67642,1298,152021,82510,69511,0,ND
1982:Q4,2425376,19532,24826,124533,533009,18551,145776,168400,76691,0,0,0,91709,160773,39509,0,0,0,0,39509,1633161,497994,47179,870502,217486,3300,0,0,7266,79749,2338703,-166086,2735,717,-60602,-108936,383151,16864,15564,339118,11605,1661389,192419,62039,51600,10439,66001,1283,138507,89757,48750,0,ND
1983:Q1,2462086,18286,21592,121781,571488,18984,167493,183711,88137,0,0,0,95574,155869,45431,0,0,0,0,45431,1629614,495871,43010,875894,214839,3614,0,0,7563,88149,2375522,-180880,486,2808,-66793,-117381,372480,14563,13827,331630,12460,1718629,191190,57689,46824,10865,60467,1274,154674,85475,69199,0,ND
1983:Q2,2532197,20451,16763,121857,605939,18427,185520,191975,96013,0,0,0,95962,157084,52933,0,0,0,0,52933,1667493,506562,46526,894117,220288,4163,0,0,7749,87781,2451150,-175764,1020,3610,-59538,-120856,394653,22160,15760,343775,12958,1755023,191871,59821,49046,10775,59980,1270,164297,84974,79323,0,ND
1983:Q3,2597377,17410,19759,116226,626930,18616,195919,201958,106018,0,0,0,95940,158927,51510,0,0,0,0,51510,1714200,511231,48376,923495,231098,4335,0,0,7994,90522,2516920,-175319,-60,1625,-61910,-114974,392801,22836,13628,344067,12270,1800940,196241,61658,50839,10819,59807,1258,179534,93589,85945,0,ND
1983:Q4,2669245,20996,20449,115502,646475,17782,204575,205220,110694,0,0,0,94526,164392,54506,0,0,0,0,54506,1764855,517518,51796,950389,245152,4317,0,0,10025,86626,2603389,-161796,1563,918,-78214,-86063,407926,11521,15365,368066,12974,1836906,203614,65175,54628,10547,61416,1254,188894,102078,86816,0,ND
1984:Q1,2777462,17333,21267,121125,669893,17206,216144,211225,147872,0,0,0,63353,163599,61719,360,0,0,0,61359,1817836,532612,50115,980485,254624,4145,0,0,10254,115608,2656521,-154657,787,896,-64852,-91488,402862,13040,17411,359706,12705,1891113,215922,62363,51922,10441,60382,4299,174237,96350,77887,0,ND
1984:Q2,2876370,18073,19252,122621,670696,16247,211237,219879,155217,0,0,0,64662,163204,60129,422,0,0,0,59707,1910070,559153,55097,1022247,273573,3955,0,0,10870,120834,2753104,-143229,-655,4760,-61409,-85924,408074,12040,19989,363135,12910,1949614,220046,69993,57445,12548,68772,4509,175324,91745,83579,0,ND
1984:Q3,2973974,18345,22512,120740,686600,16634,213244,224169,158097,0,0,0,66072,168573,63980,435,0,0,0,63545,1968280,570692,50308,1058155,289125,4219,0,0,10913,142365,2869636,-137076,289,6633,-51996,-92002,411224,24718,17939,355599,12968,2003947,229873,64348,52082,12266,76010,4560,216750,108799,107951,0,ND
1984:Q4,3083126,24238,20519,137579,698288,15451,214892,220782,151866,0,0,0,68916,176674,70489,372,0,0,0,70117,2034550,598521,48949,1084010,303070,4142,0,0,11024,152787,2989010,-145860,855,3577,-50204,-100089,444553,15546,21033,392018,15956,2071964,235806,67097,51056,16041,77793,4387,233270,120388,112882,0,ND
1985:Q1,3112943,18058,25547,125492,706549,15108,227388,222665,153987,0,0,0,68678,171931,69457,384,0,0,0,69073,2065917,602013,45962,1103507,314435,4534,0,0,11387,155459,3017076,-138424,298,2582,-48724,-92579,416871,13639,18607,370571,14054,2118298,233224,65626,47745,17881,78082,4404,238995,119903,119092,0,ND
1985:Q2,3179558,18857,25636,137740,701908,14333,224242,215686,144802,0,0,0,70884,173942,73705,365,0,0,0,73340,2113090,612250,42054,1130993,327793,4822,0,0,11687,165819,3085178,-140049,262,1338,-48987,-92662,447412,24004,22284,386078,15046,2143028,229037,63385,44099,19286,83264,4001,255100,122536,132564,0,ND
1985:Q3,3254909,21070,25462,143652,721462,12959,227294,222246,153219,0,0,0,69027,184784,74179,507,0,0,0,73672,2165010,619770,41260,1163079,340901,4594,0,0,11388,162271,3162386,-141447,69,2520,-50280,-93757,465396,16652,20653,412467,15624,2168628,245726,64412,42755,21657,89627,4293,265752,131898,133854,0,ND
1985:Q4,3375250,25537,26617,156589,761997,12026,217143,221031,151558,0,0,0,69473,234542,77255,363,0,0,0,76892,2215930,634098,37877,1189107,354848,5241,0,0,15366,167973,3287035,-125240,988,3060,-45486,-83802,506200,25797,22487,441928,15988,2201750,268511,65317,40201,25116,92944,4583,272971,135521,137450,0,ND
1986:Q1,3393810,21251,28930,162576,763217,13447,220556,232055,156117,0,0,0,75938,216715,80444,965,0,0,0,79479,2228786,636272,35502,1202391,354621,6007,0,0,15753,167291,3310271,-127844,560,818,-49626,-79596,484419,11948,20252,436440,15779,2229759,276006,63509,36604,26905,91539,4717,288165,145315,142850,0,ND
1986:Q2,3460802,22221,29374,164800,788906,11896,222193,256742,179034,0,0,0,77708,211344,86731,1572,0,0,0,85159,2266925,645369,33683,1222648,365225,6736,0,0,16090,165751,3398942,-132933,283,952,-48825,-85343,531450,25224,25619,464328,16279,2241206,281718,63587,34790,28797,99315,5000,309599,164579,145020,0,ND
1986:Q3,3529346,22609,34829,155835,832053,10392,224664,279578,199370,0,0,0,80208,220252,97167,2584,0,0,0,94583,2289225,637134,32225,1246771,373095,6532,0,0,15753,172510,3461240,-128370,849,879,-46484,-83614,534945,28211,22296,468180,16258,2269897,291449,65264,33988,31276,103691,5294,319070,166030,153040,0,ND
1986:Q4,3657299,25652,45501,161166,851716,12835,226504,303803,220274,0,0,0,83529,205844,102730,3697,0,0,0,99033,2371149,678756,30625,1278668,383100,6982,0,0,19279,175855,3580768,-140153,1261,1565,-55072,-87908,616533,27480,25697,544686,18670,2293234,310664,63771,31520,32251,113540,4932,318247,170522,147725,0,ND
1987:Q1,3663188,22493,39739,158728,857154,12298,226860,317245,236565,0,0,0,80680,194900,105851,3613,0,0,0,102238,2363007,650969,30861,1309118,372059,8443,0,0,19714,193910,3571671,-113513,5241,1587,-47625,-72716,547123,8649,21760,499564,17150,2290843,313336,67424,31871,35553,111829,4828,349802,173104,176698,0,ND
1987:Q2,3724805,23950,33306,164134,880310,10719,228933,339816,254561,0,0,0,85255,187928,112914,3545,0,0,0,109369,2413860,654531,29810,1348798,380721,8735,0,0,18497,182013,3629064,-114103,1579,972,-52598,-64056,587761,30924,25295,514014,17528,2310284,313090,65950,30679,35271,120184,2970,342928,164251,178677,0,ND
1987:Q3,3791477,24422,36326,154916,903291,8737,235949,355351,268818,0,0,0,86533,182470,120784,3781,0,0,0,117003,2462354,660237,27777,1385757,388583,9238,0,0,18826,182104,3694857,-98062,248,1941,-46609,-53642,584989,32975,23251,513462,15301,2336261,324061,64741,28628,36113,126135,2783,353949,167129,186820,0,ND
1987:Q4,3888873,24858,39594,150895,945850,13254,232998,375301,287051,0,0,0,88250,176707,147590,19431,0,0,0,128159,2494648,662791,29579,1402853,399425,7026,0,0,22645,203356,3784033,-105082,811,3815,-55710,-53998,602706,21644,26745,537092,17225,2398101,328526,67806,30506,37300,139326,2497,350154,177919,172235,0,ND
1988:Q1,3947492,23110,36647,167057,945591,10370,227593,379493,286605,0,0,0,92888,168993,159142,17480,0,0,0,141662,2529591,664542,25506,1440681,398862,7814,0,0,23198,214483,3847021,-106285,298,2311,-54340,-54555,584093,23520,23833,520751,15989,2472394,339569,63436,26267,37169,135723,2001,356090,175888,180202,0,ND
1988:Q2,4030130,25565,34391,161348,960920,10067,220843,393439,299807,0,0,0,93632,163694,172877,21012,0,0,0,151865,2587899,677635,25599,1476097,408568,8295,0,0,22733,228979,3937366,-96194,259,2464,-52964,-45953,611046,32559,28324,533001,17162,2497618,340256,64833,26357,38476,141018,1348,377442,183827,193615,0,ND
1988:Q3,4101330,22093,37677,163371,976833,11317,218895,407808,291363,0,0,0,116445,160880,177933,23189,0,0,0,154744,2628606,677764,26230,1506478,418134,8327,0,0,22573,241850,4005222,-100482,1199,2154,-58131,-45704,599015,34154,26963,521736,16162,2542562,354091,65587,26901,38686,147587,1702,395160,192065,203095,0,ND
1988:Q4,4169447,27561,38273,148660,979861,13413,210863,425128,308190,0,0,0,116938,153752,176705,24363,0,0,0,152342,2685561,691519,26511,1539962,427569,8477,0,0,26952,254102,4079768,-107746,1286,2170,-62227,-48974,625285,28979,29292,550374,16640,2569973,344624,66146,27237,38909,158770,2701,420014,201012,219002,0,ND
1989:Q1,4150357,22203,36374,162607,976899,10860,216016,433445,311125,0,0,0,122320,149837,166741,27180,0,0,0,139561,2702806,689897,25149,1566182,421578,13760,2308,0,27706,205692,4045120,-105945,557,2454,-55051,-53904,571190,13513,24279,516211,17187,2595087,370045,64059,25743,38316,169839,23296,357548,200163,157385,0,ND
1989:Q2,4198740,22775,35998,168631,957098,10935,196240,442038,318274,0,0,0,123764,145120,162765,27962,0,0,0,134803,2755189,707786,24114,1594122,429167,14755,2258,0,27820,214217,4099323,-111297,-203,841,-64777,-47158,594639,34390,26850,517718,15681,2620091,370037,63805,24740,39065,167665,24041,370343,209337,161006,0,ND
1989:Q3,4191957,23122,31336,158190,931804,9834,183911,436688,307966,0,0,0,128722,142060,159311,28738,0,0,0,130573,2781835,711005,22839,1611724,436267,15621,2269,0,27919,219861,4090805,-112579,501,598,-66642,-47036,581563,30278,25683,509324,16278,2645935,350381,62394,23460,38934,157118,24497,381496,210270,171226,0,ND
1989:Q4,4206966,28671,37292,172550,917502,12475,182538,431010,298589,0,0,0,132421,135806,155673,28866,0,0,0,126807,2789346,712787,21317,1609402,445840,15696,2173,0,33581,210154,4105830,-128185,1131,481,-74989,-54808,620587,25582,28408,549894,16703,2667961,339427,60268,21980,38288,148319,24152,373301,211870,161431,0,ND
1990:Q1,4195463,23251,34659,175108,935530,8046,195410,443266,297436,0,36570,0,109260,132320,156488,30818,0,0,0,125670,2800539,703093,20016,1644291,433139,14733,1944,0,34641,175058,4123950,-112709,376,2163,-67982,-47267,580632,16719,25562,523491,14860,2679169,342780,57523,20481,37042,139523,24462,412571,218328,194243,0,ND
1990:Q2,4169632,24294,35232,175215,924335,7720,191527,446385,296454,0,41769,0,108162,126402,152301,27774,0,0,0,124527,2790706,704844,18038,1638417,429407,14868,1960,0,34615,168407,4105863,-103887,656,586,-73097,-32032,604933,32072,27913,530038,14910,2661633,332475,52967,18479,34488,133466,24589,399688,220835,178853,0,ND
1990:Q3,4152017,24752,32430,171798,921542,7613,191790,450642,298376,0,47723,0,104543,125139,146358,27573,0,0,0,118785,2773979,695616,18539,1627281,432543,12728,1991,0,33658,179139,4102640,-93071,1877,505,-62072,-33382,600576,36595,27071,520492,16418,2656479,323927,51760,18952,32808,125375,27089,410505,231829,178676,0,ND
1990:Q4,4120767,32590,37350,170028,916488,9279,183306,460562,299477,0,54828,0,106257,119815,143526,30290,0,0,0,113236,2737407,687636,17224,1600919,431628,10900,1902,0,29425,184678,4066754,-112802,2222,190,-75691,-39523,637848,30919,28934,561688,16307,2652892,294440,54502,17567,36935,124390,26008,389475,229509,159966,0,ND
1991:Q1,4064819,24707,23448,171607,922202,10879,195264,461390,299762,0,60021,0,101607,115501,139168,28955,0,27822,0,82391,2688552,668140,15371,1584809,420232,13894,2486,0,30178,187744,4034570,-86350,2582,244,-54074,-35102,599509,26325,26123,532108,14953,2653445,281158,51598,15661,35937,113898,25475,395837,240242,155595,0,ND
1991:Q2,4018209,25627,21664,173495,917859,9224,206018,457953,287862,0,67958,0,102133,110837,133827,29249,0,28600,0,75978,2657595,653571,13028,1576067,414929,13354,2656,0,29278,176681,4001565,-70089,442,1479,-43199,-28810,621697,36038,30146,542007,13506,2609785,272409,49051,13347,35704,101798,23957,392957,242795,150162,0,ND
1991:Q3,3991101,28757,26496,185442,937532,8416,222957,456355,283081,0,78228,0,95046,107546,142258,29416,0,28098,0,84744,2595821,634444,13467,1538168,409742,13759,3479,0,29448,170366,3965675,-72519,232,315,-41096,-31970,640117,38534,30325,556761,14497,2572668,275390,47224,13726,33498,90988,25801,386006,244282,141724,0,ND
1991:Q4,3974649,33603,28365,165875,957593,8830,232731,466240,277305,0,89405,0,99530,105093,144699,30636,0,28241,0,85822,2570426,618273,12625,1527191,412337,14068,3740,0,32440,168538,3948518,-79778,731,218,-43077,-37650,692726,36414,34239,607970,14103,2527975,257493,46671,12887,33784,87123,23936,392372,247802,144570,0,ND
1992:Q1,3969898,29338,28567,179620,981990,7033,258440,471200,276855,0,97625,0,96720,102468,142849,31068,0,26604,0,85177,2530789,612844,12251,1509201,396493,13989,4457,0,33041,168106,3951553,-44580,512,52,-35916,-9227,676366,16693,32176,614167,13330,2494624,272332,44824,12480,32344,84265,24758,398963,251050,147913,0,ND
1992:Q2,3936444,29693,22093,166037,995034,6090,265738,483400,274749,0,105592,0,103059,100617,139189,30123,0,23884,0,85182,2501082,604690,11715,1490564,394113,13699,3990,0,33549,171266,3920774,-53208,-166,1359,-33894,-20507,702599,36104,34152,617169,15174,2445645,254479,46197,11935,34262,84906,25255,414901,264142,150759,0,ND
1992:Q3,3963406,30194,26331,169479,1024336,6452,282488,491167,272540,0,119487,0,99140,100771,143458,29998,0,23481,0,89979,2492972,599436,12590,1486172,394774,13399,4353,0,34154,168188,3950351,-41110,-227,609,-30829,-10664,721695,38203,35542,631722,16228,2407214,274526,49073,12776,36297,87534,26709,424710,273136,151574,0,ND
1992:Q4,3976160,31870,31320,176546,1045589,6487,288325,503167,276202,0,122709,0,104256,99082,148528,30241,0,21624,0,96663,2477061,593340,12550,1470913,400258,14656,3356,0,35850,159913,3962635,-64821,3253,675,-41546,-27203,784151,30552,38125,699635,15839,2366882,278342,51753,12756,38997,86501,25590,434236,285667,148569,0,ND
1993:Q1,3966924,30561,33273,166831,1076164,7145,299375,518794,283799,0,129455,0,105540,97535,153315,32417,0,21562,0,99336,2451386,584873,11216,1459623,395674,14736,3742,0,36327,153904,3943881,-41523,337,753,-31618,-10995,740062,18750,36491,669222,15599,2333783,297855,50591,11355,39236,91536,25592,445985,294201,151784,0,ND
1993:Q2,4000264,32210,26786,160745,1082655,5356,295746,529694,289409,0,136421,0,103864,98355,153504,30544,0,20842,0,102118,2485177,595494,10502,1475173,404008,14478,3367,0,36573,158273,3977855,-43030,221,1534,-32518,-12266,787521,36516,39106,696868,15031,2301725,288355,51788,10723,41065,98165,23357,469974,301798,168176,0,ND
1993:Q3,4046923,31735,28338,161759,1102879,5135,301069,537990,291514,0,137451,0,109025,100938,157747,29849,0,21905,0,105993,2508775,597035,10494,1484688,416558,15130,3751,0,37399,157157,4017418,-38955,947,2918,-30639,-12180,802828,38426,39192,706349,18861,2281417,310167,51578,10622,40956,104553,26529,479300,308907,170393,0,ND
1993:Q4,4105631,32671,33831,165194,1110852,5180,303227,543577,296697,0,133808,0,113072,101039,157829,34957,0,19814,0,103058,2543318,605639,10142,1493978,433559,16821,3889,0,49579,149476,4066769,-45712,909,94,-37155,-9560,862283,42633,40180,763907,15563,2264987,306536,51309,10226,41083,108432,27224,491710,316690,175020,0,ND
1994:Q1,4215331,31439,34953,162950,1137064,4271,323323,543499,300997,0,132125,0,110377,101453,164518,37168,0,20799,0,106551,2533760,609040,10574,1479203,434943,15470,2988,0,50060,246647,4272323,-30325,444,463,-39989,8756,833900,39780,40120,737270,16730,2267205,324118,51525,10657,40868,105834,28929,691138,321882,369256,0,ND
1994:Q2,4275504,34426,32473,153490,1125799,3876,310057,548059,307397,0,127363,0,113299,101107,162700,36545,0,20644,0,105511,2583626,621611,10350,1500109,451556,14129,2330,0,51049,278181,4329850,-8210,866,701,-34087,24310,828611,42889,41198,727550,16974,2246869,334657,51155,10403,40752,113247,25535,737986,325908,412078,0,ND
1994:Q3,4285067,31155,29289,150935,1114984,3479,294341,558290,317171,0,123827,0,117292,100335,158539,33778,0,21308,0,103453,2640324,628955,10773,1527616,472980,14011,2036,0,51875,250459,4318060,-16,188,504,-32022,31315,800467,30383,38874,713598,17612,2242325,350221,52465,10800,41665,121332,28014,723251,332551,390700,0,ND
1994:Q4,4348275,38129,29691,157946,1090161,3725,275149,558006,316023,0,119396,0,122587,98983,154298,32780,0,21491,0,100027,2710919,643926,9895,1559853,497245,13267,2007,0,50445,255711,4381307,26732,-716,223,-34135,61359,822168,23751,42086,739190,17141,2243186,362271,53628,9958,43670,130501,26613,716209,334158,382051,0,ND
1995:Q1,4381162,31291,29454,165560,1077511,3464,269193,559120,313651,0,116474,0,128995,96766,148968,30526,0,21641,0,96801,2762734,666072,11438,1588016,497208,14047,2125,0,50378,248061,4424418,30692,57,84,-31672,62223,772351,15634,39275,700404,17038,2283999,371397,55197,11456,43741,124450,31083,755249,347369,407880,0,ND
1995:Q2,4427233,33596,24038,177812,1065890,4128,248290,566567,311639,0,113937,0,140991,95848,151057,33155,0,22573,0,95329,2830685,693647,11690,1615270,510078,15613,2447,0,51010,226142,4443986,26613,292,217,-33050,59154,797003,39731,41930,698497,16845,2319636,377891,56801,11655,45146,124775,29993,711274,355285,355989,0,ND
1995:Q3,4476118,33072,22828,169328,1078750,4122,242995,583918,321995,0,109349,0,152574,94689,153026,32188,0,23611,0,97227,2883279,704455,12512,1640698,525614,18146,2580,0,51543,216592,4496261,23882,73,421,-33093,56481,758483,30307,40797,669274,18105,2361265,392926,59175,12494,46681,125987,34923,739620,368642,370978,0,ND
1995:Q4,4522490,40562,28557,197026,1059570,4098,226018,586032,329925,0,101036,0,155071,94676,148746,29200,0,24943,0,94603,2914849,718022,12270,1642123,542434,19282,2323,0,58252,202070,4560647,18179,107,135,-39004,56941,774238,19003,42911,694188,18136,2398728,378621,58607,12283,46324,134089,37163,761021,374661,386360,0,ND
1996:Q1,4525781,34386,24173,185889,1062996,4301,227164,587285,339715,0,97320,0,150250,94239,150007,29136,0,25875,0,94996,2932573,731371,12807,1656916,531479,21084,2463,0,59137,203080,4554519,2357,28,43,-36099,38385,722707,16832,38790,649406,17679,2468932,372565,60863,12844,48019,132117,37441,757537,379400,378137,0,ND
1996:Q2,4585372,35677,23852,170807,1054421,3632,219597,589746,345286,0,90938,0,153522,93930,147516,27930,0,25445,0,94141,2983673,745386,13456,1678976,545855,21673,2311,0,59308,233650,4621408,-8913,-190,636,-38412,29053,735984,31360,40174,643586,20864,2485865,369296,64111,13448,50663,145269,38907,790889,394260,396629,0,ND
1996:Q3,4642446,38227,20243,168392,1037217,3117,212864,583848,339952,0,89801,0,154095,94172,143216,28045,0,22210,0,92961,3046481,764638,14457,1708546,558840,22525,2226,0,60500,246635,4697502,-14413,640,1654,-40633,23926,735959,37794,38334,640030,19801,2533115,366656,65458,14449,51009,153623,39652,817450,396870,420580,0,ND
1996:Q4,4678566,45186,23231,175398,1017409,4519,190332,592797,344334,0,89495,0,158968,95778,133983,25167,0,21801,0,87015,3094963,777647,13912,1731230,572174,24536,2610,0,69565,225668,4751211,-13738,4296,85,-42045,23927,738569,28684,40623,647665,21597,2563890,369156,67615,13969,53646,160874,42578,822266,408802,413464,0,ND
1997:Q1,4738337,37151,21094,189878,1032862,2693,197146,602059,351105,0,92399,0,158555,95471,135493,23037,0,21347,0,91109,3120757,809777,14491,1745471,551018,20211,7085,0,70403,238896,4807767,-9421,-519,3998,-37507,24607,703602,24028,38042,619953,21579,2613247,386112,69252,14507,54745,155706,46071,843198,417776,425422,0,ND
1997:Q2,4815882,38407,22063,177099,1039004,2624,188756,614862,357315,0,93173,0,164374,95868,136894,21762,0,20587,0,94545,3198258,837784,15006,1786968,558500,23045,8304,0,71777,237925,4892256,1771,461,1894,-37095,36511,720858,34243,40620,622475,23520,2642154,371144,71589,15067,56522,171381,45369,867990,429029,438961,0,ND
1997:Q3,4885256,38531,21045,190205,1037619,2704,178518,622562,360258,0,96865,0,165439,97802,136033,18920,0,21701,0,95412,3246069,852700,14745,1820474,558150,24495,7922,0,72230,247140,4971572,-7610,-263,313,-46724,39064,684114,33511,40639,587289,22675,2697625,399820,72339,14770,57569,180677,51541,893065,440354,452711,0,ND
1997:Q4,5022450,45004,27785,188971,1077642,2316,181380,652418,371783,0,106997,0,173638,98254,143274,18057,0,22460,0,102757,3304192,888075,13665,1840216,562236,25918,8126,0,77782,267031,5135617,-2827,719,2035,-55456,49875,712190,27779,42856,615553,26002,2752527,417882,78145,13684,64461,196110,52634,928956,440824,488132,0,ND
1998:Q1,5043293,37784,23417,216769,1095797,790,186816,662902,380237,0,108135,0,174530,96911,148378,18667,0,28671,0,101040,3338536,912868,11596,1872828,541244,31366,7104,0,79029,213491,5093568,15172,1502,29,-48714,62355,672799,21691,39288,586090,25730,2827705,435553,79712,11568,68144,204159,58278,800190,460672,339518,0,ND
1998:Q2,5101687,38413,21801,205788,1084363,747,166579,654619,362257,0,109989,0,182373,99837,162581,19220,0,32370,0,110991,3390330,958561,10351,1879444,541974,32553,7000,0,79164,242275,5144561,22476,1416,963,-41878,61975,705301,48510,41910,590223,24658,2832603,399419,79756,10348,69408,223247,57063,824696,474489,350207,0,ND
1998:Q3,5217398,39198,24803,230907,1105288,698,139881,686825,386400,0,121373,0,179052,103249,174635,17086,0,35051,0,122498,3441457,985766,10754,1894811,550126,27667,7029,0,76784,264265,5278089,50715,-1230,1055,-34822,85712,662311,30036,39920,569919,22436,2871758,430805,81549,10716,70833,243150,62273,875528,491615,383913,0,ND
1998:Q4,5417095,42057,25146,247279,1168925,817,135008,722568,418724,0,115869,0,187975,106870,203662,17136,0,42769,0,143757,3546389,1024696,9068,1948253,564372,35658,9147,0,59391,283103,5477082,29629,1636,17,-47372,75348,676861,13157,43613,596871,23220,2971401,472419,83857,9131,74726,285087,62696,895132,500914,394218,0,ND
1999:Q1,5447914,38555,21848,219950,1196432,687,145188,735808,406829,0,123662,0,205317,108633,206116,22989,0,44273,0,138854,3563756,1049350,8237,1953101,553068,37244,10060,0,60036,300032,5493884,43092,-882,246,-37570,81298,641153,16418,40336,563127,21272,2984412,479605,83950,8262,75688,294286,63323,904062,514801,389261,0,ND
1999:Q2,5559122,40551,20817,220289,1228486,544,140786,743597,400268,0,121275,0,222054,109881,233678,24292,0,44784,0,164602,3617573,1080837,7377,1987575,541784,40223,11010,0,60450,319722,5592907,74349,272,220,-36306,110163,660373,42043,41901,554233,22196,3004465,491025,84018,7392,76626,322686,59056,896936,515263,381673,0,ND
1999:Q3,5652261,41020,21042,196117,1243484,655,134406,754452,399113,0,124362,0,230977,111794,242177,23145,0,46656,0,172376,3716454,1104910,6514,2064398,540632,36044,10112,0,60387,327602,5700198,80543,65,480,-39750,119748,640392,46016,41929,530346,22101,3055938,478436,84577,6472,78105,358512,64111,937689,529432,408257,0,ND
1999:Q4,5854243,66555,22443,199150,1267267,714,132981,755413,399386,0,120858,0,235169,113205,264954,22827,0,48801,0,193326,3854884,1145303,6605,2133492,569484,41990,12387,0,71774,317793,5871972,83990,-237,233,-49505,133499,677727,49561,46776,558701,22689,3118608,500697,85133,6596,78537,389249,70181,946387,523829,422558,0,ND
2000:Q1,5955113,35187,17147,218279,1281496,677,135207,769265,400491,0,120526,0,248248,114332,262015,20767,0,46510,0,194738,3937014,1168581,7061,2196533,564839,42319,13656,0,74292,335722,5983074,94536,-213,236,-39322,133835,627602,37503,43631,523250,23218,3196339,532997,88040,7021,81019,398751,70171,974639,538476,436163,0,ND
2000:Q2,6102090,36992,17230,203123,1274633,579,125514,770736,398352,0,119352,0,253032,114755,263049,21234,0,46993,0,194822,4080087,1213461,7267,2283175,576184,41735,13489,0,75240,359560,6141037,138446,-12,512,-40289,178235,626142,48693,44820,508823,23806,3257131,531581,91550,7245,84305,431290,69278,995619,554412,441207,0,ND
2000:Q3,6209153,34494,16634,195546,1286233,645,117379,760338,392301,0,108901,0,259136,115833,292038,20697,0,51019,0,220322,4160486,1223484,6802,2336437,593763,44385,13830,0,83204,374341,6268960,132332,372,372,-46732,178320,589780,39333,43020,481014,26413,3346707,521254,94032,6784,87248,424402,78905,1081549,598454,483095,0,ND
2000:Q4,6323294,44391,17952,241781,1292950,933,96605,766919,406826,0,111033,0,249060,116603,311890,23095,0,56493,0,232302,4208342,1236638,5881,2349989,615834,43326,15044,0,77230,382278,6417035,130197,901,110,-47510,176696,593984,16384,47635,504913,25052,3452287,520460,98616,5968,92648,432402,86072,1103016,619631,483385,0,ND
2001:Q1,6366281,36000,16758,273627,1273287,0,80160,763468,421148,0,114410,0,227910,116185,313474,28547,0,57497,0,227430,4235704,1227198,5972,2394557,607977,38133,17043,0,77514,398214,6495530,97851,180,22,-31779,129427,572712,23878,43639,482187,23008,3548287,540498,101950,5982,95968,440150,84824,1109258,625613,483645,0,ND
2001:Q2,6427314,37171,17642,271118,1293014,0,77342,772460,440426,0,116413,0,215621,120035,323177,26856,0,54289,0,242032,4278105,1217682,5336,2439682,615405,41433,17251,0,78367,393212,6547549,111866,-374,150,-38912,151001,592806,37699,47439,480982,26686,3582480,538305,100757,5422,95335,441077,80451,1099807,635464,464343,0,ND
2001:Q3,6585148,36657,23715,300244,1335242,0,71853,806464,464453,0,133950,0,208061,122050,334875,24151,0,53837,0,256887,4289456,1211100,3939,2459134,615283,35564,16012,0,78428,469830,6773600,101924,-549,88,-43903,146288,597433,36353,46638,488208,26234,3656322,556923,101974,4086,97888,449202,102444,1207378,677719,529659,0,ND
2001:Q4,6655595,47330,16245,279383,1404278,0,67841,861653,466298,0,168209,0,227146,124528,350256,38490,0,59260,0,252506,4329686,1175754,3585,2510810,639537,40310,21342,0,67752,449268,6808935,137792,-23,34,-43143,180924,681677,47459,53127,558499,22592,3704570,544232,101979,3676,98303,455681,88451,1094553,679882,414671,0,1234336
2002:Q1,6731933,34918,21134,284334,1456287,0,82696,898652,476544,0,166361,0,255747,123176,351763,31328,0,60654,0,259781,4299065,1154164,3501,2508543,632857,40760,22339,0,68360,504735,6793579,97942,-476,20,-39633,138031,577779,9510,52381,494481,21407,3810356,548930,99295,3511,95784,446675,97231,1115372,703721,411651,0,1202963
2002:Q2,6853828,36549,20680,281609,1489173,0,87955,939927,535773,0,145570,0,258584,122984,338307,25505,0,56982,0,255820,4347745,1131110,3981,2577213,635441,34045,18247,0,68618,557162,6939362,99131,-238,184,-37285,136471,590861,37122,54974,476646,22119,3844177,544653,100021,3992,96029,449610,113981,1196927,718328,478599,0,1236865
2002:Q3,7070816,37850,21329,299852,1518240,0,84912,962927,556619,0,156353,0,249955,125952,344449,22991,0,66264,0,255194,4477663,1123570,3775,2695668,654650,24862,13595,0,69214,608210,7186224,99309,396,177,-37068,135804,617416,54582,54539,486551,21744,3977174,562862,98806,3810,94996,459875,109556,1261226,746987,514239,0,1360292
2002:Q4,7244223,47818,20564,284790,1565065,0,95557,997503,567589,0,159057,0,270857,126994,345011,22562,0,67387,0,255062,4586466,1111803,3930,2799458,671275,30572,19596,0,53489,635862,7356387,152195,418,40,-35324,187060,627957,31065,59768,514822,22302,4059101,587090,101496,3949,97547,458434,98246,1271869,746611,525258,0,1446307
2003:Q1,7409534,38532,24974,323880,1629640,0,98536,1052165,606220,0,179535,0,266410,128576,350363,20118,0,79956,0,250289,4637629,1097804,4270,2873705,661850,28107,13791,0,55533,657448,7481197,139589,-1197,30,-36735,177491,596706,8528,57743,530869,-434,4182697,611386,103758,4282,99476,462486,104578,1279997,729774,550223,0,1531118
2003:Q2,7642666,39540,25711,338929,1684747,0,87902,1128376,668118,0,179334,0,280924,132711,335758,19783,0,78842,0,237133,4760718,1095440,4108,2983721,677449,37684,16645,0,56956,681736,7697650,99709,-525,768,-48395,147861,643449,26680,59731,556808,230,4283569,654343,105590,4118,101472,471410,106235,1333345,743083,590262,0,1650013
2003:Q3,7710652,40361,25892,329701,1641190,0,92410,1065739,608358,0,158472,0,298909,137998,345043,21400,0,84155,0,239488,4850508,1092763,3783,3067138,686824,40560,14611,0,57615,710213,7755896,153031,-496,174,-35812,189165,625406,29839,59668,535922,-23,4314932,599795,106070,3798,102272,474042,99530,1383090,745117,637973,0,1655771
2003:Q4,7827309,47951,21206,291307,1728159,0,105691,1105198,605239,0,185834,0,314125,138750,378520,22886,0,98333,0,257301,4944089,1109180,3751,3083895,747263,49035,17106,0,73858,654598,7847663,164232,-319,62,-39723,204212,666445,30154,67556,567199,1536,4375320,575710,107789,3775,104014,484579,101479,1372109,765712,606397,0,1675073
2004:Q1,8065199,40957,22715,311066,1846098,0,112564,1213226,696251,0,210832,0,306143,140039,380269,22823,0,134779,0,222667,5049865,1094758,3337,3212269,739501,51644,16351,0,76804,649698,8041156,116220,-589,64,-31882,148627,661148,17524,66401,572925,4298,4513932,615338,107878,3347,104531,500284,108662,1417694,799795,617899,0,1764198
2004:Q2,8293214,43347,27693,308450,1850290,0,110060,1220993,705415,0,200244,0,315334,143340,375897,22056,0,131595,0,222246,5225168,1113996,3856,3358612,748704,50815,16357,0,80076,691018,8301726,194887,163,323,-29823,224224,686097,40545,61668,577935,5949,4612548,634207,111755,3867,107888,539827,90646,1431759,830015,601744,0,1833624
2004:Q3,8493649,42019,22619,330642,1804553,0,90719,1158837,659576,0,194826,0,304435,146009,408988,25271,0,138900,0,244817,5375391,1126137,3356,3480404,765494,50319,15537,0,80813,771756,8520289,160631,1839,236,-29282,187838,667910,32254,59750,569766,6140,4721532,661241,112788,3374,109414,535771,107048,1553368,945380,607988,0,1905050
2004:Q4,8722391,41528,22366,327131,1788084,0,82612,1132536,672081,0,180109,0,280346,147840,425096,27109,0,148475,0,249512,5550579,1147018,3300,3604691,795570,57474,18129,0,119701,797399,8786722,205819,925,43,-26288,231139,705685,26919,63243,604306,11217,4828559,612455,120238,3357,116881,553379,113248,1647339,984079,663260,0,1998471
2005:Q1,8917798,42128,23111,325144,1926439,0,95664,1225269,717831,0,208786,0,298652,152685,452821,29241,0,165314,0,258266,5627540,1142745,3403,3707497,773895,55803,15879,0,119531,782223,8894636,204225,-1413,52,-34263,239849,679041,20235,71155,577906,9745,4956212,614942,124776,3446,121330,557747,106567,1651126,966477,684649,0,2046145
2005:Q2,9055459,45314,21002,277143,1918261,0,85262,1199512,698043,0,200751,0,300718,155957,477530,31968,0,179798,0,265764,5818515,1184780,3353,3852400,777982,57290,14907,0,118913,784114,9039350,194108,-977,235,-33769,228619,690863,30598,71509,572214,16542,5038701,637427,125339,3386,121953,589705,106051,1657156,993418,663738,0,2071254
2005:Q3,9278768,41161,20101,308776,1932422,0,84144,1189215,696730,0,193246,0,299239,162233,496830,33421,0,192798,0,270611,5986009,1194498,3554,3980311,807646,61737,16533,0,120004,792025,9221830,212434,-311,910,-42526,254361,649792,32975,63795,534953,18069,5223501,667780,127486,3609,123877,592124,106022,1642691,998654,644037,0,2141656
2005:Q4,9434729,50081,17135,306251,1920464,0,76496,1185014,694976,0,183024,0,307014,166129,492825,31591,0,204767,0,256467,6106755,1232529,3259,4054851,816116,62923,17384,0,134899,818837,9351035,188606,885,72,-38070,225719,672735,33886,72298,549162,17389,5336680,654006,133719,3332,130387,595637,103324,1666328,1013332,652996,0,2235776
2006:Q1,9696271,40018,19134,335246,1993549,0,74201,1234940,737075,0,189153,0,308712,169489,514919,34379,0,218554,0,261986,6227973,1259897,0,4172576,795500,68611,16951,85180,142630,766980,9587432,212461,-856,566,-34624,247375,647660,4234,70502,556327,16597,5462973,689246,135142,721,134421,591687,106966,1741297,1029164,712133,0,1958782
2006:Q2,9900034,42622,18957,293712,2050776,0,78373,1265997,776074,0,191708,0,298215,171051,535355,35644,0,225249,0,274462,6395481,1297972,0,4300963,796546,66857,18478,87010,139068,787073,9817186,220615,-1037,291,-31215,252576,670918,41495,69509,538197,21717,5574460,722252,141648,-210,141858,614277,106108,1766908,1071274,695634,0,2018011
2006:Q3,10111140,40074,15824,376849,2027342,0,70296,1233918,728458,0,206869,0,298591,178729,544399,37466,0,217523,0,289410,6501906,1313383,0,4371806,816717,70586,21371,89816,138450,828922,10046331,272409,-1099,322,-27244,300430,639063,48309,68122,499626,23006,5662681,780153,146434,356,146078,615380,121123,1809088,1095094,713994,0,2001850
2006:Q4,10134950,51712,17189,377384,2045782,0,74411,1217304,746147,0,179947,0,291210,190065,564002,43714,0,224599,0,295689,6599899,1347487,0,4415664,836748,79828,24547,93392,136533,708683,10026242,294588,-333,67,-45492,340346,637052,28025,74976,507290,26761,5782705,680932,160332,389,159943,609928,119367,1741338,1142900,598438,0,2085005
2007:Q1,10173257,41179,16656,416783,2070774,0,77624,1209416,751602,0,185784,0,272030,198384,585350,40491,0,232388,0,312471,6603484,1348762,0,4435988,818734,80031,22512,96608,146406,678823,10060290,260123,-870,27,-43448,304414,617459,3862,71211,514225,28161,5879353,703874,166515,1793,164722,594367,114187,1724412,1153316,571096,13033,2088777
2007:Q2,10328673,43452,15230,392304,2094564,0,75919,1204282,745857,0,178369,0,280056,201492,612871,40656,0,251325,0,320890,6741922,1393127,0,4513774,835021,88604,24910,97990,164061,665636,10240571,279186,-1301,204,-41193,321476,607635,22246,64678,489460,31251,5904669,717884,173621,1863,171758,606093,105526,1845957,1172093,673864,12604,2105039
2007:Q3,10743707,41482,21153,470237,2112027,0,78066,1139090,695039,0,174514,0,269537,204347,690524,48914,0,267834,0,373776,6935560,1482549,0,4594463,858548,92793,28876,100277,175487,765815,10659747,346371,-722,202,-31959,378850,613947,71816,64270,448707,29154,5997426,720940,176994,142,176852,769638,112474,1921957,1210500,711457,11789,2142047
2007:Q4,11007009,54997,18914,520177,2103851,0,80056,1106300,697077,0,174090,0,235133,201960,715535,54743,0,328907,0,331885,7111079,1557555,0,4658641,894883,88762,29565,104291,212956,762417,10874177,385454,-19,48636,-35779,372616,639587,42912,75023,489910,31742,6093593,736917,185053,290,184763,807810,106544,1919219,1256904,662315,11181,2260991
2008:Q1,11220121,45430,21951,537692,2094819,0,70102,1096151,724535,0,178458,0,193158,211546,717020,58491,0,338318,0,320211,7219911,1620518,0,4715562,883831,76915,26449,105329,192691,898934,11051430,353819,-555,111292,-38002,281084,636895,42925,69948,494533,29489,6246409,725096,185022,69,184953,837369,91006,1975814,1284259,691555,11173,2392978
2008:Q2,11241915,45710,31737,549897,2139793,0,54409,1162310,784695,0,184811,0,192804,211954,711120,50042,0,325659,0,335419,7240837,1643606,0,4694244,902987,74484,25498,108343,181673,843943,11071740,430785,-638,174189,-31149,288383,640788,50217,69776,493144,27651,6198709,740906,184497,34,184463,839710,70520,1965825,1355891,609934,10719,2310162
2008:Q3,11650129,47985,180584,579694,2244596,100037,74468,1161214,800111,0,181772,0,179331,229700,679177,44672,0,315625,0,318880,7288794,1711605,0,4653827,923362,57139,19967,114923,152350,964098,11548240,624575,-954,300057,-43546,369018,690193,41454,69379,540099,39261,6344010,765083,177108,889,176219,919236,59151,1968884,1353474,615410,9846,2423556
2008:Q4,12060772,57725,546942,575071,2188803,15685,56362,1242498,850976,0,193930,0,197592,221895,652363,29001,0,285572,0,337790,7275084,1694882,0,4615237,964965,33791,19590,110740,159071,1093955,11854350,889264,-1494,559695,-35201,366264,777518,3453,83394,627748,62923,6510280,727173,185315,499,184816,807837,12341,1944622,1370527,574095,9519,1877861
2009:Q1,11830349,50305,519732,489739,2248502,4452,74644,1261340,833611,0,204605,0,223124,220403,687663,26234,0,256173,0,405256,7165122,1618110,0,4616213,930799,28292,33525,110475,145984,1038673,11877655,888871,-3075,540810,-4894,356030,714341,4303,78238,586478,45322,6613414,691166,170928,647,170281,710756,14026,2074153,1578176,495977,9132,1829728
2009:Q2,11608980,51142,445521,403761,2356461,9841,87285,1326500,858283,3495,219859,3921,240942,225983,706852,18355,16733,213848,29806,428110,7033952,1556233,0,4564040,913679,38226,36014,111156,169551,963195,11667631,798605,-2831,328511,14834,458091,774694,4038,102945,624742,42969,6549283,684613,168410,924,167486,642150,8881,2040995,1547003,493992,8052,1788859
2009:Q3,11475337,50745,588185,333784,2391318,52,124989,1320702,804752,3564,239034,3952,269400,223726,721849,17722,17706,213023,27254,446144,6817221,1468589,0,4437829,910803,51431,49727,110416,202936,879574,11540013,701224,-2535,207232,22963,473564,795782,3701,88953,669406,33722,6547433,651872,161345,727,160618,583462,25269,2073626,1590622,483004,7288,1179639
2009:Q4,11398244,54922,634696,266888,2434424,0,124473,1417424,837531,3554,263997,3971,308371,224336,668191,16227,17808,202901,26008,405247,6687316,1409128,0,4371923,906265,63597,46115,111496,269189,829600,11509492,519640,-2097,96618,15663,409456,871553,3789,102593,730907,34264,6646923,532141,176970,626,176344,541743,18037,2202485,1599422,603063,6926,1292543
2010:Q1,11629169,51802,677168,255946,2441822,0,188737,1421895,802110,3650,312607,3582,299946,225836,605354,14353,17094,170797,25628,377482,6945386,1407053,0,4311143,1227190,66935,43188,112111,275627,759184,11669125,372158,-1625,11523,6772,355488,825454,4113,98762,687299,35280,6704024,557452,655309,247173,408136,485764,8290,2060674,1576904,483770,7532,1824643
2010:Q2,11478742,53787,627460,255110,2411421,0,187866,1412864,766300,3421,333020,3468,306655,228476,582215,7480,12110,157831,24886,379908,6869878,1402122,0,4253420,1214336,49452,38692,112826,242132,817984,11619374,347566,-1948,673,4878,343963,843883,3234,99298,704294,37057,6673740,521214,688296,262871,425425,452050,24657,2067968,1632862,435106,6404,1858826
2010:Q3,11453229,50548,573067,264024,2504121,0,226228,1463552,798580,3437,364361,3533,293641,236562,577779,6871,11477,144885,24650,389896,6821612,1403395,0,4220819,1197398,60790,41179,114357,272089,751442,11646751,354302,-1574,296,5686,349894,838480,3616,98641,704093,32130,6736860,532772,645267,241873,403394,409182,36554,2093334,1651267,442067,6112,2132324
2010:Q4,11442788,52722,570277,267630,2549838,0,217511,1527207,835324,3339,393444,3621,291479,254605,550515,6525,11376,132338,24653,375623,6809337,1428904,0,4194921,1185512,73557,44997,115985,306979,651466,11639383,358762,-1421,221,15865,344097,941100,3640,108787,798224,30449,6784758,484036,585097,214363,370734,392788,37292,2055550,1632733,422817,6156,1436324
2011:Q1,11415522,53311,696100,222747,2571448,0,216057,1561800,840311,3829,417779,4728,295153,259864,533727,12900,9089,123796,20075,367867,6656510,1430396,0,4082496,1143618,78006,47096,121550,325425,643329,11653415,334914,-1380,58,18563,317673,977994,3635,108180,822855,43324,6859165,444253,583402,216949,366453,363977,38845,2050865,1670796,380069,6099,1465615
2011:Q2,11531427,55427,839786,224863,2536830,0,183289,1559594,827129,4794,450149,5485,272037,267294,526653,6781,9206,116811,19953,373902,6665193,1459499,0,4045911,1159783,80889,45009,122538,317472,643420,11795271,251988,-917,120,26360,226425,1059726,3715,113287,896254,46470,7020350,427981,573314,212439,360875,346134,51239,2064539,1674020,390519,6142,1590797
2011:Q3,11645028,50608,767137,252385,2598472,0,191729,1576558,844580,7259,472152,9560,243007,283848,546337,5783,9322,113722,24863,392647,6717821,1516564,0,4038206,1163051,58732,36631,123566,251596,788080,11913466,181411,-769,110,51227,130843,1154553,2963,112743,987447,51400,7149882,423209,535955,195334,340621,328550,66313,2073593,1694137,379456,6172,1597405
2011:Q4,11778155,60801,776965,242589,2658185,0,173851,1634110,899095,8177,473762,13429,239647,297250,552974,3451,8907,110379,27359,402878,6831257,1589133,0,4049552,1192572,67366,41655,125455,259900,713982,12087695,95121,-631,196,40308,55248,1260542,956,125771,1077763,56052,7308652,402498,563510,210272,353238,332087,64145,2061140,1710596,350544,6046,1663225
2012:Q1,11778409,56425,793573,229180,2792731,0,189269,1762723,980802,29723,490722,27695,233781,318090,522649,15350,6823,95909,30169,374398,6786773,1617292,0,4013422,1156059,68321,43150,133752,285207,589297,12148912,101581,-720,6,23887,78408,1212211,1275,122903,1036908,51125,7403183,379338,537420,199875,337545,309080,66203,2139896,1780469,359427,5984,1673606
2012:Q2,11895734,56620,756844,244423,2802844,0,215381,1729387,972301,21211,471111,33319,231445,338879,519197,19035,9867,93388,31404,365503,6878774,1690853,0,4016551,1171370,61610,40343,134999,265411,653866,12247252,52239,-709,77,5238,47633,1229133,1212,121246,1057248,49427,7476408,400098,508259,191822,316437,328020,66188,2186907,1826127,360780,5930,1727992
2012:Q3,11990221,56327,715244,284451,2878203,0,231081,1743943,978706,23856,472360,41329,227692,363243,539936,18704,9875,94239,33723,383395,6927924,1730857,0,4013828,1183239,68577,42459,136448,275903,604684,12426320,53319,-607,126,7280,46520,1262226,1040,115903,1094846,50437,7594657,381738,497562,188798,308764,321386,79070,2236362,1869526,366836,6179,1751907
2012:Q4,12224690,71036,777235,302671,2903193,0,246209,1729242,949153,24997,466296,47344,241452,374397,553345,19189,9950,91875,34474,397857,7050781,1809689,0,4026102,1214990,71357,45798,138050,282340,582229,12651109,-28582,-486,70,-2663,-25503,1432680,1345,122075,1257322,51938,7781362,349708,478452,176540,301912,336714,78207,2222568,1886552,336016,6467,1989263
2013:Q1,12288813,59609,968160,259226,2955691,0,232851,1788935,982230,56411,457318,51212,241764,383024,550881,19793,9671,87679,35813,397925,6982471,1804183,0,3990686,1187602,80819,50089,139244,298604,494900,12722877,33483,-591,9,10414,23651,1438178,1514,119575,1274504,42585,7795260,327087,462436,169635,292801,332115,70354,2263964,1914368,349596,6756,3336559
2013:Q2,12308467,60191,969447,237486,2901929,0,194774,1768867,971952,63623,439404,56116,237772,390050,548238,22417,9901,81655,35590,398675,7052713,1858586,0,3982698,1211429,79914,47884,140431,285786,532685,12709898,56776,-714,120,-18239,75609,1372665,1291,116830,1213048,41496,7834751,329746,388995,134893,254102,372552,56053,2298360,1878086,420274,7261,3431044
2013:Q3,12498335,62169,1172428,217166,2893375,0,187210,1741540,961059,55357,424311,61662,239151,402535,562090,27216,8562,80006,36647,409659,7084876,1878368,0,3975523,1230985,87767,51965,141643,312948,473998,12900613,89888,-566,177,-16380,106657,1429923,1274,120187,1258923,49539,7980957,305081,344599,115584,229015,377092,67890,2305183,1899759,405424,7711,3647275
2013:Q4,12680817,73587,1191731,215429,2940260,0,216907,1743882,957672,57665,428418,65568,234559,415514,563957,27822,8191,76621,38351,412972,7197061,1942462,0,3983444,1271155,98970,55955,143833,317230,446761,13199654,90479,-962,74,-3922,95289,1579990,1627,128941,1398251,51171,8062714,269212,350256,122694,227562,410057,59392,2377554,1967284,410270,7921,3810899
2014:Q1,12816858,64754,1273333,201776,3001063,0,263820,1762026,965131,57793,441678,69206,228218,429172,546045,26345,6528,72253,40017,400902,7218306,1980926,0,3991361,1246019,100247,58776,145108,311948,441547,13366411,93202,-546,35,-8682,102395,1558896,1708,125916,1378391,52881,8190773,283104,343116,121239,221877,394717,62157,2440446,2017003,423443,8099,3817666
2014:Q2,13078679,64874,1302140,202458,3060925,0,298977,1775247,972875,62625,441854,72815,225078,438276,548425,24908,6992,76660,38799,401066,7382329,2059960,0,4038689,1283680,106699,62579,146597,319357,430722,13632967,104100,-524,164,-11160,115620,1653758,1824,125956,1470514,55464,8240549,271967,338246,117706,220540,442177,69489,2512681,2070663,442018,8330,3981233
2014:Q3,13272768,64666,1343421,196038,3136655,0,359535,1800748,982362,75422,444454,76158,222352,450777,525595,22102,5894,73608,40209,383782,7466223,2103001,0,4057799,1305423,103005,57799,147796,304757,452408,13828703,174187,-915,327,-12004,186779,1669504,2080,128429,1487206,51789,8281195,252669,317742,107873,209869,446688,76493,2610225,2097025,513200,8593,3980158
2014:Q4,13596531,75618,1402679,185020,3230957,0,422563,1820983,997271,80293,446433,81648,215338,461934,525477,20533,5662,71249,43700,384333,7629150,2195306,0,4090731,1343113,106095,57635,149565,280530,479282,14214215,159384,-555,145,-30877,190671,1716133,2489,145725,1513108,54811,8511608,236050,313830,105619,208211,468231,79949,2729030,2175846,553184,8614,4190231
2015:Q1,13835614,67811,1470195,215025,3307486,0,426808,1880845,1044282,80347,452706,87580,215930,474063,525770,17886,5254,68531,47149,386950,7682944,2246684,0,4124111,1312149,106552,57339,150945,284517,492800,14391352,181121,-748,49,-33986,215806,1730298,2452,135177,1538473,54196,8693176,228311,309486,105079,204407,436039,80296,2732625,2158508,574117,8647,4256421
2015:Q2,13802411,68267,1277188,208915,3318331,0,426408,1891821,1064557,84224,443029,88458,211553,481266,518836,16631,3787,66332,48756,383330,7850562,2320371,0,4180631,1349560,105937,57793,153101,285225,477092,14354041,95975,-412,166,-36229,132450,1753870,2295,139017,1562746,49812,8667456,226222,302639,102840,199799,478125,67546,2762208,2177938,584270,8614,4288954
2015:Q3,13902955,67603,1245891,212304,3341467,0,425556,1916570,1091768,84184,444293,93150,203175,494299,505042,13751,3263,63121,50502,374405,7950002,2337188,0,4229747,1383067,91769,51582,154515,255384,532438,14447133,66362,-87,252,-31905,98102,1694474,2283,135875,1516769,39547,8831019,205919,296545,100058,196487,460227,75594,2816993,2205793,611200,8260,4320313
2015:Q4,14114229,74160,1204903,209831,3376504,0,435026,1926910,1120584,69075,442784,99355,195112,507692,506876,11610,3024,58127,53240,380875,8148514,2423569,0,4296676,1428269,97733,52991,156176,242359,551058,14726172,119151,-36,115,-35777,154849,1787074,2334,137086,1603205,44449,8975384,196774,301481,102750,198731,498651,70751,2776906,2214744,562162,7967,4436278
2016:Q1,14364558,69788,1286077,205594,3429663,0,442010,1957419,1137176,76576,446117,107385,190165,517279,512955,10450,2605,55446,52674,391780,8238867,2492508,0,4340588,1405771,91326,54342,157557,246154,585189,14940220,87899,-1178,58,-43557,132576,1778736,2216,137982,1588440,50098,9165846,193701,319731,111611,208120,484531,73065,2836711,2251074,585637,8062,4487176
2016:Q2,14573343,73259,1193074,215619,3493683,0,455543,1987577,1173338,82125,437829,114820,179465,534769,515794,9109,2363,54143,52041,398138,8422933,2544134,0,4432222,1446577,94887,55732,158980,233371,631805,15187826,91447,-1287,200,-49838,142372,1815014,2126,136399,1626886,49603,9211184,184103,334138,120213,213925,548999,76400,2926541,2314480,612061,8302,4550559
2016:Q3,14808523,65058,1230845,234413,3605789,0,495322,2043980,1232630,92491,433481,119473,165905,542453,524034,8072,2568,50954,45755,416685,8534000,2562447,0,4495846,1475707,98448,54904,160469,244572,580025,15522884,106100,-735,198,-41547,148184,1852698,2063,138219,1657465,54951,9423031,180091,307814,108049,199765,546202,82569,3024379,2431695,592684,8981,4669329
2016:Q4,14819754,75963,1114587,218498,3637714,0,528382,2058010,1260068,94045,417707,124667,161523,544888,506434,7830,3445,46378,42702,406079,8639614,2569922,0,4537603,1532089,104003,55933,161791,241865,569786,15544476,30110,-804,63,-34797,65648,1879658,2211,143016,1677182,57249,9575624,162567,277487,94740,182747,566399,71640,2980991,2397222,583769,9269,4728841
2017:Q1,15017418,70165,1323162,189965,3697043,0,525187,2096050,1288086,97715,417128,128699,164422,548990,526816,7472,4938,46127,39328,428951,8614756,2571672,0,4555992,1487092,109454,58382,163184,255772,535535,15744403,81408,-567,9,4159,77807,1968820,2202,143156,1764041,59421,9630256,158532,266947,91608,175339,525673,64407,3048360,2447596,600764,9705,4745786
2017:Q2,15072574,70751,1193531,224482,3687580,0,478352,2141527,1328395,102148,415702,131945,163337,559927,507774,6777,4306,44637,37949,414105,8757963,2621612,0,4622040,1514311,113385,58498,164531,259222,542631,15784298,77881,-636,142,-3328,81703,1990281,1994,140698,1789664,57925,9569771,162942,264058,91337,172721,569558,69276,3080531,2468510,612021,10676,4700682
2017:Q3,15176410,68525,1207815,188144,3735794,0,480546,2185421,1369599,103770,417019,134531,160502,563604,506223,5863,3237,42201,37428,417494,8841406,2638935,0,4661054,1541417,118728,61172,166661,266775,521390,15977247,56713,-743,196,-4531,61791,1943711,2033,134379,1737278,70021,9741630,166891,264888,92878,172010,579543,80231,3143640,2530527,613113,10978,4772476
2017:Q4,15318457,77168,1161900,222463,3757367,0,484410,2207430,1382003,116041,411449,139687,158250,572574,492953,4539,3014,39315,36137,409948,8984790,2674461,0,4698482,1611847,127622,64780,168199,299284,454884,16062939,52592,-920,134,3122,50256,2015371,1880,140552,1813551,59388,9802034,170428,223222,75512,147710,586455,104285,3108552,2495682,612870,11196,4885333
2018:Q1,15358120,68209,1228022,240909,3694767,0,479962,2173553,1352143,112781,410309,142282,156038,555677,485575,3548,2473,37247,36105,406202,9004098,2713807,0,4721373,1568918,125302,57719,169417,290511,479166,16109408,-29751,-700,17,6186,-35254,2071855,2201,140095,1859837,69722,9951228,156865,242967,84723,158244,557073,90297,3068874,2480581,588293,11419,4886209
2018:Q2,15297667,70344,1071869,229500,3655082,0,487754,2169922,1347366,111880,412176,146383,152117,519213,478193,4305,2297,35495,36158,399938,9137632,2770467,0,4767310,1599855,125609,57699,170393,290119,489420,16177602,27328,-543,239,1268,26364,1982077,2225,134532,1768818,76502,10001972,157993,251383,90141,161242,588599,92985,3075265,2481069,594196,11784,4850226
2018:Q3,15370881,68035,1038775,237248,3653833,0,496399,2165840,1339491,115581,412882,147927,149959,502241,489353,3345,2058,33031,36942,413977,9217220,2788926,0,4797465,1630829,133120,60112,171673,291559,499306,16203727,294,-969,271,-4996,5988,1928923,1769,127840,1721414,77900,10139386,156199,259534,93324,166210,557008,98548,3063835,2438113,625722,12539,4943914
2018:Q4,15633101,82038,888427,382794,3760515,0,569784,2239257,1394872,123733,417612,153454,149586,499843,451631,3642,2035,32457,38961,374536,9427540,2927845,0,4817745,1681950,109083,52145,172090,250322,508147,16524287,21532,-770,61,-6118,28359,2053667,1751,132916,1844650,74350,10293929,143110,247456,87495,159961,577263,109672,3077658,2500500,577158,12393,5084663
2019:Q1,15640818,69865,898572,359429,3847486,0,563840,2293063,1435601,130808,423161,157556,145937,492184,498399,3894,2035,32707,41085,418678,9408742,2928862,0,4835354,1644526,129520,56655,173428,274855,422266,16589992,-18109,-789,11,-4436,-12895,1992330,1618,131317,1785831,73564,10421017,152042,235583,81598,153985,524125,105462,3177542,2517423,660119,12982,5001664
2019:Q2,15841736,71482,806725,376377,3927807,0,592153,2363170,1495655,139263,423567,163422,141263,476091,496393,3583,1950,34628,42068,414164,9570206,2985860,0,4899988,1684358,135241,58259,175484,280815,439340,16836582,14484,-821,115,-11035,26225,2027155,1592,128994,1809594,86975,10491153,153895,230279,78957,151322,540476,108907,3270233,2584345,685888,12670,5134772
2019:Q3,16063705,70313,838170,332339,4058472,0,674495,2411064,1531936,146257,429177,173051,130643,470910,502003,4426,2308,34906,42642,417721,9664498,3008813,0,4939772,1715913,133904,57999,176941,276095,454973,17017358,-7619,-744,107,-8790,1808,2071961,1978,128608,1856710,84665,10671833,180290,209737,68713,141024,501954,119103,3270099,2574060,696039,13095,5330307
2019:Q4,16332331,83419,907338,358488,4083476,0,704081,2408228,1532168,149075,427880,178084,121021,471664,499503,5297,2650,34637,42325,414594,9784903,3026555,0,4987376,1770972,147678,61574,178763,297495,429197,17259862,7725,-643,42,-6971,15297,2191464,1635,139075,1971695,79059,10804786,167018,209706,68396,141310,484934,124218,3270011,2603479,666532,13145,5484316
2020:Q1,17646747,99022,1476464,331260,4272106,27546,724392,2582835,1663809,161092,448847,197008,112079,483993,453340,5656,2601,36508,43060,365515,10189208,3458802,0,5020530,1709876,95883,45608,179664,228547,728985,18581262,67424,-654,76633,-20725,12170,2649718,1679,142313,2414565,91161,11428796,191122,232946,80011,152935,615064,107559,3288633,2618724,669909,13360,6229013
2020:Q2,18715069,91946,1967078,560278,4588352,11756,926635,2650292,1678260,174002,478053,210424,109553,501506,498163,5560,2723,39919,44041,405920,10260562,3575897,0,5040265,1644400,120638,51943,180981,262813,630478,19657135,127787,-730,82962,-7682,53237,3303356,1904,167254,3063644,70554,11958255,190497,242253,84499,157754,380298,109940,3344749,2744206,600543,13264,6736974
2020:Q3,18843458,90023,1918003,498097,4866577,3898,1019458,2804593,1774014,184176,499798,227814,118791,504848,533780,5096,2867,39887,42702,443228,10132545,3426494,0,5056873,1649178,132978,55419,182762,277545,689508,19688158,93773,-1329,66127,-2676,31651,3416368,2447,178084,3172811,63026,12002313,179037,251449,89541,161908,306787,112347,3326084,2760181,565903,13490,6811477
2020:Q4,19413369,99196,2189755,538309,5124624,1992,1044140,3061043,1943263,201890,547760,238914,129216,512606,504843,4686,2920,39031,42577,415629,10074821,3361757,0,5027455,1685609,160345,63355,184817,329078,649069,20195176,8843,-567,44178,-3370,-31398,4572759,2691,229876,4278958,61234,11461159,170899,268482,98004,170478,252337,113028,3347669,2806509,541160,13461,7199321
2021:Q1,19893608,97470,2602529,294420,5485961,110,1110949,3233239,2083723,207502,554849,247525,139640,516775,624888,5623,3014,40890,44239,531122,10017248,3394087,0,4989956,1633205,176509,68052,186897,329392,635129,20671167,-101614,-1050,41141,3128,-144833,4805743,2436,248977,4496419,57911,11862744,187478,279720,104365,175355,228628,96230,3312238,2747265,564973,13364,7431901
