date,FL893169005.Q,FL313069205.Q,FL153169203.Q,FL103169205.Q,FL113169205.Q,FL213169203.Q,FL403169283.Q,FL313069223.Q,FL503169205.Q,FL263169203.Q,FL313169003.Q,FL313169003.Q,FL263069500.Q,FL263069500.Q,FL763069703.Q,FL753069703.Q,FL103169705.Q,FL263169705.Q,FL733069005.Q,FL733069013.Q,FL733069023.Q,FL153169405.Q,FL313069403.Q,FL543069405.Q,FL403069330.Q,FL763169335.Q,FL473169333.Q,FL513169333.Q,FL543169373.Q,FL613169333.Q,FL643169373.Q,FL403069395.Q,FL153169305.Q,FL183169305.Q,FL113169305.Q,FL763169383.Q,FL673069505.Q,FL673069505.Q,FL613069500.Q,FL103169535.Q,FL113169535.Q,FL663067003.Q,FL663067003.Q,FL153067005.Q,FL153067005.Q,FL103169803.Q,FL153069803.Q,FL543069873.Q,FL653069803.Q,FL673069803.Q,FL663069803.Q,FL503069805.Q,FL503069075.Q,FL503069003.Q,FL503069013.Q,FL503069023.Q,FL503069033.Q
1945:Q4,11855,4346,0,657,939,505,0,0,0,2245,0,0,0,0,123,31,134,20,0,0,0,2078,116,1962,205,205,0,0,0,0,0,457,0,7,450,0,0,0,2669,2402,267,1252,1252,694,694,0,0,0,0,0,0,0,0,0,0,0,0
1946:Q1,ND,ND,ND,ND,ND,ND,ND,ND,ND,ND,ND,ND,ND,ND,ND,ND,ND,ND,ND,ND,ND,ND,ND,ND,ND,ND,ND,ND,ND,ND,ND,ND,ND,ND,ND,ND,ND,ND,ND,ND,ND,ND,ND,ND,ND,ND,ND,ND,ND,ND,ND,ND,ND,ND,ND,ND,ND
1946:Q2,ND,ND,ND,ND,ND,ND,ND,ND,ND,ND,ND,ND,ND,ND,ND,ND,ND,ND,ND,ND,ND,ND,ND,ND,ND,ND,ND,ND,ND,ND,ND,ND,ND,ND,ND,ND,ND,ND,ND,ND,ND,ND,ND,ND,ND,ND,ND,ND,ND,ND,ND,ND,ND,ND,ND,ND,ND
1946:Q3,ND,ND,ND,ND,ND,ND,ND,ND,ND,ND,ND,ND,ND,ND,ND,ND,ND,ND,ND,ND,ND,ND,ND,ND,ND,ND,ND,ND,ND,ND,ND,ND,ND,ND,ND,ND,ND,ND,ND,ND,ND,ND,ND,ND,ND,ND,ND,ND,ND,ND,ND,ND,ND,ND,ND,ND,ND
1946:Q4,14449,7459,0,501,1840,484,0,0,0,4634,0,0,0,0,182,45,191,36,0,0,0,2008,114,1894,301,301,0,0,0,0,0,511,0,8,503,0,0,0,2616,2354,262,594,594,733,733,0,0,0,0,0,0,0,0,0,0,0,0
1947:Q1,ND,ND,ND,ND,ND,ND,ND,ND,ND,ND,ND,ND,ND,ND,ND,ND,ND,ND,ND,ND,ND,ND,ND,ND,ND,ND,ND,ND,ND,ND,ND,ND,ND,ND,ND,ND,ND,ND,ND,ND,ND,ND,ND,ND,ND,ND,ND,ND,ND,ND,ND,ND,ND,ND,ND,ND,ND
1947:Q2,ND,ND,ND,ND,ND,ND,ND,ND,ND,ND,ND,ND,ND,ND,ND,ND,ND,ND,ND,ND,ND,ND,ND,ND,ND,ND,ND,ND,ND,ND,ND,ND,ND,ND,ND,ND,ND,ND,ND,ND,ND,ND,ND,ND,ND,ND,ND,ND,ND,ND,ND,ND,ND,ND,ND,ND,ND
1947:Q3,ND,ND,ND,ND,ND,ND,ND,ND,ND,ND,ND,ND,ND,ND,ND,ND,ND,ND,ND,ND,ND,ND,ND,ND,ND,ND,ND,ND,ND,ND,ND,ND,ND,ND,ND,ND,ND,ND,ND,ND,ND,ND,ND,ND,ND,ND,ND,ND,ND,ND,ND,ND,ND,ND,ND,ND,ND
1947:Q4,18615,11519,0,531,2062,503,0,0,0,8423,0,0,0,0,209,52,187,74,0,0,0,2050,113,1937,432,432,0,0,0,0,0,678,0,10,668,0,0,0,2379,2141,238,636,636,660,660,0,0,0,0,0,0,0,0,0,0,0,0
1948:Q1,ND,ND,ND,ND,ND,ND,ND,ND,ND,ND,ND,ND,ND,ND,ND,ND,ND,ND,ND,ND,ND,ND,ND,ND,ND,ND,ND,ND,ND,ND,ND,ND,ND,ND,ND,ND,ND,ND,ND,ND,ND,ND,ND,ND,ND,ND,ND,ND,ND,ND,ND,ND,ND,ND,ND,ND,ND
1948:Q2,ND,ND,ND,ND,ND,ND,ND,ND,ND,ND,ND,ND,ND,ND,ND,ND,ND,ND,ND,ND,ND,ND,ND,ND,ND,ND,ND,ND,ND,ND,ND,ND,ND,ND,ND,ND,ND,ND,ND,ND,ND,ND,ND,ND,ND,ND,ND,ND,ND,ND,ND,ND,ND,ND,ND,ND,ND
1948:Q3,ND,ND,ND,ND,ND,ND,ND,ND,ND,ND,ND,ND,ND,ND,ND,ND,ND,ND,ND,ND,ND,ND,ND,ND,ND,ND,ND,ND,ND,ND,ND,ND,ND,ND,ND,ND,ND,ND,ND,ND,ND,ND,ND,ND,ND,ND,ND,ND,ND,ND,ND,ND,ND,ND,ND,ND,ND
1948:Q4,20367,12824,0,516,2213,573,0,0,0,9522,0,0,0,0,207,52,190,69,0,0,0,2182,125,2057,509,509,0,0,0,0,0,845,0,12,833,0,0,0,2489,2240,249,605,605,654,654,0,0,0,0,0,0,0,0,0,0,0,0
1949:Q1,ND,ND,ND,ND,ND,ND,ND,ND,ND,ND,ND,ND,ND,ND,ND,ND,ND,ND,ND,ND,ND,ND,ND,ND,ND,ND,ND,ND,ND,ND,ND,ND,ND,ND,ND,ND,ND,ND,ND,ND,ND,ND,ND,ND,ND,ND,ND,ND,ND,ND,ND,ND,ND,ND,ND,ND,ND
1949:Q2,ND,ND,ND,ND,ND,ND,ND,ND,ND,ND,ND,ND,ND,ND,ND,ND,ND,ND,ND,ND,ND,ND,ND,ND,ND,ND,ND,ND,ND,ND,ND,ND,ND,ND,ND,ND,ND,ND,ND,ND,ND,ND,ND,ND,ND,ND,ND,ND,ND,ND,ND,ND,ND,ND,ND,ND,ND
1949:Q3,ND,ND,ND,ND,ND,ND,ND,ND,ND,ND,ND,ND,ND,ND,ND,ND,ND,ND,ND,ND,ND,ND,ND,ND,ND,ND,ND,ND,ND,ND,ND,ND,ND,ND,ND,ND,ND,ND,ND,ND,ND,ND,ND,ND,ND,ND,ND,ND,ND,ND,ND,ND,ND,ND,ND,ND,ND
1949:Q4,21410,13548,0,643,2495,488,0,0,0,9922,0,0,0,0,218,54,214,58,0,0,0,2381,141,2240,427,427,0,0,0,0,0,865,0,13,852,0,0,0,2246,2021,225,969,969,702,702,0,0,0,0,0,0,0,0,0,0,0,0
1950:Q1,ND,ND,ND,ND,ND,ND,ND,ND,ND,ND,ND,ND,ND,ND,ND,ND,ND,ND,ND,ND,ND,ND,ND,ND,ND,ND,ND,ND,ND,ND,ND,ND,ND,ND,ND,ND,ND,ND,ND,ND,ND,ND,ND,ND,ND,ND,ND,ND,ND,ND,ND,ND,ND,ND,ND,ND,ND
1950:Q2,ND,ND,ND,ND,ND,ND,ND,ND,ND,ND,ND,ND,ND,ND,ND,ND,ND,ND,ND,ND,ND,ND,ND,ND,ND,ND,ND,ND,ND,ND,ND,ND,ND,ND,ND,ND,ND,ND,ND,ND,ND,ND,ND,ND,ND,ND,ND,ND,ND,ND,ND,ND,ND,ND,ND,ND,ND
1950:Q3,ND,ND,ND,ND,ND,ND,ND,ND,ND,ND,ND,ND,ND,ND,ND,ND,ND,ND,ND,ND,ND,ND,ND,ND,ND,ND,ND,ND,ND,ND,ND,ND,ND,ND,ND,ND,ND,ND,ND,ND,ND,ND,ND,ND,ND,ND,ND,ND,ND,ND,ND,ND,ND,ND,ND,ND,ND
1950:Q4,23591,13919,0,621,2732,555,0,0,0,10011,0,0,0,0,315,79,275,119,0,0,0,2571,158,2413,810,810,0,0,0,0,0,972,0,14,958,0,0,0,2462,2216,246,1492,1492,971,971,0,0,0,0,0,0,0,0,0,0,0,0
1951:Q1,ND,ND,ND,ND,ND,ND,ND,ND,ND,ND,ND,ND,ND,ND,ND,ND,ND,ND,ND,ND,ND,ND,ND,ND,ND,ND,ND,ND,ND,ND,ND,ND,ND,ND,ND,ND,ND,ND,ND,ND,ND,ND,ND,ND,ND,ND,ND,ND,ND,ND,ND,ND,ND,ND,ND,ND,ND
1951:Q2,ND,ND,ND,ND,ND,ND,ND,ND,ND,ND,ND,ND,ND,ND,ND,ND,ND,ND,ND,ND,ND,ND,ND,ND,ND,ND,ND,ND,ND,ND,ND,ND,ND,ND,ND,ND,ND,ND,ND,ND,ND,ND,ND,ND,ND,ND,ND,ND,ND,ND,ND,ND,ND,ND,ND,ND,ND
1951:Q3,ND,ND,ND,ND,ND,ND,ND,ND,ND,ND,ND,ND,ND,ND,ND,ND,ND,ND,ND,ND,ND,ND,ND,ND,ND,ND,ND,ND,ND,ND,ND,ND,ND,ND,ND,ND,ND,ND,ND,ND,ND,ND,ND,ND,ND,ND,ND,ND,ND,ND,ND,ND,ND,ND,ND,ND,ND
1951:Q4,24943,14592,0,638,2963,816,0,0,0,10175,0,0,0,0,392,98,313,177,0,0,0,2765,175,2590,911,911,0,0,0,0,0,1175,0,17,1158,0,0,0,2696,2426,270,1421,1421,893,893,0,0,0,0,0,0,0,0,0,0,0,0
1952:Q1,24613,14764,0,624,3064,771,0,0,0,10305,0,0,0,0,366,92,269,189,0,0,0,2807,180,2627,589,589,0,0,0,0,0,1210,0,18,1192,0,0,0,2615,2354,262,1422,1422,748,748,0,0,0,0,0,0,0,0,0,0,0,0
1952:Q2,25106,15033,0,608,3133,844,0,0,0,10448,0,0,0,0,333,83,254,162,0,0,0,2846,185,2661,653,653,0,0,0,0,0,1245,0,20,1225,0,0,0,2764,2488,276,1454,1454,695,695,0,0,0,0,0,0,0,0,0,0,0,0
1952:Q3,25639,15395,0,624,3166,980,0,0,0,10625,0,0,0,0,363,91,315,139,0,0,0,2882,185,2697,715,715,0,0,0,0,0,1220,0,19,1201,0,0,0,2831,2548,283,1465,1465,677,677,0,0,0,0,0,0,0,0,0,0,0,0
1952:Q4,26391,15593,0,660,3189,1138,0,0,0,10606,0,0,0,0,394,98,335,157,0,0,0,2902,189,2713,864,864,0,0,0,0,0,1197,0,18,1179,0,0,0,3127,2814,313,1502,1502,714,714,0,0,0,0,0,0,0,0,0,0,0,0
1953:Q1,26652,15749,0,681,3372,913,0,0,0,10783,0,0,0,0,364,91,313,142,0,0,0,2953,195,2758,611,611,0,0,0,0,0,1110,0,17,1093,0,0,0,3372,3035,337,1665,1665,737,737,0,0,0,0,0,0,0,0,0,0,0,0
1953:Q2,27616,16394,4,996,3378,839,0,0,0,11177,0,0,0,0,342,86,281,147,0,0,0,3006,200,2806,718,718,0,0,0,0,0,1149,0,19,1130,0,0,0,3428,3085,343,1854,1854,639,639,0,0,0,0,0,0,0,0,0,0,0,0
1953:Q3,28309,16966,6,1014,3410,842,0,0,0,11694,0,0,0,0,412,103,342,173,0,0,0,3055,205,2850,801,801,0,0,0,0,0,1124,0,18,1106,0,0,0,3396,3056,340,1789,1789,663,663,0,0,0,0,0,0,0,0,0,0,0,0
1953:Q4,28596,17136,8,963,3476,774,0,0,0,11915,0,0,0,0,458,115,376,197,0,0,0,3122,208,2914,952,952,0,0,0,0,0,987,0,14,973,0,0,0,3252,2927,325,1866,1866,708,708,0,0,0,0,0,0,0,0,0,0,0,0
1954:Q1,28545,17114,11,920,3612,670,0,0,0,11901,0,0,0,0,464,116,402,178,0,0,0,3187,215,2972,630,630,0,0,0,0,0,1024,0,15,1009,0,0,0,3336,3002,334,1888,1888,786,786,0,0,0,0,0,0,0,0,0,0,0,0
1954:Q2,28535,16742,14,819,3591,477,0,0,0,11841,0,0,0,0,471,118,403,186,0,0,0,3252,220,3032,675,675,0,0,0,0,0,1095,0,18,1077,0,0,0,3304,2974,330,2045,2045,833,833,0,0,0,0,0,0,0,0,0,0,0,0
1954:Q3,28736,16663,16,830,3633,453,0,0,0,11731,0,0,0,0,487,122,422,187,0,0,0,3309,225,3084,689,689,0,0,0,0,0,1119,0,18,1101,0,0,0,3138,2824,314,2290,2290,919,919,0,0,0,0,0,0,0,0,0,0,0,0
1954:Q4,29794,16720,18,818,3741,439,0,0,0,11704,0,0,0,0,698,175,602,271,0,0,0,3357,230,3127,867,867,0,0,0,0,0,1027,0,16,1011,0,0,0,3258,2932,326,2672,2672,1020,1020,0,0,0,0,0,0,0,0,0,0,0,0
1955:Q1,29981,16917,43,827,3927,447,0,0,0,11673,0,0,0,0,646,161,532,275,0,0,0,3428,240,3188,702,702,0,0,0,0,0,1097,0,18,1079,0,0,0,3036,2732,304,2971,2971,1023,1023,0,0,0,0,0,0,0,0,0,0,0,0
1955:Q2,30636,17060,49,847,3995,438,0,0,0,11731,0,0,0,0,524,131,381,274,0,0,0,3470,245,3225,1017,1017,0,0,0,0,0,1172,0,22,1150,0,0,0,3316,2984,332,3033,3033,913,913,0,0,0,0,0,0,0,0,0,0,0,0
1955:Q3,31051,17121,51,822,4096,441,16,0,0,11695,0,0,0,0,537,134,395,276,0,0,0,3517,250,3267,1275,1275,0,0,0,0,0,1191,0,22,1169,0,0,0,3158,2842,316,3133,3133,985,985,0,0,0,0,0,0,0,0,0,0,0,0
1955:Q4,31498,17056,55,698,4152,451,66,0,0,11634,0,0,0,0,514,128,332,310,0,0,0,3550,260,3290,1417,1417,0,0,0,0,0,1064,0,17,1047,0,0,0,3762,3386,376,3108,3108,899,899,0,0,0,0,0,0,0,0,0,0,0,0
1956:Q1,31715,17004,60,663,4144,458,26,0,0,11653,0,0,0,0,528,132,330,330,0,0,0,3611,265,3346,1138,1138,0,0,0,0,0,1118,0,20,1098,0,0,0,4113,3702,411,3099,3099,972,972,0,0,0,0,0,0,0,0,0,0,0,0
1956:Q2,31928,17233,69,705,4173,460,94,0,0,11732,0,0,0,0,547,137,308,376,0,0,0,3685,271,3414,1173,1173,0,0,0,0,0,1247,0,24,1223,0,0,0,3969,3572,397,3102,3102,835,835,0,0,0,0,0,0,0,0,0,0,0,0
1956:Q3,31785,17256,78,703,4197,495,98,0,0,11685,0,0,0,0,644,161,424,381,0,0,0,3730,280,3450,1142,1142,0,0,0,0,0,1280,0,24,1256,0,0,0,3608,3247,361,3097,3097,867,867,0,0,0,0,0,0,0,0,0,0,0,0
1956:Q4,32734,17661,88,698,4367,519,361,0,0,11628,0,0,0,0,774,193,490,477,0,0,0,3804,285,3519,1228,1228,0,0,0,0,0,1204,0,20,1184,0,0,0,3846,3461,385,3142,3142,882,882,0,0,0,0,0,0,0,0,0,0,0,0
1957:Q1,33062,17625,106,709,4401,576,211,0,0,11622,0,0,0,0,815,204,423,596,0,0,0,3885,290,3595,961,961,0,0,0,0,0,1268,0,22,1246,0,0,0,4474,4027,447,3015,3015,815,815,0,0,0,0,0,0,0,0,0,0,0,0
1957:Q2,33380,17366,127,783,4353,578,3,0,0,11522,0,0,0,0,783,196,299,680,0,0,0,3980,302,3678,1079,1079,0,0,0,0,0,1383,0,25,1358,0,0,0,4569,4112,457,3210,3210,814,814,0,0,0,0,0,0,0,0,0,0,0,0
1957:Q3,33778,17508,145,734,4348,644,118,0,0,11519,0,0,0,0,958,239,533,664,0,0,0,4076,310,3766,1119,1119,0,0,0,0,0,1426,0,26,1400,0,0,0,4513,4062,451,3106,3106,833,833,0,0,0,0,0,0,0,0,0,0,0,0
1957:Q4,34593,17937,166,756,4327,670,81,0,0,11937,0,0,0,0,1046,261,619,688,0,0,0,4189,320,3869,1265,1265,0,0,0,0,0,1386,0,26,1360,0,0,0,4810,4329,481,2805,2805,894,894,0,0,0,0,0,0,0,0,0,0,0,0
1958:Q1,35193,18134,196,729,4436,721,7,0,0,12045,0,0,0,0,1223,306,873,656,0,0,0,4300,330,3970,696,696,0,0,0,0,0,1467,0,28,1439,0,0,0,5062,4556,506,3054,3054,951,951,0,0,0,0,0,0,0,0,0,0,0,0
1958:Q2,35873,18211,227,744,4426,758,0,0,0,12056,0,0,0,0,1082,270,729,623,0,0,0,4398,340,4058,929,929,0,0,0,0,0,1635,0,33,1602,0,0,0,4817,4335,482,3486,3486,1045,1045,0,0,0,0,0,0,0,0,0,0,0,0
1958:Q3,35982,18550,251,748,4452,817,19,0,0,12263,0,0,0,0,1025,256,691,590,0,0,0,4475,350,4125,1010,1010,0,0,0,0,0,1706,0,34,1672,0,0,0,4290,3861,429,3554,3554,1116,1116,0,0,0,0,0,0,0,0,0,0,0,0
1958:Q4,37422,18931,273,769,4468,850,60,0,0,12511,0,0,0,0,955,239,582,612,0,0,0,4548,360,4188,1298,1298,0,0,0,0,0,1666,0,34,1632,0,0,0,4859,4373,486,3770,3770,1156,1156,0,0,0,0,0,0,0,0,0,0,0,0
1959:Q1,38400,19210,295,788,4584,875,85,0,0,12583,0,0,0,0,843,211,472,582,0,0,0,4643,370,4273,1087,1087,0,0,0,0,0,1831,0,40,1791,0,0,0,5499,4949,550,3804,3804,1272,1272,0,0,0,0,0,0,0,0,0,0,0,0
1959:Q2,39904,19570,337,829,4590,938,42,0,0,12834,0,0,0,0,786,197,400,583,0,0,0,4747,380,4367,1537,1537,0,0,0,0,0,2073,0,48,2025,0,0,0,5975,5378,598,3901,3901,1118,1118,0,0,0,0,0,0,0,0,0,0,0,0
1959:Q3,39977,19723,373,800,4564,981,35,0,0,12970,0,0,0,0,763,191,407,547,0,0,0,4864,390,4474,1795,1795,0,0,0,0,0,2136,0,50,2086,0,0,0,5727,5154,573,3747,3747,1031,1031,0,0,0,0,0,0,0,0,0,0,0,0
1959:Q4,39688,19677,415,797,4511,1035,139,0,0,12780,0,0,0,0,921,230,593,558,0,0,0,5018,400,4618,2134,2134,0,0,0,0,0,2012,0,44,1968,0,0,0,6281,5653,628,3773,3773,-358,-358,0,0,0,0,0,0,0,0,0,0,0,0
1960:Q1,40191,19945,434,802,4535,1073,232,0,0,12869,0,0,0,0,1093,273,709,657,0,0,0,5196,410,4786,1520,1520,0,0,0,0,0,2105,0,50,2055,0,0,0,7320,6588,732,3460,3460,-721,-721,0,0,0,0,0,0,0,0,0,0,0,0
1960:Q2,41605,20177,503,971,4505,1171,0,0,0,13027,0,0,0,0,1106,276,560,822,0,0,0,5391,425,4966,1770,1770,0,0,0,0,0,2249,0,57,2192,0,0,0,8026,7223,803,3507,3507,-897,-897,0,0,0,0,0,0,0,0,0,0,0,0
1960:Q3,42199,20310,552,852,4525,1250,56,0,0,13075,0,0,0,0,1334,334,638,1030,0,0,0,5542,430,5112,1736,1736,0,0,0,0,0,2281,0,57,2224,0,0,0,7617,6855,762,3585,3585,-540,-540,0,0,0,0,0,0,0,0,0,0,0,0
1960:Q4,44153,20438,581,875,4507,1240,37,0,0,13198,0,0,0,0,1622,405,834,1193,0,0,0,5671,440,5231,1981,1981,0,0,0,0,0,2150,0,51,2099,0,0,0,8189,7370,819,3649,3649,48,48,0,0,0,0,0,0,0,0,0,0,0,0
1961:Q1,44233,20964,627,871,4670,1290,13,0,0,13493,0,0,0,0,1785,446,787,1444,0,0,0,5823,450,5373,1477,1477,0,0,0,0,0,2291,0,56,2235,0,0,0,8032,7229,803,4022,4022,-607,-607,0,0,0,0,0,0,0,0,0,0,0,0
1961:Q2,45917,20696,659,1043,4617,1403,0,0,0,12974,0,0,0,0,1817,454,672,1599,0,0,0,5998,475,5523,1869,1869,0,0,0,0,0,2426,0,63,2363,0,0,0,8092,7283,809,4482,4482,83,83,0,0,0,0,0,0,0,0,0,0,0,0
1961:Q3,46004,21290,718,997,4697,1441,9,0,0,13428,0,0,0,0,1938,484,701,1721,0,0,0,6120,486,5634,2124,2124,0,0,0,0,0,2488,0,65,2423,0,0,0,7721,6949,772,4441,4441,-602,-602,0,0,0,0,0,0,0,0,0,0,0,0
1961:Q4,47891,21594,747,947,4653,1466,104,0,0,13677,0,0,0,0,2146,537,895,1788,0,0,0,6230,497,5733,2662,2662,0,0,0,0,0,2347,0,59,2288,0,0,0,8392,7553,839,4723,4723,-740,-740,0,0,0,0,0,0,0,0,0,0,0,0
1962:Q1,47582,22229,790,1007,4816,1551,44,0,0,14021,0,0,0,0,1998,500,742,1756,0,0,0,6356,508,5848,2151,2151,0,0,0,0,0,2493,0,63,2430,0,0,0,8576,7718,858,4379,4379,-1100,-1100,0,0,0,0,0,0,0,0,0,0,0,0
1962:Q2,49286,22805,846,1120,4814,1712,0,0,0,14313,0,0,0,0,1874,468,734,1608,0,0,0,6515,520,5995,2767,2767,0,0,0,0,0,2690,0,72,2618,0,0,0,8616,7754,862,4001,4001,-450,-450,0,0,0,0,0,0,0,0,0,0,0,0
1962:Q3,49721,22938,924,1134,4870,1764,34,0,0,14212,0,0,0,0,1825,456,737,1544,0,0,0,6654,530,6124,3046,3046,0,0,0,0,0,2697,0,73,2624,0,0,0,8138,7324,814,4305,4305,-338,-338,0,0,0,0,0,0,0,0,0,0,0,0
1962:Q4,51202,23462,970,1163,4876,1970,89,0,0,14394,0,0,0,0,2120,530,898,1752,0,0,0,6774,540,6234,3479,3479,0,0,0,0,0,2575,0,70,2505,0,0,0,8562,7706,856,4564,4564,-864,-864,0,0,0,0,0,0,0,0,0,0,0,0
1963:Q1,51278,24184,1032,1128,5123,2031,63,0,0,14807,0,0,0,0,2071,518,818,1771,0,0,0,6898,550,6348,2514,2514,0,0,0,0,0,2766,0,76,2690,0,0,0,9146,8231,915,4645,4645,-1464,-1464,0,0,0,0,0,0,0,0,0,0,0,0
1963:Q2,54661,24626,1075,1168,5065,2052,0,0,0,15266,0,0,0,0,2158,539,732,1965,0,0,0,7033,561,6472,3270,3270,0,0,0,0,0,2994,0,88,2906,0,0,0,9526,8573,953,5423,5423,-908,-908,0,0,0,0,0,0,0,0,0,0,0,0
1963:Q3,55804,24851,1131,1178,5085,2154,0,0,0,15303,0,0,0,0,2167,542,708,2001,0,0,0,7137,570,6567,4024,4024,0,0,0,0,0,3053,0,92,2961,0,0,0,9131,8218,913,5893,5893,-994,-994,0,0,0,0,0,0,0,0,0,0,0,0
1963:Q4,58120,25347,1173,1215,5209,2203,0,0,0,15547,0,0,0,0,2312,578,665,2225,0,0,0,7234,579,6655,4784,4784,0,0,0,0,0,2939,0,83,2856,0,0,0,9977,8979,998,6095,6095,-1146,-1146,0,0,0,0,0,0,0,0,0,0,0,0
1964:Q1,60326,26031,1246,1249,5457,2199,0,0,0,15880,0,0,0,0,2482,620,708,2394,0,0,0,7366,589,6777,4168,4168,0,0,0,0,0,3053,0,92,2961,0,0,0,10833,9750,1083,5926,5926,-153,-153,0,0,0,0,0,0,0,0,0,0,0,0
1964:Q2,61435,26720,1281,1271,5519,2274,4,0,0,16371,0,0,0,0,2519,630,711,2438,0,0,0,7510,599,6911,4769,4769,0,0,0,0,0,3261,0,104,3157,0,0,0,11476,10328,1148,5927,5927,-1377,-1377,0,0,0,0,0,0,0,0,0,0,0,0
1964:Q3,62903,27505,1348,1321,5546,2372,134,0,0,16784,0,0,0,0,2540,635,761,2414,0,0,0,7637,608,7029,4837,4837,0,0,0,0,0,3325,0,104,3221,0,0,0,11233,10110,1123,5764,5764,-573,-573,0,0,0,0,0,0,0,0,0,0,0,0
1964:Q4,64169,28142,1397,1418,5635,2464,131,0,0,17097,0,0,0,0,2708,677,764,2621,0,0,0,7758,618,7140,5325,5325,0,0,0,0,0,3205,0,93,3112,0,0,0,11567,10410,1157,5610,5610,-823,-823,0,0,0,0,0,0,0,0,0,0,0,0
1965:Q1,65418,28919,1461,1513,5800,2523,27,0,0,17595,0,0,0,0,2660,665,735,2590,0,0,0,7897,628,7269,4747,4747,0,0,0,0,0,3387,0,100,3287,0,0,0,12327,11094,1233,5572,5572,-756,-756,0,0,0,0,0,0,0,0,0,0,0,0
1965:Q2,68197,29698,1507,1571,5842,2655,0,0,0,18123,0,0,0,0,2684,671,750,2605,0,0,0,8057,638,7419,5586,5586,0,0,0,0,0,3617,0,115,3502,0,0,0,12970,11673,1297,5592,5592,-678,-678,0,0,0,0,0,0,0,0,0,0,0,0
1965:Q3,68425,30140,1585,1620,5853,2719,129,0,0,18234,0,0,0,0,2651,663,860,2454,0,0,0,8210,649,7561,5802,5802,0,0,0,0,0,3665,0,117,3548,0,0,0,12422,11180,1242,5420,5420,-548,-548,0,0,0,0,0,0,0,0,0,0,0,0
1965:Q4,71532,31026,1632,1716,5879,2777,336,0,0,18686,0,0,0,0,2714,678,891,2501,0,0,0,8338,660,7678,5997,5997,0,0,0,0,0,3571,0,108,3463,0,0,0,13532,12179,1353,5986,5986,-310,-310,0,0,0,0,0,0,0,0,0,0,0,0
1966:Q1,73285,31988,1739,1883,6217,2823,238,0,0,19088,0,0,0,0,2710,678,843,2545,0,0,0,8533,672,7861,5687,5687,0,0,0,0,0,3845,0,118,3727,0,0,0,14351,12916,1435,6137,6137,-644,-644,0,0,0,0,0,0,0,0,0,0,0,0
1966:Q2,76362,32411,1856,1932,6120,2910,0,0,0,19593,0,0,0,0,2736,684,945,2475,0,0,0,8857,684,8173,6783,6783,0,0,0,0,0,4170,0,133,4037,0,0,0,14723,13251,1472,6303,6303,-305,-305,0,0,0,0,0,0,0,0,0,0,0,0
1966:Q3,77087,33571,2062,1986,6161,3207,401,0,0,19754,0,0,0,0,2696,674,1104,2266,0,0,0,9354,697,8657,7175,7175,0,0,0,0,0,4275,0,134,4141,0,0,0,13490,12141,1349,5905,5905,-53,-53,0,0,0,0,0,0,0,0,0,0,0,0
1966:Q4,78916,33847,2114,2083,6078,3404,103,0,0,20065,0,0,0,0,2882,721,1063,2540,0,0,0,9827,710,9117,6935,6935,0,0,0,0,0,4213,0,130,4083,0,0,0,14606,13145,1461,5950,5950,-65,-65,0,0,0,0,0,0,0,0,0,0,0,0
1967:Q1,81056,35241,2198,2172,6282,3414,56,0,0,21119,0,0,0,0,2963,741,1076,2628,0,0,0,10119,723,9396,5175,5175,0,0,0,0,0,4531,0,142,4389,0,0,0,15045,13541,1505,6479,6479,762,762,0,0,0,0,0,0,0,0,0,0,0,0
1967:Q2,82437,35953,2258,2245,6392,3464,0,0,0,21594,0,0,0,0,3305,826,1103,3028,0,0,0,10406,736,9670,4302,4302,0,0,0,0,0,4843,0,162,4681,0,0,0,14520,13068,1452,6983,6983,1299,1299,0,0,0,0,0,0,0,0,0,0,0,0
1967:Q3,84240,37069,2360,2207,6372,3570,497,0,0,22063,0,0,0,0,3317,829,1217,2929,0,0,0,10609,749,9860,4122,4122,0,0,0,0,0,4907,0,164,4743,0,0,0,13889,12500,1389,7922,7922,1576,1576,0,0,0,0,0,0,0,0,0,0,0,0
1967:Q4,87458,37439,2443,2283,6593,3579,36,0,0,22505,0,0,0,0,3454,863,1304,3013,0,0,0,10819,760,10059,4386,4386,0,0,0,0,0,4917,0,157,4760,0,0,0,14257,12831,1426,9164,9164,2159,2159,0,0,0,0,0,0,0,0,0,0,0,0
1968:Q1,88968,38583,2557,2370,6619,3636,62,0,0,23339,0,0,0,0,3469,867,1345,2991,0,0,0,11107,771,10336,4269,4269,0,0,0,0,0,5212,0,172,5040,0,0,0,15299,13769,1530,8593,8593,1569,1569,0,0,0,0,0,0,0,0,0,0,0,0
1968:Q2,95608,39102,2938,1678,6673,3835,56,0,0,23922,0,0,0,0,3429,857,1490,2796,0,0,0,11478,781,10697,4889,4889,0,0,0,0,0,5394,0,189,5205,0,0,0,16223,14601,1622,10514,10514,3722,3722,0,0,0,0,0,0,0,0,0,0,0,0
1968:Q3,98148,40107,3059,1683,6764,3878,294,0,0,24429,0,0,0,0,3462,865,1582,2745,0,0,0,11836,794,11042,5026,5026,0,0,0,0,0,5320,0,184,5136,0,0,0,15620,14058,1562,10759,10759,5153,5153,0,0,0,0,0,0,0,0,0,0,0,0
1968:Q4,101170,40770,3206,1706,6868,3993,283,0,0,24714,0,0,0,0,3542,886,1574,2854,0,0,0,12109,803,11306,5259,5259,0,0,0,0,0,5231,0,174,5057,0,0,0,16490,14841,1649,12005,12005,4878,4878,0,0,0,0,0,0,0,0,0,0,0,0
1969:Q1,98729,41644,3329,1747,7045,4130,0,0,0,25393,0,0,0,0,3571,893,1687,2777,350,350,0,12542,817,11725,5331,5331,0,0,0,0,0,5584,0,187,5397,0,0,0,17060,15354,1706,10271,10271,1483,1483,0,0,0,0,0,0,0,0,0,0,0,0
1969:Q2,106565,42380,3360,1777,7077,4205,0,0,0,25961,0,0,0,0,3904,976,1813,3067,1662,1662,0,13199,838,12361,6413,6413,0,0,0,0,0,5949,0,208,5741,0,0,0,18970,17073,1897,9841,9841,3271,3271,0,0,0,0,0,0,0,0,0,0,0,0
1969:Q3,108380,43248,3488,1790,7200,4271,0,0,0,26499,0,0,0,0,4186,1046,2259,2973,3858,3858,0,14050,868,13182,7940,7940,0,0,0,0,0,5914,0,208,5706,0,0,0,19709,17738,1971,8216,8216,213,213,0,0,0,0,0,0,0,0,0,0,0,0
1969:Q4,116143,44151,3586,1824,7182,4739,0,0,0,26820,0,0,0,0,4361,1090,2282,3169,3946,3946,0,14713,888,13825,9289,9289,0,0,0,0,0,6007,0,210,5797,0,0,0,21459,19313,2146,8476,8476,2651,2651,0,0,0,0,0,0,0,0,0,0,0,0
1970:Q1,119666,44935,3704,1883,7391,4698,0,0,0,27259,0,0,0,0,4282,1070,2309,3043,6837,6837,0,15456,912,14544,9745,9745,0,0,0,0,0,6484,0,227,6257,0,0,0,22077,19869,2208,7298,7298,1482,1482,0,0,0,0,0,0,0,0,0,0,0,0
1970:Q2,123663,45487,3778,1971,7554,4572,0,0,0,27612,0,0,0,0,4778,1195,2686,3287,8083,8083,0,16124,933,15191,10236,10236,0,0,0,0,0,6846,0,251,6595,0,0,0,23028,20725,2303,6532,6532,1354,1354,0,0,0,0,0,0,0,0,0,0,0,0
1970:Q3,122285,46208,3840,2021,7621,4766,0,0,0,27960,0,0,0,0,4678,1170,2792,3056,5228,5228,0,16653,950,15703,10525,10525,0,0,0,0,0,6855,0,250,6605,0,0,0,22411,20170,2241,6795,6795,1762,1762,0,0,0,0,0,0,0,0,0,0,0,0
1970:Q4,123881,46664,3879,2108,7701,4816,0,0,0,28160,0,0,0,0,5646,1412,3090,3968,2954,2954,0,17021,957,16064,10615,10615,0,0,0,0,0,7004,0,252,6752,0,0,0,21813,19632,2181,7188,7188,3564,3564,0,0,0,0,0,0,0,0,0,0,0,0
1971:Q1,124717,47197,4076,1502,7842,4909,0,0,0,28868,0,0,0,0,5738,1435,3120,4053,2858,2858,0,17257,961,16296,9690,9690,0,0,0,0,0,7533,0,275,7258,0,0,0,23229,20906,2323,7302,7302,2478,2478,0,0,0,0,0,0,0,0,0,0,0,0
1971:Q2,125818,48109,4141,1582,7991,4841,0,0,0,29554,0,0,0,0,6116,1529,3652,3993,3058,3058,0,17494,963,16531,7241,7241,0,0,0,0,0,7950,0,304,7646,0,0,0,23883,21495,2388,8159,8159,2279,2279,0,0,0,0,0,0,0,0,0,0,0,0
1971:Q3,126405,48689,4173,1591,8056,5090,0,0,0,29779,0,0,0,0,6518,1630,4096,4052,2960,2960,0,17779,967,16812,7637,7637,0,0,0,0,0,7720,0,301,7419,0,0,0,23180,20862,2318,8785,8785,1507,1507,0,0,0,0,0,0,0,0,0,0,0,0
1971:Q4,130056,49157,4239,1656,8103,5181,0,0,0,29978,0,0,0,0,6311,1578,3619,4270,2840,2840,0,18034,969,17065,7936,7936,0,0,0,0,0,7682,0,291,7391,0,0,0,23157,20841,2316,9764,9764,3597,3597,0,0,0,0,0,0,0,0,0,0,0,0
1972:Q1,131501,49894,4413,1660,8029,5448,0,0,0,30344,0,0,0,0,6388,1597,3575,4410,2772,2772,0,18236,969,17267,5992,5992,0,0,0,0,0,8160,0,306,7854,0,0,0,24720,22248,2472,11646,11646,2096,2096,0,0,0,0,0,0,0,0,0,0,0,0
1972:Q2,133248,50060,4456,1691,8139,5145,0,0,0,30629,0,0,0,0,5655,1414,3586,3483,2296,2296,0,18493,971,17522,6075,6075,0,0,0,0,0,8441,0,325,8116,0,0,0,25488,22939,2549,13000,13000,2326,2326,0,0,0,0,0,0,0,0,0,0,0,0
1972:Q3,132759,51030,4666,1745,8297,5271,0,0,0,31051,0,0,0,0,5282,1320,3635,2967,2264,2264,0,18751,980,17771,6736,6736,0,0,0,0,0,8371,0,317,8054,0,0,0,24999,22499,2500,13394,13394,612,612,0,0,0,0,0,0,0,0,0,0,0,0
1972:Q4,140096,51687,4624,1900,8197,5526,0,0,0,31440,0,0,0,0,5518,1380,3672,3226,2598,2598,0,18984,981,18003,7979,7979,0,0,0,0,0,8394,0,320,8074,0,0,0,27362,24626,2736,13485,13485,2709,2709,0,0,0,0,0,0,0,0,0,0,0,0
1973:Q1,141873,52832,4844,2000,9191,4797,0,0,0,32000,0,0,189,189,5487,1372,3377,3482,3161,3161,0,19267,983,18284,8420,8420,0,0,0,0,0,9295,0,330,8965,0,0,0,29140,26226,2914,12401,12401,309,309,0,0,0,0,0,0,0,0,0,0,0,0
1973:Q2,147846,53265,4858,2036,9434,4555,0,0,0,32382,0,0,166,166,5790,1447,3253,3984,3520,3520,0,19698,985,18713,11145,11145,0,0,0,0,0,9683,0,363,9320,0,0,0,30871,27784,3087,10845,10845,1416,1416,0,0,0,0,0,0,0,0,0,0,0,0
1973:Q3,153322,54280,4858,2081,9527,4971,0,0,0,32843,0,0,24,24,6536,1634,4452,3718,4637,4637,0,20594,997,19597,14298,14298,0,0,0,0,0,9907,0,382,9525,0,0,0,30583,27525,3058,10181,10181,648,648,0,0,0,0,0,0,0,0,0,0,0,0
1973:Q4,159324,54927,4969,2205,9729,4916,0,0,0,33108,0,0,32,32,7114,1778,4736,4156,4300,4300,0,21205,1006,20199,15147,15147,0,0,0,0,0,9775,0,388,9387,0,0,0,32324,29092,3232,9149,9149,3573,3573,0,0,0,0,0,0,0,0,0,0,0,0
1974:Q1,159415,53435,5063,2114,9666,4974,0,0,0,31618,0,0,51,51,8133,2033,5016,5150,4904,4904,0,21651,1008,20643,14995,14995,0,0,0,0,0,10663,0,408,10255,0,0,0,33968,30571,3397,8502,8502,1080,1080,0,0,0,0,0,0,0,0,0,0,0,0
1974:Q2,169825,54082,5259,2168,10029,4781,0,0,0,31845,0,0,118,118,10539,2635,5575,7599,5372,5372,0,22322,1017,21305,17642,17642,0,0,0,0,0,11287,0,458,10829,0,0,0,34660,31194,3466,8033,8033,3135,3135,0,0,0,0,0,0,0,0,0,0,0,0
1974:Q3,178927,55462,5491,2386,10179,5173,110,0,0,32123,0,0,144,144,12828,3207,6463,9572,4914,4914,0,23209,1034,22175,20772,20772,0,0,0,0,0,12023,0,487,11536,0,0,0,35592,32033,3559,7732,7732,3044,3044,0,0,0,0,0,0,0,0,0,0,0,0
1974:Q4,188492,58544,5480,3741,10291,5592,695,0,0,32745,0,0,253,253,14787,3697,7247,11237,4901,4901,0,23904,1042,22862,21804,21804,0,0,0,0,0,12423,0,502,11921,0,0,0,37163,33447,3716,7583,7583,3433,3433,0,0,0,0,0,0,0,0,0,0,0,0
1975:Q1,187497,60555,5671,3796,10737,5688,953,0,0,33710,0,0,290,290,14984,3746,7389,11341,4677,4677,0,24368,1042,23326,18164,18164,0,0,0,0,0,12552,0,516,12036,0,0,0,37798,34018,3780,7581,7581,2782,2782,0,0,0,0,0,0,0,0,0,0,0,0
1975:Q2,190137,62541,5841,3787,11521,5678,1247,0,0,34467,0,0,238,238,14192,3548,7099,10641,4667,4667,0,24755,1047,23708,16803,16803,0,0,0,0,0,13392,0,580,12812,0,0,0,38706,34835,3871,7709,7709,3586,3586,0,0,0,0,0,0,0,0,0,0,0,0
1975:Q3,190851,64211,5976,3877,12219,5793,1408,0,0,34938,0,0,249,249,13432,3358,6719,10071,4496,4496,0,25151,1052,24099,17482,17482,0,0,0,0,0,13500,0,595,12905,0,0,0,39423,35481,3942,8030,8030,1519,1519,0,0,0,0,0,0,0,0,0,0,0,0
1975:Q4,199444,65444,6022,3999,12527,5781,1559,0,0,35556,0,0,325,325,14982,3745,7580,11147,3400,3400,0,25522,1055,24467,17845,17845,0,0,0,0,0,13974,0,604,13370,0,0,0,40880,36792,4088,8605,8605,4722,4722,0,0,0,0,0,0,0,0,0,0,0,0
1976:Q1,205349,68200,6145,4354,12836,7040,1534,0,0,36291,0,0,290,290,15121,3780,7745,11156,3500,3500,0,25811,1048,24763,15757,15757,0,0,0,0,0,14600,0,646,13954,0,0,0,43534,39181,4353,9959,9959,4797,4797,0,0,0,0,0,0,0,0,0,0,0,0
1976:Q2,209299,67763,6260,4040,13170,5733,1534,0,0,37026,0,0,377,377,15826,3957,8242,11541,3600,3600,0,26189,1053,25136,15274,15274,0,0,0,0,0,15604,0,705,14899,0,0,0,45605,41045,4561,11223,11223,3881,3881,0,0,0,0,0,0,0,0,0,0,0,0
1976:Q3,214928,71334,6509,4137,14245,6970,1490,0,0,37983,0,0,493,493,15679,3920,8386,11213,3700,3700,0,26550,1056,25494,16062,16062,0,0,0,0,0,16050,0,734,15316,0,0,0,46330,41697,4633,11645,11645,3165,3165,0,0,0,0,0,0,0,0,0,0,0,0
1976:Q4,228360,73172,6496,4197,14478,7817,1172,0,0,39012,0,0,495,495,18018,4505,10165,12358,3781,3781,0,26890,1056,25834,15862,15862,0,0,0,0,0,16243,0,715,15528,0,0,0,49460,44514,4946,12510,12510,7424,7424,0,0,0,0,0,0,0,0,0,0,0,0
1977:Q1,228676,74367,6274,4330,15175,8159,410,0,0,40019,0,0,642,642,18155,4539,9904,12790,3700,3700,0,27304,1056,26248,14462,14462,0,0,0,0,0,18075,0,805,17270,0,0,0,53065,47759,5307,12936,12936,1431,1431,0,0,0,0,0,0,0,0,0,0,0,0
1977:Q2,236541,73923,6319,4357,16185,6118,430,0,0,40514,0,0,594,594,18752,4688,10274,13166,3800,3800,0,27760,1051,26709,15717,15717,0,0,0,0,0,18247,0,851,17396,0,0,0,56765,51089,5677,14024,14024,2271,2271,0,0,0,0,0,0,0,0,0,0,0,0
1977:Q3,239975,77186,6501,4476,17004,7334,510,0,0,41361,0,0,548,548,18654,4663,9672,13645,3800,3800,0,28198,1057,27141,17054,17054,0,0,0,0,0,18484,0,886,17598,0,0,0,57689,51920,5769,13981,13981,-282,-282,0,0,0,0,0,0,0,0,0,0,0,0
1977:Q4,258794,78749,6585,4255,17605,8022,515,0,0,41767,0,0,645,645,20523,5131,11442,14212,3810,3810,0,28616,1060,27556,20173,20173,0,0,0,0,0,18319,0,835,17484,0,0,0,62957,56661,6296,14527,14527,5344,5344,0,0,0,0,0,0,0,0,0,0,0,0
1978:Q1,264673,82445,6728,4955,19362,8307,590,0,0,42503,0,0,793,793,19345,4836,8301,15880,4000,4000,0,29064,1057,28007,21278,21278,0,0,0,0,0,18300,0,823,17477,0,0,0,66305,59675,6631,16401,16401,1906,1906,0,0,0,0,0,0,0,0,0,0,0,0
1978:Q2,279918,84526,6851,5410,21539,6464,690,0,0,43572,0,0,1043,1043,19431,4858,8637,15652,4200,4200,0,29676,1060,28616,25274,25274,0,0,0,0,0,19382,0,885,18497,0,0,0,68980,62082,6898,18950,18950,3598,3598,0,0,0,0,0,0,0,0,0,0,0,0
1978:Q3,290779,88993,7181,6060,23713,6461,745,0,0,44833,0,0,1412,1412,17562,4390,8869,13083,4400,4400,0,30311,1061,29250,29158,29158,0,0,0,0,0,20159,0,942,19217,0,0,0,68597,61737,6860,20731,20731,5066,5066,0,0,0,0,0,0,0,0,0,0,0,0
1978:Q4,308828,91309,7397,6186,24942,6466,915,0,0,45403,0,0,901,901,20108,4830,9908,15030,4628,4628,0,31212,1066,30146,32670,32670,0,0,0,0,0,20467,0,957,19510,0,0,0,74411,66970,7441,17145,17145,11147,11147,0,0,0,0,0,0,0,0,0,0,0,0
1979:Q1,309542,93434,7467,6485,25615,6481,1030,0,0,46356,0,0,1341,1341,20324,4890,9948,15266,4500,4500,0,32242,1077,31165,31881,31881,0,0,0,0,0,21814,0,1025,20789,0,0,0,78516,70664,7852,16326,16326,4274,4274,0,0,0,0,0,0,0,0,0,0,0,0
1979:Q2,331886,98414,7893,7008,28580,6648,1140,0,0,47145,0,0,1878,1878,21878,5280,10175,16983,4400,4400,0,33224,1085,32139,35071,35071,0,0,0,0,0,23430,0,1123,22307,0,0,0,82702,74432,8270,18958,18958,6651,6651,0,0,0,0,0,0,0,0,0,0,0,0
1979:Q3,346134,101503,8209,7399,30214,6551,1275,0,0,47855,0,0,2459,2459,24887,6020,11040,19867,4300,4300,0,34156,1095,33061,38596,38596,0,0,0,0,0,24000,0,1163,22837,0,0,0,81488,73339,8149,20249,20249,8476,8476,0,0,0,0,0,0,0,0,0,0,0,0
1979:Q4,365511,105837,8469,7629,31064,6662,1505,0,0,50508,0,0,2888,2888,26125,6340,13842,18623,4230,4230,0,35944,1119,34825,41838,41838,0,0,0,0,0,25923,0,1218,24705,0,0,0,84529,76076,8453,17458,17458,14399,14399,0,0,0,0,0,0,0,0,0,0,0,0
1980:Q1,376585,110131,8671,7982,32993,6714,1785,0,0,51986,0,0,3452,3452,28858,7030,15744,20144,4100,4100,0,38042,1147,36895,44122,44122,0,0,0,0,0,27714,0,1327,26387,0,0,0,85660,77094,8566,18735,18735,8741,8741,0,0,0,0,0,0,0,0,0,0,0,0
1980:Q2,389086,114569,8720,8522,35373,6779,2180,0,0,52995,0,0,5568,5568,31350,7617,16591,22376,4000,4000,0,40564,1187,39377,42364,42364,0,0,0,0,0,27859,0,1437,26422,0,0,0,84510,76059,8451,18620,18620,12065,12065,0,0,0,0,0,0,0,0,0,0,0,0
1980:Q3,400027,118537,9422,8935,36586,7138,2345,0,0,54111,0,0,5263,5263,31371,8138,16076,23433,3900,3900,0,41398,1192,40206,44161,44161,0,0,0,0,0,28800,0,1447,27353,0,0,0,82391,74152,8239,19972,19972,16096,16096,0,0,0,0,0,0,0,0,0,0,0,0
1980:Q4,424981,122279,9483,9300,37655,7586,2720,0,0,55535,0,0,4502,4502,31963,7827,17076,22714,3703,3703,0,42612,1201,41411,48963,48963,0,0,0,0,0,29228,0,1376,27852,0,0,0,86946,78251,8695,24737,24737,22221,22221,0,0,0,0,0,0,0,0,0,0,0,0
1981:Q1,430996,128597,9896,9572,40944,7813,3395,0,0,56977,0,0,7712,7712,35716,8462,19565,24613,2700,2700,0,44358,1147,43211,49175,49175,0,0,0,0,0,30300,0,1455,28845,0,0,0,87543,78789,8754,21807,21807,14626,14626,0,0,0,0,0,0,0,0,0,0,0,0
1981:Q2,454326,134396,10292,10109,44066,8570,3400,0,0,57959,0,0,8077,8077,36701,8954,18198,27457,3167,3167,0,46099,1160,44939,56095,56095,0,0,0,0,0,31285,0,1613,29672,0,0,0,94310,84879,9431,22179,22179,13063,13063,0,0,0,0,0,0,0,0,0,0,0,0
1981:Q3,471479,138371,10530,10612,45525,8469,4300,0,0,58935,0,0,10776,10776,38374,9190,19924,27640,3650,3650,0,48304,1262,47042,64347,64347,0,0,0,0,0,32050,0,1673,30377,0,0,0,93060,83754,9306,21068,21068,12289,12289,0,0,0,0,0,0,0,0,0,0,0,0
1981:Q4,496963,141561,10998,10763,46394,8824,4600,0,0,59982,0,0,15400,15400,40209,10875,21448,29636,4092,4092,0,49966,1260,48706,65194,65194,0,0,0,0,0,30704,0,1541,29163,0,0,0,97580,87822,9758,23023,23023,18359,18359,0,0,0,0,0,0,0,0,0,0,0,0
1982:Q1,495388,144180,11193,10970,47344,9068,5000,0,0,60605,0,0,16653,16653,40589,11246,21033,30802,3500,3500,0,51265,1252,50013,66162,66162,0,0,0,0,0,30331,0,1506,28825,0,0,0,98108,88297,9811,19250,19250,14104,14104,0,0,0,0,0,0,0,0,0,0,0,0
1982:Q2,512667,148562,11717,11243,49177,9606,5000,0,0,61819,0,0,17267,17267,43666,11493,21852,33307,2928,2928,0,52615,1245,51370,69398,69398,0,0,0,0,0,31021,0,1628,29393,0,0,0,99445,89501,9945,19099,19099,17173,17173,0,0,0,0,0,0,0,0,0,0,0,0
1982:Q3,521380,153835,12374,12083,50666,9653,5000,0,0,64059,0,0,20098,20098,43734,11361,19567,35528,3000,3000,0,53661,1238,52423,67642,67642,0,0,0,0,0,30600,0,1649,28951,0,0,0,99097,89187,9910,20798,20798,17554,17554,0,0,0,0,0,0,0,0,0,0,0,0
1982:Q4,534141,155448,12638,12075,51184,9791,5000,0,0,64760,0,0,20144,20144,47179,11640,20666,38153,3053,3053,0,54187,1226,52961,66001,66001,0,0,0,0,0,29061,0,1498,27563,0,0,0,98324,88492,9832,25791,25791,23313,23313,0,0,0,0,0,0,0,0,0,0,0,0
1983:Q1,523634,157119,12778,12011,51804,10033,5000,0,0,65493,0,0,21499,21499,43010,10955,18689,35276,2600,2600,0,54641,1214,53427,60016,60016,0,0,0,0,0,29475,24,1423,27577,451,0,0,99629,89666,9963,26743,26743,17947,17947,0,0,0,0,0,0,0,0,0,0,0,0
1983:Q2,540860,160156,12900,12396,53034,10350,5000,0,0,66476,0,0,23439,23439,46526,11078,22590,35014,2240,2240,0,54911,1200,53711,58793,58793,0,0,0,0,0,30409,64,1488,27670,1187,0,0,101694,91525,10169,32758,32758,18856,18856,0,0,0,0,0,0,0,0,0,0,0,0
1983:Q3,550234,162056,13216,12117,53648,10703,5000,0,0,67372,0,0,23985,23985,48376,13093,25740,35729,2450,2450,0,55050,1190,53860,57862,57862,0,0,0,0,0,31201,106,1489,27661,1945,0,0,102607,92346,10261,33781,33781,19773,19773,0,0,0,0,0,0,0,0,0,0,0,0
1983:Q4,569783,163038,13400,11632,53968,10900,5000,0,0,68138,0,0,25890,25890,51796,13876,27641,38031,2726,2726,0,55243,1180,54063,58953,58953,0,0,0,0,0,31160,133,1404,27160,2463,0,0,110351,99316,11035,34177,34177,22573,22573,0,0,0,0,0,0,0,0,0,0,0,0
1984:Q1,576142,164963,13323,11573,54639,10713,5000,0,0,69715,0,0,31823,31823,50115,14623,26875,37863,2300,2300,0,55349,1165,54184,57608,57608,0,0,0,0,0,32123,149,1383,27817,2774,0,0,116703,105033,11670,31723,31723,18812,18812,0,0,0,0,0,0,0,0,0,0,0,0
1984:Q2,605352,167422,13500,11716,55504,11000,5000,0,0,70702,0,0,39326,39326,55097,16644,27509,44232,1970,1970,0,55480,1155,54325,65859,65859,0,0,0,0,0,31901,156,1432,27400,2913,0,0,120239,108215,12024,32657,32657,18757,18757,0,0,0,0,0,0,0,0,0,0,0,0
1984:Q3,620156,171582,13956,12771,56310,11941,5000,0,0,71604,0,0,43130,43130,50308,19793,29856,40245,2400,2400,0,55587,1148,54439,73005,73005,0,0,0,0,0,32105,160,1468,27472,3005,0,0,121193,109074,12119,30415,30415,20638,20638,0,0,0,0,0,0,0,0,0,0,0,0
1984:Q4,652338,179258,14000,12906,56994,18641,5000,0,0,71717,0,0,48668,48668,48949,20483,30432,39000,2797,2797,0,55640,1135,54505,74621,74621,0,0,0,0,0,30271,170,1308,25621,3172,0,0,131920,118728,13192,31834,31834,27897,27897,0,0,0,0,0,0,0,0,0,0,0,0
1985:Q1,653298,185270,14885,14640,57407,21106,5000,0,0,72232,0,0,48317,48317,45962,20038,28453,37547,2800,2800,0,55603,1123,54480,74691,74691,0,0,0,0,0,29423,182,1232,24618,3391,0,0,137050,123345,13705,30614,30614,23530,23530,0,0,0,0,0,0,0,0,0,0,0,0
1985:Q2,675782,188270,13200,14101,58442,24367,5000,0,0,73160,0,0,49099,49099,42054,20667,29062,33659,2915,2915,0,55548,1120,54428,79629,79629,0,0,0,0,0,28836,197,1234,23770,3635,0,0,139818,125836,13982,36878,36878,32068,32068,0,0,0,0,0,0,0,0,0,0,0,0
1985:Q3,688378,197269,18144,15650,59361,25535,5300,0,0,73279,0,0,51608,51608,41260,21100,29931,32429,2500,2500,0,55461,1110,54351,85745,85745,0,0,0,0,0,28653,211,1200,23360,3882,0,0,136292,122663,13629,38968,38968,29522,29522,0,0,0,0,0,0,0,0,0,0,0,0
1985:Q4,735681,196237,16500,15580,57839,26820,6085,0,0,73413,0,0,56021,56021,37877,22095,28323,31649,2127,2127,0,55499,1130,54369,88835,88835,0,0,0,0,0,26353,221,1031,20992,4109,0,0,150170,135153,15017,50699,50699,49768,49768,0,0,0,0,0,0,0,0,0,0,0,0
1986:Q1,746011,198358,17200,16088,58320,26942,6200,0,0,73608,0,0,57016,57016,35502,22144,26358,31288,2000,2000,0,55518,1150,54368,87231,87231,0,0,0,0,0,25319,232,945,19834,4308,0,0,157683,141915,15768,52848,52848,52392,52392,0,0,0,0,0,0,0,0,0,0,0,0
1986:Q2,757906,200034,17800,16267,59013,27050,6489,0,0,73415,0,0,65121,65121,33683,22035,26458,29260,2247,2218,29,55559,1190,54369,94840,94840,0,0,0,0,0,25400,240,945,19740,4475,0,0,159839,143855,15984,52842,52842,46306,46306,0,0,0,0,0,0,0,0,0,0,0,0
1986:Q3,775282,202261,18400,16360,59217,26999,6056,0,0,75229,0,0,76486,76486,32225,24677,28959,27943,2802,2761,41,55584,1239,54345,99036,99036,0,0,0,0,0,24331,250,900,18526,4655,0,0,152849,137564,15285,55521,55521,49510,49510,0,0,0,0,0,0,0,0,0,0,0,0
1986:Q4,807965,201791,19367,16101,58346,27257,5720,0,0,75000,0,0,77617,77617,30625,23777,28129,26273,3825,2284,1541,55357,1302,54055,108645,108645,0,0,0,0,0,24121,263,866,18097,4895,0,0,165781,149203,16578,57429,57429,58997,58997,0,0,0,0,0,0,0,0,0,0,0,0
1987:Q1,798177,195960,17138,13986,57991,27066,5000,0,0,74779,0,0,75597,75597,30861,24291,28190,26962,4430,2937,1493,55089,1378,53711,106760,106760,0,0,0,0,0,23346,229,775,17273,5069,0,0,174092,156683,17409,53567,53567,54184,54184,0,0,0,0,0,0,0,0,0,0,0,0
1987:Q2,820351,192637,17239,12541,57964,25175,4970,0,0,74748,0,0,79717,79717,29810,29514,30565,28759,4535,2788,1747,55001,1466,53535,114335,114335,0,0,0,0,0,24545,419,789,17488,5849,0,0,180880,162792,18088,56889,56889,52488,52488,0,0,0,0,0,0,0,0,0,0,0,0
1987:Q3,830244,191927,16627,13018,57916,25348,4970,0,0,74048,0,0,82427,82427,27777,30440,31922,26295,4060,2737,1323,55245,1568,53677,120090,120090,0,0,0,0,0,25005,448,784,17728,6045,0,0,180723,162651,18072,59395,59395,53155,53155,0,0,0,0,0,0,0,0,0,0,0,0
1987:Q4,830061,191540,18681,12797,57428,24898,4970,0,0,72766,0,0,78072,78072,29579,30249,32575,27253,4566,3100,1466,55308,1682,53626,133058,133058,0,0,0,0,0,24753,334,755,17396,6268,0,0,200051,180046,20005,41797,41797,41088,41088,0,0,0,0,0,0,0,0,0,0,0,0
1988:Q1,847447,190656,19450,12175,55601,24190,4970,0,0,74270,0,0,92107,92107,25506,29276,31612,23170,6294,3524,2770,54129,987,53142,129506,129506,0,0,0,0,0,24835,104,665,17849,6217,0,0,211575,190418,21158,40625,40625,42938,42938,0,0,0,0,0,0,0,0,0,0,0,0
1988:Q2,863649,190265,19493,11546,56141,23300,4970,0,0,74815,0,0,94175,94175,25599,30169,32248,23520,5951,3330,2621,54659,1007,53652,134835,134835,0,0,0,0,0,25594,68,714,18629,6183,0,0,215802,194222,21580,41231,41231,45369,45369,0,0,0,0,0,0,0,0,0,0,0,0
1988:Q3,870999,182035,19600,11203,58700,15000,4970,0,0,72562,0,0,101961,101961,26230,29238,32823,22645,5906,3428,2478,54985,1020,53965,141562,141562,0,0,0,0,0,25971,400,740,18806,6025,0,0,215898,194308,21590,42131,42131,45082,45082,0,0,0,0,0,0,0,0,0,0,0,0
1988:Q4,878706,167778,20100,10927,54066,9000,4970,0,0,68715,0,0,99979,99979,26511,30988,32620,24879,4339,3345,994,55261,1025,54236,152781,152781,0,0,0,0,0,23808,325,584,16910,5989,0,0,228683,205815,22868,43506,43506,45072,45072,0,0,0,0,0,0,0,0,0,0,0,0
1989:Q1,901539,163288,15102,10783,55491,9376,4970,0,0,67566,0,0,113775,113775,25149,27244,31699,20694,5779,4017,1762,56037,1023,55014,163783,163783,0,0,0,0,0,24037,282,564,17135,6056,1616,1616,235047,211542,23505,39338,39338,46446,46446,0,0,0,0,0,0,0,0,0,0,0,0
1989:Q2,928275,163643,15416,10773,55432,9403,4970,0,0,67649,0,0,121201,121201,24114,29870,34144,19840,5085,3970,1115,56976,1017,55959,161874,161874,0,0,0,0,0,24497,153,539,18014,5791,1618,1618,242393,218154,24239,44641,44641,52363,52363,0,0,0,0,0,0,0,0,0,0,0,0
1989:Q3,903894,160852,15548,10533,54289,8801,4970,0,0,66711,0,0,118606,118606,22839,31829,35181,19487,7152,6073,1079,57618,1009,56609,151110,151110,0,0,0,0,0,24976,268,595,18105,6008,1727,1727,238681,214813,23868,44294,44294,44210,44210,0,0,0,0,0,0,0,0,0,0,0,0
1989:Q4,921115,160526,15600,10599,54151,8770,4970,0,0,66436,0,0,122347,122347,21317,34044,35801,19560,5857,5227,630,58439,1000,57439,141797,141797,0,0,0,0,0,26183,278,734,18649,6522,2021,2021,250779,225701,25078,42540,42540,55265,55265,0,0,0,0,0,0,0,0,0,0,0,0
1990:Q1,934314,163165,16294,10728,55399,9020,4970,0,0,66754,0,0,144858,144858,20016,29747,32857,16906,6361,5052,1309,62101,993,61108,132852,132852,0,0,0,0,0,26549,578,734,18566,6671,2199,2199,253769,228392,25377,41977,41977,50720,50720,0,0,0,0,0,0,0,0,0,0,0,0
1990:Q2,944217,162587,17100,10676,53374,9170,4970,0,0,67297,0,0,151960,151960,18038,29234,30850,16422,6078,4977,1101,64131,987,63144,126295,126295,0,0,0,0,0,27535,764,746,18854,7171,940,940,265009,238508,26501,40022,40022,52388,52388,0,0,0,0,0,0,0,0,0,0,0,0
1990:Q3,947957,164119,17922,10880,53637,9570,4970,0,0,67140,0,0,168534,168534,18539,26844,29717,15666,4706,4095,611,61624,983,60641,117886,117886,0,0,0,0,0,28073,784,761,19039,7489,1773,1773,263777,237399,26378,36722,36722,55360,55360,0,0,0,0,0,0,0,0,0,0,0,0
1990:Q4,965800,158719,18580,9841,53009,9648,4850,0,0,62791,0,0,172408,172408,17224,28303,29179,16348,5652,5193,459,62538,976,61562,117103,117103,0,0,0,0,0,27732,545,775,19125,7287,4313,4313,268148,241333,26815,38809,38809,64851,64851,0,0,0,0,0,0,0,0,0,0,0,0
1991:Q1,927511,156333,18721,9480,51876,9580,4850,0,0,61826,0,0,158332,158332,15371,22983,24342,14012,4748,4682,66,65783,971,64812,107004,107004,0,0,0,0,0,27002,408,792,18908,6894,4267,4267,265459,238913,26546,36867,36867,63362,63362,0,0,0,0,0,0,0,0,0,0,0,0
1991:Q2,906920,155050,18669,9149,51272,9403,4850,0,0,61707,0,0,151017,151017,13028,23852,25185,11695,3677,3608,69,66360,969,65391,94742,94742,0,0,0,0,0,28842,457,870,20459,7056,4724,4724,266945,240251,26695,37562,37562,61121,61121,0,0,0,0,0,0,0,0,0,0,0,0
1991:Q3,904715,151641,19839,8933,50570,9801,4850,0,0,57648,0,0,142506,142506,13467,23641,24997,12111,3409,3272,137,67641,970,66671,83945,83945,0,0,0,0,0,29671,621,923,21084,7043,5496,5496,265605,239045,26561,45059,45059,72634,72634,0,0,0,0,0,0,0,0,0,0,0,0
1991:Q4,914277,151182,20829,8741,49434,10011,4820,0,0,57347,0,0,125065,125065,12625,22695,23322,11998,3530,3395,135,67327,963,66364,79065,79065,0,0,0,0,0,31669,921,909,21781,8058,6792,6792,263800,237420,26380,55066,55066,95461,95461,0,0,0,0,0,0,0,0,0,0,0,0
1992:Q1,890744,151214,21100,8698,49252,10050,4820,0,0,57294,0,0,131864,131864,12251,19458,20140,11569,3303,3170,133,67866,959,66907,76275,76274,0,0,1,0,0,31910,598,867,22454,7991,6333,6333,260589,234530,26059,51227,51227,78454,78454,0,0,0,0,0,0,0,0,0,0,0,0
1992:Q2,904537,151054,21400,8635,48978,10000,4820,0,0,57221,0,0,127304,127304,11715,19700,19690,11725,2929,2764,165,68934,947,67987,76859,76855,0,0,4,0,0,32117,599,926,22541,8051,7670,7670,263023,236721,26302,56332,56332,86900,86900,0,0,0,0,0,0,0,0,0,0,0,0
1992:Q3,907766,151174,21600,8626,48787,9950,4820,0,0,57391,0,0,132148,132148,12590,18114,20259,10445,4399,4163,236,70378,937,69441,80158,80098,11,0,49,0,0,31708,720,934,22618,7436,7684,7684,256724,231052,25672,55840,55840,86849,86849,0,0,0,0,0,0,0,0,0,0,0,0
1992:Q4,914666,151198,21566,8659,48817,9870,4790,0,0,57496,0,0,129939,129939,12550,19125,20409,11266,3877,3857,20,72980,922,72058,79881,79828,46,0,7,0,0,31446,733,936,23104,6673,9739,9739,264909,238418,26491,53474,53474,85548,85548,0,0,0,0,0,0,0,0,0,0,0,0
1993:Q1,931972,149876,21498,8665,48718,9750,4790,0,0,56455,0,0,129945,129945,11216,17646,19336,9526,3485,3442,43,73787,912,72875,84970,84886,45,0,39,0,0,31202,745,849,22958,6650,13981,13981,255029,229526,25503,59775,59775,101060,101060,0,0,0,0,0,0,0,0,0,0,0,0
1993:Q2,942183,149129,21222,8718,48729,9613,4790,0,0,56057,0,0,125172,125172,10502,17008,18273,9237,3955,3871,84,74758,901,73857,92074,91766,124,0,184,0,0,31274,756,909,23210,6399,15844,15844,250894,225805,25089,59048,59048,112525,112525,0,0,0,0,0,0,0,0,0,0,0,0
1993:Q3,945759,148015,20860,8775,48710,9438,4790,0,0,55442,0,0,121491,121491,10494,15813,18134,8173,3493,3304,189,76600,893,75707,98923,98566,208,0,149,0,0,31175,728,950,23510,5987,14715,14715,248006,223205,24801,67376,67376,109658,109658,0,0,0,0,0,0,0,0,0,0,0,0
1993:Q4,952882,140740,17169,7081,46106,9158,4790,0,0,56436,0,0,114167,114167,10142,15115,17073,8184,2012,1761,251,78609,884,77725,103131,102651,234,0,246,0,0,32026,796,981,24468,5781,19459,19459,249047,224142,24905,76123,76123,112311,112311,0,0,0,0,0,0,0,0,0,0,0,0
1994:Q1,974544,134236,15198,8664,45369,9154,0,0,0,55851,0,0,130429,130429,10574,13681,16324,7931,1819,1765,54,80150,881,79269,100423,99910,258,0,255,0,0,33015,807,972,25312,5924,22826,22826,253565,228209,25357,77033,77033,116793,116793,0,0,0,0,0,0,0,0,0,0,0,0
1994:Q2,982960,133103,14631,8829,45556,9240,0,0,0,54847,0,0,128049,128049,10350,13542,16016,7876,2293,2257,36,82625,879,81746,108501,107941,299,0,261,0,0,32091,820,1063,24902,5306,22097,22097,259174,233257,25917,76103,76103,115032,115032,0,0,0,0,0,0,0,0,0,0,0,0
1994:Q3,991167,133720,15122,8856,45619,9683,0,0,0,54440,0,0,128323,128323,10773,13942,16929,7786,2138,2123,15,84528,880,83648,116186,115501,416,0,269,0,0,32762,896,1080,24955,5831,22247,22247,258560,232704,25856,72568,72568,115420,115420,0,0,0,0,0,0,0,0,0,0,0,0
1994:Q4,1024270,142768,20387,10873,46499,9554,0,0,0,55455,0,0,122101,122101,9895,12987,14988,7894,1942,1926,16,86379,880,85499,125889,124840,457,0,592,0,0,32878,938,1104,25175,5661,23719,23719,274916,247424,27492,75051,75051,115745,115745,0,0,0,0,0,0,0,0,0,0,0,0
1995:Q1,1037953,142653,20138,10980,46179,9663,0,0,0,55693,0,0,126693,126693,11438,12531,16036,7933,2589,2573,16,87931,893,87038,119995,119031,379,0,585,0,0,33455,917,1088,26031,5419,24738,24738,285122,256610,28512,69850,69850,120958,120958,0,0,0,0,0,0,0,0,0,0,0,0
1995:Q2,1048438,142006,20583,11019,45149,9626,0,0,0,55629,0,0,125681,125681,11690,12640,16629,7701,2312,2296,16,89625,906,88719,120533,119565,346,0,622,0,0,33845,940,1206,26489,5210,26704,26704,291433,262290,29143,68742,68742,123227,123227,0,0,0,0,0,0,0,0,0,0,0,0
1995:Q3,1063248,141801,20475,11024,45355,10215,0,0,0,54732,0,0,127298,127298,12512,11167,15557,8122,2005,1989,16,91958,919,91039,122110,121132,369,0,609,0,0,34604,891,1282,27576,4855,27961,27961,288967,260070,28897,77352,77352,125513,125513,0,0,0,0,0,0,0,0,0,0,0,0
1995:Q4,1120401,129437,10719,9093,45078,9692,0,0,0,54855,8914,8914,122111,122111,12270,10056,14154,8172,2356,2334,22,96871,932,95939,132263,131377,374,0,512,0,0,33692,824,1314,28842,2712,29636,29636,301604,271444,30160,78593,78593,145390,145390,17208,133,3064,10170,361,2553,927,0,0,0,0,0
1996:Q1,1150313,137529,19224,9103,44897,9825,0,0,0,54480,0,0,126553,126553,12807,9787,13732,8862,1980,1827,153,98725,937,97788,131373,129878,352,0,1143,0,0,34531,779,1321,30192,2239,30218,30218,303542,273188,30354,89110,89110,155998,155998,18160,119,3072,10369,412,2895,1293,0,0,0,0,0
1996:Q2,1171416,137856,18447,9260,44833,10384,0,0,0,54932,0,0,126630,126630,13456,8612,13079,8989,2069,1931,138,99928,941,98987,144946,143437,296,0,1213,0,0,34421,773,1454,30362,1832,35595,35595,305721,275149,30572,89851,89851,153219,153219,19112,104,3080,10568,464,3237,1659,0,0,0,0,0
1996:Q3,1183538,136747,19121,9508,43004,10637,0,0,0,54477,0,0,139897,139897,14457,8611,13537,9531,2221,1957,264,102883,946,101937,153291,151809,370,0,1112,0,0,34029,886,1505,29824,1814,32968,32968,299021,269119,29902,86937,86937,152412,152412,20064,89,3088,10767,515,3578,2027,0,0,0,0,0
1996:Q4,1228623,132167,20042,8434,44624,4849,0,0,0,54218,0,0,126000,126000,13912,9443,13413,9942,2564,2313,251,101426,951,100475,161369,159327,442,0,1600,0,0,33976,853,1529,30047,1547,37710,37710,304692,274223,30469,94411,94411,189937,189937,21016,1252,3096,10966,567,3920,1215,0,0,0,0,0
1997:Q1,1234038,136408,18132,9010,45184,10240,0,0,0,53842,0,0,130675,130675,14491,9314,13518,10287,2161,1937,224,102904,951,101953,156644,154457,399,0,1788,0,0,33770,821,1540,30160,1249,33232,33232,308023,277221,30802,101354,101354,181262,181262,23800,1272,3375,11824,1058,4790,1481,0,0,0,0,0
1997:Q2,1278209,135026,18057,8999,44236,10016,0,0,0,53718,0,0,132343,132343,15006,9891,14135,10762,2152,1938,214,104628,951,103677,172367,170097,448,0,1822,0,0,34467,737,1653,30793,1284,34182,34182,302104,271894,30210,110390,110390,199069,199069,26584,1292,3654,12682,1549,5660,1747,0,0,0,0,0
1997:Q3,1320998,139588,17653,9392,49109,10537,0,0,0,52897,0,0,135779,135779,14745,9015,13486,10274,1886,1754,132,105376,952,104424,181809,179452,490,0,1867,0,0,34665,785,1730,30925,1225,31863,31863,307503,276753,30750,127447,127447,201954,201954,29368,1312,3933,13541,2040,6530,2012,0,0,0,0,0
1997:Q4,1389288,138216,17647,8817,49003,9989,0,0,0,52760,0,0,143261,143261,13665,6911,10832,9744,2538,2472,66,104640,952,103688,197788,195431,574,0,1783,0,0,32944,689,1604,29972,679,62085,62085,304094,273685,30409,131172,131172,219822,219822,32152,1333,4212,14399,2531,7400,2277,0,0,0,0,0
1998:Q1,1447497,138612,18304,8729,49172,9974,0,0,0,52433,0,0,148824,148824,11596,5243,8808,8031,2716,2715,1,104837,949,103888,205890,203409,696,0,1785,0,0,34138,674,1775,30939,750,67656,67656,309089,278180,30909,140059,140059,245286,245286,33551,1345,4607,14965,2923,7255,2456,0,0,0,0,0
1998:Q2,1497205,139336,17365,8717,50726,10082,0,0,0,52446,0,0,146196,146196,10351,3861,7320,6892,2461,2460,1,105786,945,104841,225086,222697,757,0,1632,0,0,33689,639,1777,30723,550,67539,67539,315670,284103,31567,151513,151513,259920,259920,35797,1357,5241,15874,3553,7023,2749,0,0,0,0,0
1998:Q3,1558558,137865,17479,9250,48807,10346,0,0,0,51983,0,0,146484,146484,10754,3390,7800,6344,2473,2472,1,106287,942,105345,245658,242602,1019,0,2037,0,0,35171,623,1971,32029,548,71542,71542,313499,282149,31350,149053,149053,299141,299141,37241,1369,5648,16459,3958,6874,2933,0,0,0,0,0
1998:Q4,1633384,135934,17255,8518,48144,10117,0,0,0,51900,0,0,142266,142266,9068,2244,6575,4737,4268,4252,16,104743,938,103805,288189,284587,1127,0,2475,0,0,36011,590,2015,32906,500,85905,85905,340919,306827,34092,152761,152761,292339,292339,38737,1381,6071,17064,4378,6719,3124,0,0,0,0,0
1999:Q1,1676732,135300,17255,8531,48131,10117,0,0,0,51266,0,0,163247,163247,8237,1995,5555,4677,3742,3425,317,100575,934,99641,298750,293953,1509,0,3288,0,0,35646,686,1983,32644,333,86651,86651,354283,318855,35428,160646,160646,287661,287661,39999,1478,6110,17453,4806,6732,3420,0,0,0,0,0
1999:Q2,1718108,135431,16930,8472,48740,10199,0,0,0,51090,0,0,140621,140621,7377,1570,4830,4117,4358,3935,423,99873,930,98943,328519,322638,1848,0,4033,0,0,35640,648,2116,32828,48,85844,85844,363143,326829,36314,183825,183825,288543,288543,43364,1576,6215,18489,5950,6766,4368,0,0,0,0,0
1999:Q3,1775731,136202,17320,9101,48288,10163,0,0,0,51330,0,0,134925,134925,6514,1398,4819,3093,1659,1644,15,100198,926,99272,365294,358445,2542,0,4307,0,0,36157,651,2195,33244,67,83650,83650,370585,333527,37059,185837,185837,307264,307264,46048,1676,6299,19315,6862,6792,5104,0,0,0,0,0
1999:Q4,1895213,129095,17104,8203,48044,8488,0,0,0,47256,0,0,119542,119542,6605,1630,4384,3851,2700,2686,14,99977,922,99055,395745,389179,3366,0,3200,0,0,36597,712,2136,33679,70,82590,82590,395088,355579,39509,227926,227926,349661,349661,48057,1775,6362,19934,7545,6812,5629,0,0,0,0,0
2000:Q1,2059832,129139,17595,7962,47723,8525,0,0,0,47334,0,0,120797,120797,7061,1644,4921,3784,1984,1969,15,99660,918,98742,404299,398651,2632,0,3016,0,0,36876,584,2063,34129,100,87640,87640,422737,380463,42274,286471,286471,408173,408173,53351,1803,6671,21182,9527,7419,6749,0,0,0,0,0
2000:Q2,2083641,128244,16864,8071,47290,8584,0,0,0,47435,0,0,124757,124757,7267,1730,4868,4129,4120,4106,14,100564,914,99650,436609,431004,2859,0,2746,0,0,37612,481,2239,34606,286,79701,79701,441876,397688,44188,270234,270234,392297,392297,58630,1831,6979,22426,11503,8024,7867,0,0,0,0,0
2000:Q3,2087332,127380,16018,8456,47203,8818,0,0,0,46885,0,0,112411,112411,6802,1627,4637,3792,1872,1776,96,102019,911,101108,429835,424040,3136,0,2659,0,0,38212,442,2370,35038,362,76609,76609,441898,397708,44190,273873,273873,412046,412046,62748,1859,7219,23397,13045,8496,8732,0,0,0,0,0
2000:Q4,2141630,126346,15894,8271,46641,8867,0,0,0,46673,0,0,117339,117339,5881,1606,4344,3143,1754,1692,62,102818,907,101911,437861,431987,3393,0,2481,0,0,39738,426,2489,36408,415,89836,89836,456178,410560,45618,235134,235134,460738,460738,66401,1900,7432,24258,14412,8915,9484,0,0,0,0,0
2001:Q1,2097576,124122,15546,8212,45248,8941,0,0,0,46175,0,0,114750,114750,5972,1476,6626,822,2830,2749,81,103811,897,102914,444849,439724,3241,0,1884,0,0,39804,419,2515,36444,426,92852,92852,455743,410169,45574,195785,195785,448261,448261,67321,2113,7630,22064,16748,9317,9449,0,0,0,0,0
2001:Q2,2129528,122655,14982,7042,45226,8971,0,0,0,46434,0,0,118873,118873,5336,1222,5765,793,2757,2700,57,103949,888,103061,446041,440680,3453,0,1908,0,0,40924,388,2762,37377,397,91900,91900,477377,429639,47738,195977,195977,454086,454086,68431,2369,7868,19416,19567,9803,9408,0,0,0,0,0
2001:Q3,2289656,122410,14771,9901,42878,8892,0,0,0,45968,0,0,137226,137226,3939,910,4272,577,2736,2582,154,105294,879,104415,455395,448790,3832,0,2773,0,0,41166,380,2889,37485,412,102353,102353,445526,400973,44553,258064,258064,545609,545609,69028,2507,7996,17992,21082,10064,9387,0,0,0,0,0
2001:Q4,2165514,118557,14667,7010,42387,8967,0,0,0,45526,0,0,115707,115707,3585,1010,4055,540,2045,1950,95,105010,869,104141,463297,455246,4932,0,3119,0,0,42560,366,3099,38660,435,105556,105556,440219,396197,44022,196359,196359,502146,502146,69463,2607,8090,16953,22188,10254,9371,0,0,0,0,0
2002:Q1,2133663,118274,14348,6911,42839,9237,0,0,0,44939,0,0,109469,109469,3501,996,3935,562,2183,2098,85,105265,856,104409,455508,446262,5530,0,3716,0,0,42771,349,3135,38874,413,109930,109930,435101,391591,43510,191989,191989,487428,487428,71248,2639,8321,17058,24118,9979,9133,0,0,0,0,0
2002:Q2,2099022,118928,14389,7882,42765,9322,0,0,0,44570,0,0,119922,119922,3981,850,4369,462,2186,2116,70,105201,842,104359,459445,449390,6030,0,4025,0,0,43684,260,3406,39798,220,108606,108606,440427,396384,44043,170555,170555,451834,451834,73403,2678,8600,17185,26448,9646,8846,0,0,0,0,0
2002:Q3,2093438,118778,14216,8105,42833,9495,0,0,0,44129,0,0,133701,133701,3775,983,4276,482,2224,2149,75,105661,828,104833,470969,459636,6815,0,4518,0,0,43628,254,3486,39649,239,107725,107725,435430,391887,43543,149624,149624,446064,446064,74876,2705,8790,17272,28041,9419,8649,0,0,0,0,0
2002:Q4,2096780,118089,13762,7991,43148,9598,0,0,0,43590,0,0,125834,125834,3930,624,4390,164,2969,2887,82,105992,815,105177,470482,458434,6906,0,5142,0,0,44231,448,3629,40154,0,112384,112384,444043,399639,44404,148201,148201,441850,441850,78151,2764,9214,17465,31582,8913,8213,0,0,0,0,0
2003:Q1,2173233,118104,13586,8104,43580,9650,0,0,0,43184,49520,49520,114959,114959,4270,531,4678,123,2707,2520,187,105496,800,104696,476335,462486,7599,0,6250,0,0,43545,415,3543,39587,0,123240,123240,441554,397399,44155,159526,159526,454114,454114,79332,2840,9342,17215,32985,8943,8007,0,0,0,0,0
2003:Q2,2328039,117623,13606,8495,43405,9623,0,0,0,42494,0,0,126080,126080,4108,440,4408,140,6760,2550,4210,105749,786,104963,486026,471410,7997,0,6619,0,0,43169,378,3760,39031,0,113222,113222,442347,398112,44235,248456,248456,553576,553576,80483,2914,9466,16972,34352,8973,7806,0,0,0,0,0
2003:Q3,2280395,116592,13482,8495,43179,9709,0,0,0,41727,0,0,125151,125151,3783,484,4154,113,6943,2691,4252,105215,771,104444,490275,474042,8828,0,7405,0,0,42822,372,3899,38551,0,109239,109239,430996,387896,43100,227610,227610,539686,539686,81599,2986,9587,16737,35678,9001,7610,0,0,0,0,0
2003:Q4,2245018,116481,13124,8813,43089,9676,0,0,0,41779,0,0,124987,124987,3751,614,4193,172,7953,3437,4516,105250,757,104493,501682,484579,9073,0,8030,0,0,44168,346,3982,39840,0,111404,111404,441742,397568,44174,182500,182500,521075,521075,83411,3103,9783,16355,37831,9048,7291,0,0,0,0,0
2004:Q1,2327144,117805,12949,9088,45275,9745,0,0,0,40748,0,0,113556,113556,3337,527,3715,149,8195,3704,4491,105186,744,104442,516628,500284,8405,0,7939,0,0,44620,348,3873,40399,0,109691,109691,458788,412909,45879,200782,200782,558740,558740,89289,3540,10075,17840,40744,9849,7241,0,0,0,0,0
2004:Q2,2415746,115945,12712,8728,44428,9804,0,0,0,40273,0,0,119412,119412,3856,552,4156,252,7484,3009,4475,105635,731,104904,558066,539827,9624,0,8615,0,0,43427,208,4100,39119,0,108192,108192,453349,408014,45335,216509,216509,582764,582764,100555,4379,10633,20688,46328,11385,7142,0,0,0,0,0
2004:Q3,2393854,114777,12502,8988,44452,9859,0,0,0,38976,0,0,121717,121717,3356,629,3703,282,7895,3140,4755,106435,718,105717,554265,535771,9855,0,8639,0,0,43118,68,4382,38668,0,113437,113437,437235,393512,43724,209852,209852,570750,570750,110388,5111,11120,23173,51201,12726,7057,0,0,0,0,0
2004:Q4,2564234,113640,12208,9141,44071,9994,0,0,0,38226,0,0,131240,131240,3300,710,3759,251,5466,5296,170,106822,705,106117,575816,553379,11374,0,11063,0,0,43574,0,4516,39058,0,111424,111424,451548,406393,45155,264019,264019,635200,635200,121475,5937,11669,25975,56696,14237,6961,0,0,0,0,0
2005:Q1,2575169,105957,12058,9466,39051,10073,0,0,0,35309,0,0,148178,148178,3403,619,3771,251,4252,4241,11,106432,695,105737,578567,557747,11758,661,8401,0,0,44640,0,4487,40153,0,110805,110805,447872,403085,44787,266078,266078,622686,622686,135680,6518,12569,28223,64751,15882,7737,0,0,0,0,0
2005:Q2,2647196,105309,11933,9764,39421,10187,0,0,0,34004,0,0,162022,162022,3353,745,3872,226,3585,3575,10,107142,685,106457,611878,589705,12544,663,8966,0,0,45879,0,4870,41009,0,102735,102735,455614,410053,45561,263518,263518,632648,632648,152768,7217,13651,30928,74440,17860,8672,0,0,0,0,0
2005:Q3,2647408,104572,11785,9836,40282,10428,0,0,0,32241,0,0,164119,164119,3554,768,4035,287,3865,3855,10,106848,676,106172,614476,592124,12619,672,9061,0,0,47736,0,5354,42382,0,99771,99771,450999,405899,45100,258013,258013,626156,626156,166531,7781,14523,33106,82244,19453,9424,0,0,0,0,0
2005:Q4,2675771,104587,11484,9958,40966,10620,0,0,0,31559,0,0,162541,162541,3259,761,3779,241,8215,8204,11,107591,666,106925,620167,595637,14656,690,9184,0,0,51632,0,5867,45765,0,93857,93857,479170,431253,47917,232447,232447,623442,623442,188102,8664,15890,36520,94475,21950,10603,0,0,0,0,0
2006:Q1,2737613,103900,11640,10209,42120,10694,0,0,0,29237,0,0,159146,159146,0,738,504,234,7774,7763,11,108287,658,107629,616867,591687,14597,695,9888,0,0,53280,0,6140,47140,0,96731,96731,482802,434522,48280,249478,249478,651613,651613,206997,8742,17097,38352,105915,25643,11248,0,0,0,0,0
2006:Q2,2855077,104260,11924,10412,43661,10922,0,0,0,27341,0,0,174004,174004,0,701,478,223,4519,4505,14,109826,650,109176,641491,614277,16308,688,10218,0,0,56091,0,6537,49554,0,98314,98314,497351,447616,49735,243845,243845,692342,692342,232333,8847,18716,40808,121253,30596,12113,0,0,0,0,0
2006:Q3,2871485,104046,12504,10455,44558,11067,0,0,0,25462,0,0,158862,158862,0,664,496,168,4608,4597,11,111176,642,110534,643680,615380,16796,669,10835,0,0,58097,0,6830,51267,0,92885,92885,490420,441378,49042,254532,254532,701010,701010,251505,8927,19941,42666,132860,34344,12767,0,0,0,0,0
2006:Q4,2973520,105265,12912,11150,45698,11215,0,0,0,24290,0,0,168780,168780,0,446,265,181,5573,5559,14,110919,634,110285,641386,609928,18885,631,11942,0,0,63539,0,7552,55987,0,97672,97672,498043,448239,49804,292099,292099,700594,700594,289204,9084,22351,46321,155683,41713,14052,0,0,0,0,0
2007:Q1,3041909,105695,12924,11188,46581,11427,0,0,0,23575,0,0,173410,173410,0,320,136,184,3914,3903,11,111554,625,110929,624424,594367,16249,625,13183,0,0,65732,0,7900,57832,0,92110,92110,505429,454886,50543,278962,278962,741761,741761,338598,11628,25228,57148,183470,45053,16071,0,0,0,0,0
2007:Q2,3259034,105849,12872,11198,47158,11603,0,0,0,23018,0,0,193712,193712,0,392,148,244,4133,4119,14,112733,617,112116,641952,606093,18897,627,16335,0,0,66616,0,8096,58520,0,93703,93703,509268,458341,50927,334032,334032,805523,805523,391121,14334,28288,68660,213017,48604,18218,0,0,0,0,0
2007:Q3,3494503,104836,12687,11002,47074,11756,0,0,0,22317,0,0,247947,247947,0,277,99,178,4572,4558,14,114289,608,113681,821754,769638,28373,1379,22364,0,0,70211,0,8636,61575,0,97626,97626,507904,457114,50790,296520,296520,805014,805014,423553,16005,30177,75769,231261,50797,19544,0,0,0,0,0
2007:Q4,3751047,103086,12506,10905,46802,11881,0,0,0,20992,0,0,271078,271078,0,493,183,310,6276,6266,10,114533,600,113933,867142,807810,32300,1366,25666,0,0,75483,0,9397,66086,0,93698,93698,522957,470661,52296,325534,325534,917013,917013,453754,17561,31936,82389,248251,52839,20778,0,0,0,0,0
2008:Q1,3972328,102805,12325,11035,46810,11991,0,0,0,20644,0,0,249671,249671,0,348,120,228,5881,5867,14,115721,591,115130,895835,837369,28500,1395,28571,0,0,81277,0,7158,74119,0,88620,88620,541997,487797,54200,365327,365327,1042765,1042765,482081,20681,35610,85568,261944,53629,24649,0,0,0,0,0
2008:Q2,3925229,103764,12964,11165,47248,12195,0,0,0,20192,0,0,239468,239468,0,311,142,169,7045,7035,10,116821,583,116238,906478,839710,35400,1500,29868,0,0,87127,0,7641,79486,0,84288,84288,563927,507534,56393,291465,291465,1019312,1019312,505223,23230,38611,88165,273131,54274,27812,0,0,0,0,0
2008:Q3,4159147,104184,12853,10873,48167,12470,0,0,0,19821,0,0,228856,228856,0,0,0,0,6359,6348,11,117921,574,117347,1003427,919236,43500,2201,38490,0,0,79785,0,5794,73991,0,80216,80216,557003,501303,55700,402323,402323,1018679,1018679,560394,29307,45767,94356,299800,55813,35351,0,0,0,0,0
2008:Q4,3529661,109290,12808,15303,48874,12716,0,0,0,19589,0,0,226416,226416,0,0,0,0,8241,8230,11,120441,566,119875,900464,807837,40600,2736,49291,0,0,80252,0,5667,74585,0,78122,78122,539882,485894,53988,164838,164838,737433,737433,564282,29735,46271,94792,301679,55921,35884,0,0,0,0,0
2009:Q1,3243129,124028,12765,28029,49912,12866,0,1172,100,19184,0,0,188760,188760,0,0,0,0,16681,16213,468,120827,557,120270,792936,710756,30300,2233,49647,0,0,80032,0,5911,74121,0,70523,70523,516685,465017,51669,134275,134275,664063,664063,534319,27381,40321,95377,289463,50246,31531,0,0,0,0,0
2009:Q2,3170754,148116,12691,50603,50799,13060,0,1370,100,19493,0,0,193358,193358,0,0,0,0,15910,15447,463,121338,549,120789,720547,642150,28500,2275,47622,0,0,80293,0,5648,74645,0,63481,63481,493012,443711,49301,147666,147666,675773,675773,511260,25570,35742,95826,280062,45879,28181,0,0,0,0,0
2009:Q3,3124809,171880,12571,75005,51436,13241,0,0,100,19527,0,0,182119,182119,0,0,0,0,16194,15661,533,120481,540,119941,658669,583462,28300,1956,44951,0,0,78118,0,4949,73169,0,53338,53338,474268,426841,47427,173767,173767,702803,702803,493172,24149,32150,96179,272688,42453,25553,0,0,0,0,0
2009:Q4,3001177,175614,12619,74864,52467,13536,0,0,1988,20140,0,0,182460,182460,0,0,0,0,14604,14196,408,121144,532,120612,615900,541743,26500,2186,45471,0,0,80028,0,5233,74795,0,54398,54398,448885,403997,44889,202985,202985,701730,701730,403429,26786,20394,75399,197819,60106,22925,0,0,0,0,0
2010:Q1,2941282,216508,40508,73461,56256,20733,0,0,4660,20890,0,0,185570,185570,0,0,0,0,16998,15721,1277,121758,522,121236,556786,485764,25400,522,45006,94,0,77717,0,5236,72481,0,37711,37711,447526,402773,44753,196375,196375,701075,701075,383258,25686,18853,73685,191876,52139,21019,0,0,0,0,0
2010:Q2,2899480,214540,39667,69627,55975,20644,0,0,7848,20779,0,0,176602,176602,0,0,0,0,18406,17200,1206,122460,513,121947,522625,452050,25000,1221,43774,580,0,76517,0,4764,71753,0,37243,37243,439207,395286,43921,216997,216997,703728,703728,371155,25875,18198,74339,181824,50140,20779,0,0,0,0,0
2010:Q3,2881937,215416,39879,70338,54998,21011,0,0,8324,20866,0,0,163073,163073,0,0,0,0,18484,17317,1167,123606,503,123103,479720,409182,25200,1268,43540,530,0,81885,0,5680,76205,0,40612,40612,445748,401173,44575,233671,233671,716636,716636,363086,26372,17739,75878,173646,48677,20774,0,0,0,0,0
2010:Q4,2805399,217703,39787,69648,56370,21796,0,0,9178,20924,0,0,162272,162272,0,0,0,0,19320,18118,1202,124562,493,124069,463986,392788,26105,773,43415,905,0,87277,0,6770,80507,0,3964,3964,372731,335458,37273,278175,278175,725246,725246,350163,26173,16735,74567,163844,47405,21439,0,0,0,0,0
2011:Q1,2820287,223036,41648,70883,56790,22923,0,0,9326,21466,0,0,167092,167092,0,0,0,0,27333,26210,1123,124868,484,124384,433213,363977,23693,776,44236,531,0,89616,0,7900,81716,0,254,254,371665,334499,37167,315728,315728,731814,731814,335668,25223,15435,86743,144076,45917,18274,0,0,0,0,0
2011:Q2,2994078,229899,48142,66669,57406,26498,0,0,9677,21507,104574,104574,185073,185073,0,0,0,0,24647,23458,1189,125568,474,125094,415106,346134,22815,865,44280,1012,0,85106,0,6648,78458,0,72,72,361262,325136,36126,312853,312853,778631,778631,371287,25652,17336,99736,161620,47981,18962,0,0,0,0,0
2011:Q3,2842036,244071,57069,67275,57320,30626,0,0,9828,21953,0,0,196903,196903,0,0,0,0,25254,23949,1305,126488,465,126023,398850,328550,23746,930,44600,1024,0,80956,0,5507,75449,0,69,69,361948,325753,36195,251931,251931,787229,787229,368337,25545,20557,95269,156184,54371,16411,0,0,0,0,0
2011:Q4,2790124,241199,50819,69233,59583,28577,0,0,9842,23145,0,0,196129,196129,0,0,0,0,22899,21540,1359,126986,455,126531,403286,332087,24154,878,44912,1255,0,83752,0,5845,77907,0,62,62,375763,338187,37576,238861,238861,726124,726124,375063,23364,22151,93479,162304,54344,19421,0,0,0,0,0
2012:Q1,2794301,256057,58955,70713,59322,32310,0,0,9488,25269,0,0,171620,171620,0,0,0,0,53066,51768,1298,126945,445,126500,380666,309080,22884,1280,46123,1299,0,86614,0,7092,79522,0,834,834,375495,337946,37550,267723,267723,723715,723715,351566,26525,20207,94198,166848,30615,13173,0,0,0,0,0
2012:Q2,2809985,257320,58558,72252,59634,32442,0,0,8939,25495,0,0,166024,166024,0,0,0,0,53043,50774,2269,126698,435,126263,404343,328020,23720,1348,49535,1720,0,86963,0,6344,80619,0,1659,1659,375681,338113,37568,244457,244457,742728,742728,351069,23201,21490,99223,161892,32847,12416,0,0,0,0,0
2012:Q3,2879748,254722,57879,73198,59655,32407,0,0,6126,25457,0,0,157659,157659,0,0,0,0,107899,103211,4688,127331,425,126906,398302,321386,24380,1275,49443,1718,100,89250,0,6467,82783,0,3245,3245,377473,339726,37747,269144,269144,751301,751301,343422,23082,22046,100623,153877,31908,11886,0,0,0,0,0
2012:Q4,2872222,202109,19786,74893,61275,16388,0,0,3007,26760,0,0,143902,143902,0,0,0,0,105333,99281,6052,128352,414,127938,413600,336714,25074,1254,48151,2145,262,92068,0,6589,85479,0,1776,1776,386975,348278,38698,303747,303747,758064,758064,336296,75588,23622,90944,100760,35323,10059,0,0,0,0,0
2013:Q1,2875820,204692,20014,75643,61739,16787,0,0,2462,28047,0,0,141484,141484,0,0,0,0,105987,101409,4578,128347,405,127942,407411,332115,22217,1392,49123,2141,423,91400,0,7362,84038,0,3909,3909,390907,351816,39091,307855,307855,741472,741472,352356,73243,20665,110746,113047,24972,9683,0,0,0,0,0
2013:Q2,3030130,207150,20748,75829,61866,16821,0,0,2352,29534,12800,12800,152282,152282,0,0,0,0,110734,106414,4320,129015,395,128620,450701,372552,23453,1496,50330,2372,498,90288,0,6499,83789,0,4358,4358,394821,355339,39482,302558,302558,799071,799071,376352,80544,21693,128658,107860,27241,10356,0,0,0,0,0
2013:Q3,3133772,208407,20209,75661,62387,16974,0,0,2352,30824,114505,114505,138942,138942,0,0,0,0,100514,96579,3935,129418,385,129033,457668,377092,26569,1550,49441,2408,608,89673,0,6133,83540,0,3860,3860,396898,357208,39690,313716,313716,790576,790576,389595,78890,20903,155418,97851,27443,9090,0,0,0,0,0
2013:Q4,3278827,356716,123143,75998,63598,61077,0,0,2352,30548,0,0,139690,139690,0,0,0,0,75694,71686,4008,129292,375,128917,492559,410057,26990,2073,50111,2339,989,94975,0,6770,88205,0,1932,1932,401336,361202,40134,339184,339184,818249,818249,429200,91123,23963,169430,101024,34319,9341,0,0,0,0,0
2014:Q1,3360702,395602,148785,77404,63220,72151,0,0,2352,31690,0,0,151242,151242,0,0,0,0,73031,70035,2996,129235,366,128869,478540,394717,27407,2244,50498,2277,1397,98320,0,8372,89948,0,531,531,397961,358165,39796,320598,320598,865194,865194,450448,94387,27236,179868,106629,32797,9531,0,0,0,0,0
2014:Q2,3425026,362557,124907,76648,63553,61662,0,0,2352,33435,0,0,158132,158132,0,0,0,0,64118,61213,2905,129548,356,129192,530562,442177,29958,2071,51081,2242,3033,97422,0,7764,89658,0,17,17,401356,361220,40136,375418,375418,866507,866507,439389,85047,28771,174476,108350,34125,8620,0,0,0,0,0
2014:Q3,3372729,216805,22926,76401,63175,17965,0,0,2352,33986,0,0,185938,185938,0,0,0,0,63838,61322,2516,130311,346,129965,539790,446688,33143,2139,51402,2173,4245,99310,0,7695,91615,0,10,10,401676,361508,40168,390257,390257,892926,892926,451868,91380,32012,162105,119557,36872,9942,0,0,0,0,0
2014:Q4,3388791,217869,23438,76581,63249,18091,0,0,2352,34158,0,0,170645,170645,0,0,0,0,64817,61597,3220,130944,337,130607,565672,468231,35397,2176,51928,2083,5857,106135,0,8358,97777,0,10,10,411532,370379,41153,369537,369537,870320,870320,481310,113211,34569,144615,132906,45688,10321,0,0,0,0,0
2015:Q1,3424780,218011,23819,76199,62938,18214,0,0,2352,34489,60920,60920,177965,177965,0,0,0,0,62331,59313,3018,131199,328,130871,536597,436039,34903,2233,54076,2098,7248,104993,0,8996,95997,0,13,13,412333,371100,41233,354327,354327,870596,870596,495495,113971,39269,140419,153645,36533,11658,0,0,0,0,0
2015:Q2,3522238,220100,25013,77838,62059,18331,0,0,2352,34507,127565,127565,188766,188766,0,0,0,0,55103,52636,2467,131610,319,131291,588152,478125,39923,2127,56223,2072,9682,106561,0,8653,97908,0,14,14,416253,374628,41625,364371,364371,842514,842514,481229,111130,36266,139033,148378,35380,11042,0,0,0,0,0
2015:Q3,3494636,218166,25188,77011,60268,18269,0,0,2352,35078,199915,199915,195159,195159,0,0,0,0,37677,35275,2402,132458,310,132148,586233,460227,44872,2139,57239,2861,18895,110316,0,8861,101455,0,14,14,422822,380540,42282,289407,289407,843596,843596,458873,103607,33730,127819,145828,36486,11403,0,0,0,0,0
2015:Q4,3294290,221262,26238,77461,60335,18228,0,0,2352,36648,0,0,207538,207538,0,0,0,0,23923,23072,851,132281,301,131980,631233,498651,44650,2352,58121,3683,23776,114970,0,9413,105557,0,15,15,404691,364222,40469,289393,289393,819243,819243,449741,106085,33679,115264,146868,35324,12521,0,0,0,0,0
2016:Q1,3314364,219011,26562,76351,58516,18085,0,0,2352,37145,0,0,214204,214204,0,0,0,0,23382,22466,916,131986,293,131693,613759,484531,42918,1786,61115,3688,19721,116320,0,10414,105906,0,196,196,384836,346352,38484,265726,265726,859107,859107,485837,117441,39181,109712,162889,42673,13941,0,0,0,0,0
2016:Q2,3366517,215651,27166,75734,56170,17777,0,0,2352,36452,0,0,202788,202788,0,0,0,0,22228,21305,923,132236,285,131951,684959,548999,44463,3023,65710,3670,19094,119360,0,10650,108710,0,161,161,382361,344125,38236,275717,275717,862033,862033,469023,118291,36607,110780,152437,38217,12691,0,0,0,0,0
2016:Q3,3364238,213537,26754,75399,55212,17773,0,0,2352,36047,0,0,209383,209383,0,0,0,0,24703,23659,1044,131475,278,131197,684866,546202,46354,3289,67995,3625,17401,115882,0,9503,106379,0,159,159,382948,344653,38295,298913,298913,835459,835459,466913,114581,37833,116539,143807,43242,10911,0,0,0,0,0
2016:Q4,3328746,216366,27576,75378,56884,18480,0,0,2352,35696,0,0,203270,203270,0,0,0,0,22839,22542,297,132135,270,131865,704309,566399,46666,2886,68257,3472,16629,120830,0,10188,110642,0,271,271,387995,349196,38800,277036,277036,815284,815284,448411,113545,30712,129179,132785,31749,10441,0,0,0,0,0
2017:Q1,3511435,215332,27979,74939,56493,18527,0,0,2352,35042,107638,107638,220218,220218,0,0,0,0,104022,86051,17971,132267,263,132004,660515,525673,45171,2902,71198,3285,12286,121993,0,11390,110603,0,306,306,388786,349907,38879,279892,279892,833001,833001,447465,107387,28743,143554,124781,31566,11434,0,0,0,0,0
2017:Q2,3661309,214217,28253,74606,55878,18662,0,0,2352,34466,141428,141428,266379,266379,0,0,0,0,103731,86181,17550,132426,256,132170,706376,569558,46625,3970,71225,3120,11878,120415,0,10326,110089,0,303,303,388142,349328,38814,295244,295244,831221,831221,461427,114008,28659,150695,125723,30982,11360,0,0,0,0,0
2017:Q3,3536929,213105,27477,73830,55317,18702,0,0,2352,35427,12045,12045,280092,280092,0,0,0,0,114278,96410,17868,133305,249,133056,719136,579543,50512,3070,72040,3270,10701,119794,0,9850,109944,0,309,309,383153,344838,38315,290944,290944,805736,805736,465032,110178,30923,150217,125210,38416,10088,0,0,0,0,0
2017:Q4,3792616,215714,28532,74395,56619,18948,0,0,2352,34868,151678,151678,375819,375819,0,0,0,0,123080,101575,21505,134063,242,133821,732114,586455,54832,2867,74757,3380,9823,125564,0,10884,114680,0,371,371,387212,348491,38721,333309,333309,760426,760426,453266,107269,29768,147104,127320,33867,7938,0,0,0,0,0
2018:Q1,3613198,216500,29931,74369,56731,19174,0,0,2352,33943,0,0,386344,386344,0,0,0,0,121099,96804,24295,134345,236,134109,698979,557073,46513,3847,78800,3295,9451,128364,0,12737,115627,0,371,371,387073,348366,38707,338157,338157,762071,762071,439895,98422,28225,152697,118736,34299,7516,0,0,0,0,0
2018:Q2,3938108,217377,30810,74311,57012,19389,0,0,2352,33503,0,0,682023,682023,0,0,0,0,115058,96902,18156,134433,230,134203,736701,588599,52374,3327,79790,3238,9373,125429,0,11422,114007,0,265,265,390740,351666,39074,333047,333047,754682,754682,448353,99620,27888,166704,110228,36957,6956,0,0,0,0,0
2018:Q3,3956302,217974,32424,73938,56961,19685,0,0,2352,32614,0,0,718138,718138,0,0,0,0,105728,88335,17393,133710,225,133485,708591,557008,58266,3432,79642,928,9315,126070,0,10981,115089,0,351,351,391849,352664,39185,335921,335921,760337,760337,457633,102709,27212,173425,111253,36501,6533,0,0,0,0,0
2018:Q4,3960049,220771,34459,74368,58323,20051,0,0,2352,31218,0,0,733307,733307,0,0,0,0,104269,84880,19389,134175,219,133956,729501,577263,57746,3328,81141,634,9389,132350,0,11938,120412,0,443,443,397054,357349,39705,302332,302332,758383,758383,447464,102659,28449,147850,123304,38198,7004,0,0,0,0,0
2019:Q1,4157424,225424,35690,76313,59135,20299,0,0,2352,31635,215313,215313,777015,777015,0,0,0,0,107241,80126,27115,133212,215,132997,670856,524125,50726,3810,82173,627,9395,133607,0,12882,120725,0,535,535,400950,360855,40095,292390,292390,750019,750019,450862,103131,29213,140316,131298,39489,7415,0,0,0,0,0
2019:Q2,4224293,226926,36987,77039,58926,20563,0,0,2352,31059,216736,216736,794634,794634,0,0,0,0,112866,86805,26061,132485,210,132275,686516,540476,51406,3333,82196,625,8480,134622,0,12719,121903,0,543,543,401188,361069,40119,310566,310566,757612,757612,449599,102727,29050,130841,137139,42377,7465,0,0,0,0,0
2019:Q3,4055392,227099,37888,76867,58754,20823,0,0,2352,30415,23097,23097,797775,797775,0,0,0,0,125850,99091,26759,132853,206,132647,654890,501954,54185,3365,86127,894,8365,132445,0,11790,120655,0,524,524,394018,354616,39402,308990,308990,788465,788465,469386,112208,30724,121397,151309,45780,7968,0,0,0,0,0
2019:Q4,4063795,230761,38926,78365,60888,21098,0,0,2352,29132,0,0,830764,830764,0,0,0,0,117658,89084,28574,131331,202,131129,638923,484934,52258,3543,88677,989,8522,139715,0,13014,126701,0,0,0,386679,348011,38668,325650,325650,783844,783844,478470,116550,30267,114157,161733,47343,8420,0,0,0,0,0
2020:Q1,4478839,227259,39969,73372,62107,21207,0,0,2352,28252,0,0,877804,877804,0,0,0,0,128723,94011,34712,132396,195,132201,797166,615064,62860,5981,107687,943,4631,143946,0,14198,129748,0,0,0,399981,359983,39998,337724,337724,929003,929003,504837,129056,34002,84155,186543,56874,14207,0,0,0,0,0
2020:Q2,4258042,341067,44377,143577,101877,21370,0,0,2352,27514,0,0,882033,882033,0,0,0,0,119037,91684,27353,131650,189,131461,547652,380298,50548,6287,108226,582,1711,143990,0,13272,130718,0,0,0,369377,332439,36938,319488,319488,908926,908926,494570,123471,32351,84111,188701,54012,11924,252,252,0,0,0
2020:Q3,4275467,407058,47421,183783,124482,21811,0,0,2352,27209,0,0,890135,890135,0,0,0,0,104602,81409,23193,132210,182,132028,470437,306787,47749,11227,103628,719,327,144840,0,13161,131679,0,0,0,364095,327686,36410,385048,385048,876617,876617,495051,118817,31826,83413,195422,55251,10322,5374,3180,811,1383,0
2020:Q4,4398894,418042,49148,188900,128583,22097,0,0,2352,26962,0,0,905588,905588,0,0,0,0,106603,79389,27214,130789,176,130613,410289,252337,43253,9976,103941,493,289,153207,0,14845,138362,0,0,0,360793,324714,36079,482374,482374,904662,904662,506493,114366,32450,85163,207712,55889,10913,20054,3552,5962,10491,49
2021:Q1,4544038,425146,50145,192330,130972,22261,0,0,2352,27086,0,0,935525,935525,0,0,0,0,121169,93709,27460,130021,170,129851,390909,228628,40286,9347,112262,97,289,156463,0,16384,140079,0,0,0,351019,315917,35102,573710,573710,924741,924741,516613,107051,33909,100485,209951,55013,10204,18722,2135,5985,10553,49
