date,FL893065005.Q,FL893065105.Q,FL893065405.Q,FL893065505.Q,FL893065603.Q,FL893065005.Q,FL153165005.Q,FL143165005.Q,FL103165005.Q,FL113165005.Q,FL313165403.Q,FL123165005.Q,FL893065005.Q,FL153065005.Q,FL103065003.Q,FL113065005.Q,FL313065005.Q,FL313065015.Q,FL313065075.Q,FL313065035.Q,FL313065065.Q,FL313065095.Q,FL213065005.Q,FL703065005.Q,FL763065005.Q,FL753065005.Q,FL743065003.Q,FL473065100.Q,FL513065505.Q,FL543065005.Q,FL573065005.Q,FL223065043.Q,FL403065005.Q,FL403065015.Q,FL403065025.Q,FL403065045.Q,FL403065035.Q,FL403065653.Q,FL413065005.Q,FL413065015.Q,FL413065025.Q,FL413065045.Q,FL413065653.Q,FL413065035.Q,FL673065005.Q,FL613065000.Q,FL643065005.Q
1945:Q4,35853,18706,4922,7465,4760,35853,19022,16831,8541,8290,0,0,35853,12189,5,0,1384,902,467,0,0,15,0,14466,14336,0,14,116,56,6636,0,18,1035,0,0,1035,0,0,0,0,0,0,0,0,0,64,0
1946:Q1,ND,ND,ND,ND,ND,ND,ND,ND,ND,ND,ND,ND,ND,ND,ND,ND,ND,ND,ND,ND,ND,ND,ND,ND,ND,ND,ND,ND,ND,ND,ND,ND,ND,ND,ND,ND,ND,ND,ND,ND,ND,ND,ND,ND,ND,ND,ND
1946:Q2,ND,ND,ND,ND,ND,ND,ND,ND,ND,ND,ND,ND,ND,ND,ND,ND,ND,ND,ND,ND,ND,ND,ND,ND,ND,ND,ND,ND,ND,ND,ND,ND,ND,ND,ND,ND,ND,ND,ND,ND,ND,ND,ND,ND,ND,ND,ND
1946:Q3,ND,ND,ND,ND,ND,ND,ND,ND,ND,ND,ND,ND,ND,ND,ND,ND,ND,ND,ND,ND,ND,ND,ND,ND,ND,ND,ND,ND,ND,ND,ND,ND,ND,ND,ND,ND,ND,ND,ND,ND,ND,ND,ND,ND,ND,ND,ND
1946:Q4,42032,23100,5270,8765,4897,42032,23514,18518,9335,9183,0,0,42032,13711,10,0,1038,672,357,0,0,9,25,18867,18683,0,27,157,61,7155,22,21,959,0,0,959,0,0,0,0,0,0,0,0,0,163,0
1947:Q1,ND,ND,ND,ND,ND,ND,ND,ND,ND,ND,ND,ND,ND,ND,ND,ND,ND,ND,ND,ND,ND,ND,ND,ND,ND,ND,ND,ND,ND,ND,ND,ND,ND,ND,ND,ND,ND,ND,ND,ND,ND,ND,ND,ND,ND,ND,ND
1947:Q2,ND,ND,ND,ND,ND,ND,ND,ND,ND,ND,ND,ND,ND,ND,ND,ND,ND,ND,ND,ND,ND,ND,ND,ND,ND,ND,ND,ND,ND,ND,ND,ND,ND,ND,ND,ND,ND,ND,ND,ND,ND,ND,ND,ND,ND,ND,ND
1947:Q3,ND,ND,ND,ND,ND,ND,ND,ND,ND,ND,ND,ND,ND,ND,ND,ND,ND,ND,ND,ND,ND,ND,ND,ND,ND,ND,ND,ND,ND,ND,ND,ND,ND,ND,ND,ND,ND,ND,ND,ND,ND,ND,ND,ND,ND,ND,ND
1947:Q4,49198,28267,5787,10080,5064,49198,28773,20425,10495,9930,0,0,49198,15070,16,0,945,631,307,0,0,7,50,23195,22926,0,44,225,69,8675,42,25,887,0,0,887,0,0,0,0,0,0,0,0,0,224,0
1948:Q1,ND,ND,ND,ND,ND,ND,ND,ND,ND,ND,ND,ND,ND,ND,ND,ND,ND,ND,ND,ND,ND,ND,ND,ND,ND,ND,ND,ND,ND,ND,ND,ND,ND,ND,ND,ND,ND,ND,ND,ND,ND,ND,ND,ND,ND,ND,ND
1948:Q2,ND,ND,ND,ND,ND,ND,ND,ND,ND,ND,ND,ND,ND,ND,ND,ND,ND,ND,ND,ND,ND,ND,ND,ND,ND,ND,ND,ND,ND,ND,ND,ND,ND,ND,ND,ND,ND,ND,ND,ND,ND,ND,ND,ND,ND,ND,ND
1948:Q3,ND,ND,ND,ND,ND,ND,ND,ND,ND,ND,ND,ND,ND,ND,ND,ND,ND,ND,ND,ND,ND,ND,ND,ND,ND,ND,ND,ND,ND,ND,ND,ND,ND,ND,ND,ND,ND,ND,ND,ND,ND,ND,ND,ND,ND,ND,ND
1948:Q4,56568,33422,6662,11196,5288,56568,34143,22425,11535,10890,0,0,56568,16268,30,0,991,718,266,0,0,7,104,27080,26694,0,84,302,76,10833,62,35,872,0,0,872,0,0,4,0,0,4,0,0,0,213,0
1949:Q1,ND,ND,ND,ND,ND,ND,ND,ND,ND,ND,ND,ND,ND,ND,ND,ND,ND,ND,ND,ND,ND,ND,ND,ND,ND,ND,ND,ND,ND,ND,ND,ND,ND,ND,ND,ND,ND,ND,ND,ND,ND,ND,ND,ND,ND,ND,ND
1949:Q2,ND,ND,ND,ND,ND,ND,ND,ND,ND,ND,ND,ND,ND,ND,ND,ND,ND,ND,ND,ND,ND,ND,ND,ND,ND,ND,ND,ND,ND,ND,ND,ND,ND,ND,ND,ND,ND,ND,ND,ND,ND,ND,ND,ND,ND,ND,ND
1949:Q3,ND,ND,ND,ND,ND,ND,ND,ND,ND,ND,ND,ND,ND,ND,ND,ND,ND,ND,ND,ND,ND,ND,ND,ND,ND,ND,ND,ND,ND,ND,ND,ND,ND,ND,ND,ND,ND,ND,ND,ND,ND,ND,ND,ND,ND,ND,ND
1949:Q4,62679,37406,7829,11865,5579,62679,38372,24307,12181,12126,0,0,62679,16993,24,0,1108,828,253,23,0,4,185,30036,29598,0,93,345,93,12906,82,52,905,0,0,905,0,0,7,0,0,7,0,0,0,288,0
1950:Q1,ND,ND,ND,ND,ND,ND,ND,ND,ND,ND,ND,ND,ND,ND,ND,ND,ND,ND,ND,ND,ND,ND,ND,ND,ND,ND,ND,ND,ND,ND,ND,ND,ND,ND,ND,ND,ND,ND,ND,ND,ND,ND,ND,ND,ND,ND,ND
1950:Q2,ND,ND,ND,ND,ND,ND,ND,ND,ND,ND,ND,ND,ND,ND,ND,ND,ND,ND,ND,ND,ND,ND,ND,ND,ND,ND,ND,ND,ND,ND,ND,ND,ND,ND,ND,ND,ND,ND,ND,ND,ND,ND,ND,ND,ND,ND,ND
1950:Q3,ND,ND,ND,ND,ND,ND,ND,ND,ND,ND,ND,ND,ND,ND,ND,ND,ND,ND,ND,ND,ND,ND,ND,ND,ND,ND,ND,ND,ND,ND,ND,ND,ND,ND,ND,ND,ND,ND,ND,ND,ND,ND,ND,ND,ND,ND,ND
1950:Q4,73108,45250,9301,12486,6071,73108,46516,26592,12634,13958,0,0,73108,17689,23,0,1675,1347,259,30,0,39,237,35663,35147,0,114,402,104,16102,102,75,952,0,0,952,0,0,32,0,0,32,0,0,0,454,0
1951:Q1,ND,ND,ND,ND,ND,ND,ND,ND,ND,ND,ND,ND,ND,ND,ND,ND,ND,ND,ND,ND,ND,ND,ND,ND,ND,ND,ND,ND,ND,ND,ND,ND,ND,ND,ND,ND,ND,ND,ND,ND,ND,ND,ND,ND,ND,ND,ND
1951:Q2,ND,ND,ND,ND,ND,ND,ND,ND,ND,ND,ND,ND,ND,ND,ND,ND,ND,ND,ND,ND,ND,ND,ND,ND,ND,ND,ND,ND,ND,ND,ND,ND,ND,ND,ND,ND,ND,ND,ND,ND,ND,ND,ND,ND,ND,ND,ND
1951:Q3,ND,ND,ND,ND,ND,ND,ND,ND,ND,ND,ND,ND,ND,ND,ND,ND,ND,ND,ND,ND,ND,ND,ND,ND,ND,ND,ND,ND,ND,ND,ND,ND,ND,ND,ND,ND,ND,ND,ND,ND,ND,ND,ND,ND,ND,ND,ND
1951:Q4,82573,51792,10642,13488,6651,82573,53361,29212,13229,15983,0,0,82573,18623,26,0,2303,1850,248,49,0,156,306,40249,39702,0,142,405,118,19314,120,105,1010,0,0,1010,0,0,43,0,0,43,0,0,0,356,0
1952:Q1,84413,53066,10820,13713,6814,84413,54685,29728,13385,16343,0,0,84413,18652,27,0,2566,2043,298,53,0,172,334,41037,40535,0,145,357,120,19889,126,113,1028,0,0,1028,0,0,45,0,0,45,0,0,0,476,0
1952:Q2,86783,54798,11037,13927,7021,86783,56493,30290,13260,17030,0,0,86783,18913,28,0,2603,2058,307,58,0,180,359,42550,42000,0,146,404,121,20349,133,122,1046,0,0,1046,0,0,47,0,0,47,0,0,0,512,0
1952:Q3,89210,56640,11275,14161,7134,89210,58411,30799,13251,17548,0,0,89210,19126,29,0,2670,2088,318,61,0,203,385,44106,43599,0,147,360,122,20812,141,131,1068,0,0,1068,0,0,50,0,0,50,0,0,0,570,0
1952:Q4,91530,58416,11481,14397,7236,91530,60252,31278,13464,17814,0,0,91530,19289,30,0,2863,2242,328,65,0,228,409,45533,44996,0,147,390,123,21251,149,141,1091,0,0,1091,0,0,53,0,0,53,0,0,0,598,0
1953:Q1,93649,60006,11587,14660,7396,93649,61919,31730,13756,17974,0,0,93649,19619,31,0,3051,2394,333,73,0,251,430,46691,46148,0,148,395,125,21741,159,152,1114,0,0,1114,0,0,55,0,0,55,0,0,0,481,0
1953:Q2,96517,62225,11766,14939,7587,96517,64212,32305,13696,18609,0,0,96517,19886,32,0,3199,2498,338,81,0,282,451,48496,47918,0,150,428,129,22253,170,163,1136,0,0,1136,0,0,56,0,0,56,0,0,0,546,0
1953:Q3,99018,64205,11934,15212,7667,99018,66255,32763,13761,19002,0,0,99018,20020,32,0,3288,2541,344,90,0,313,471,50102,49565,0,151,386,134,22736,181,175,1158,0,0,1158,0,0,58,0,0,58,0,0,0,663,0
1953:Q4,101360,65938,12121,15564,7737,101360,68070,33290,14142,19148,0,0,101360,20285,32,0,3258,2463,350,97,0,348,492,51588,51054,0,151,383,139,23322,192,188,1180,0,0,1180,0,0,60,0,0,60,0,0,0,624,0
1954:Q1,103321,67351,12174,15880,7916,103321,69575,33746,14418,19328,0,0,103321,20492,32,0,3190,2366,352,104,0,368,514,52803,52291,0,151,361,143,23817,203,202,1211,0,0,1211,0,0,61,0,0,61,0,0,0,653,0
1954:Q2,106366,69614,12312,16324,8116,106366,71936,34430,14285,20145,0,0,106366,20817,32,0,3179,2302,354,111,0,412,538,54804,54197,0,151,456,145,24432,213,217,1242,0,0,1242,0,0,62,0,0,62,0,0,0,685,0
1954:Q3,109757,72336,12452,16782,8187,109757,74733,35024,14216,20808,0,0,109757,21107,32,0,3316,2406,366,117,0,427,561,56946,56379,0,151,416,145,25083,224,233,1262,0,0,1262,0,0,70,0,0,70,0,0,0,778,0
1954:Q4,113580,75356,12665,17313,8246,113580,77768,35812,14636,21176,0,0,113580,21423,33,0,3425,2476,377,124,0,448,582,59307,58747,0,153,407,143,25976,238,249,1281,0,0,1281,0,0,78,0,0,78,0,0,0,845,0
1955:Q1,117256,78237,12782,17765,8472,117256,80678,36578,14935,21643,0,0,117256,21796,36,0,3457,2553,287,136,0,481,599,61560,60895,0,160,505,144,26768,255,266,1344,0,0,1344,0,0,86,0,0,86,0,0,0,945,0
1955:Q2,121656,81697,12989,18263,8707,121656,83992,37664,15128,22536,0,0,121656,22089,40,0,3551,2599,282,148,0,522,613,64516,63802,0,171,543,146,27518,274,283,1417,9,0,1408,0,0,95,0,0,95,0,0,0,1114,0
1955:Q3,125896,85032,13179,18819,8866,125896,87294,38602,15355,23247,0,0,125896,22315,44,0,3572,2575,279,160,0,558,626,67369,66661,0,182,526,149,28277,296,301,1483,30,0,1453,0,0,105,0,0,105,0,0,0,1359,0
1955:Q4,129823,87936,13490,19375,9022,129823,90102,39721,16195,23526,0,0,129823,22725,47,0,3622,2569,279,173,0,601,641,69481,68766,0,191,524,152,29445,321,318,1583,86,0,1497,0,0,116,0,0,116,0,0,0,1372,0
1956:Q1,133258,90356,13657,19954,9291,133258,92794,40464,16428,24036,0,0,133258,23199,49,0,3625,2541,280,183,0,621,657,71353,70634,0,197,522,156,30396,349,336,1724,157,0,1567,0,0,127,0,0,127,0,0,0,1287,0
1956:Q2,137325,93327,13827,20582,9589,137325,95896,41429,16531,24898,0,0,137325,23674,50,0,3634,2510,281,193,0,650,671,73822,72972,0,201,649,159,31292,381,352,1872,234,0,1638,0,0,138,0,0,138,0,0,0,1280,0
1956:Q3,141104,96174,13972,21199,9759,141104,98961,42143,16614,25529,0,0,141104,23976,51,0,3631,2468,289,203,0,671,690,76157,75357,0,204,596,161,32112,415,371,2041,352,0,1689,0,0,143,0,0,143,0,0,0,1356,0
1956:Q4,144447,98745,14064,21803,9835,144447,101606,42841,17126,25715,0,0,144447,24327,54,0,3644,2437,295,213,0,699,721,77900,77098,0,209,593,161,32989,449,395,2390,649,0,1741,0,0,149,0,0,149,0,0,0,1268,0
1957:Q1,147290,100851,14085,22321,10033,147290,103729,43561,17628,25933,0,0,147290,24871,58,0,3695,2417,318,222,0,738,762,79108,78216,0,214,678,161,33679,482,425,2835,1031,0,1804,0,0,157,0,0,157,0,0,0,1057,0
1957:Q2,150246,103039,14182,22794,10231,150246,105962,44284,17697,26587,0,0,150246,25333,63,0,3737,2395,311,231,0,800,814,80731,79826,0,219,686,161,34181,514,460,3117,1249,0,1868,0,0,166,0,0,166,0,0,0,969,0
1957:Q3,153602,105397,14379,23478,10348,153602,108520,45034,17806,27228,48,0,153602,25843,68,0,3813,2376,334,240,0,863,871,82626,81751,0,224,651,161,34695,547,499,3338,1445,0,1893,0,0,170,0,0,170,0,0,0,971,0
1957:Q4,156641,107374,14611,24259,10397,156641,110630,45915,18437,27478,96,0,156641,26283,72,0,3925,2376,348,249,0,952,923,84249,83428,0,229,592,161,35236,583,540,3553,1636,0,1917,0,0,173,0,0,173,0,0,0,943,0
1958:Q1,159336,108975,15025,24812,10524,159336,112554,46560,18711,27849,222,0,159336,26750,76,0,3993,2393,349,252,0,999,975,85583,84678,0,239,666,161,35693,619,584,3670,1718,0,1952,0,0,175,0,0,175,0,0,0,1057,0
1958:Q2,162909,111142,15517,25496,10754,162909,115001,47561,18935,28626,347,0,162909,27539,80,0,4050,2398,363,255,0,1034,1026,88009,87126,0,252,631,161,36029,655,631,3381,1394,0,1987,0,0,177,0,0,177,0,0,0,1171,0
1958:Q3,167216,114035,16020,26204,10957,167216,117967,48810,19211,29599,439,0,167216,28168,84,0,4103,2397,377,258,0,1071,1079,90969,90039,0,265,665,161,36438,695,681,3370,1333,0,2037,0,0,183,0,0,183,0,0,0,1285,0
1958:Q4,172073,117177,16565,27222,11109,172073,121051,50490,20184,30306,532,0,172073,28887,87,0,4335,2557,396,268,0,1114,1135,93871,92980,0,272,619,160,37062,742,736,3468,1381,0,2087,0,0,190,0,0,190,0,0,0,1400,0
1959:Q1,176185,119935,17132,27761,11357,176185,124053,51551,20206,31345,581,0,176185,29330,74,0,4759,2913,411,274,0,1161,1196,96271,95318,0,230,723,160,37461,796,792,3637,1464,0,2173,0,0,195,0,0,195,0,0,0,1514,0
1959:Q2,181322,123346,17679,28553,11744,181322,127626,53064,20235,32829,632,0,181322,29939,62,0,5183,3255,424,278,0,1226,1263,99673,98755,0,188,730,158,37849,856,847,3834,1574,0,2260,0,0,201,0,0,201,0,0,0,1457,0
1959:Q3,186450,127007,18212,29283,11948,186450,131389,54322,20208,34114,739,0,186450,30314,21,0,5481,3475,442,286,0,1278,1329,103053,102184,0,89,780,155,38413,921,911,4087,1777,0,2310,0,0,202,0,0,202,0,0,0,1563,0
1959:Q4,191128,130099,18700,30228,12101,191128,134472,55809,21009,34800,847,0,191128,30801,21,0,5605,3532,447,312,0,1314,1390,105737,104899,0,86,752,146,39197,989,992,4400,2040,0,2360,0,0,203,0,0,203,0,0,0,1647,0
1960:Q1,194949,132580,19199,30899,12271,194949,137393,56609,20971,35638,947,0,194949,31342,22,0,5529,3403,460,315,0,1351,1442,107732,106715,0,87,930,145,39905,1063,1091,4794,2370,0,2424,0,0,204,0,0,204,0,0,0,1680,0
1960:Q2,199295,135366,19702,31668,12559,199295,140312,57934,21080,36854,1049,0,199295,32110,23,0,5573,3417,463,322,0,1371,1485,110205,109210,0,89,906,145,40518,1145,1209,5087,2600,0,2487,0,0,206,0,0,206,0,0,0,1589,0
1960:Q3,204103,138582,20293,32531,12697,204103,143666,59287,21305,37982,1150,0,204103,32820,24,0,5671,3430,481,337,0,1423,1529,113067,112100,0,92,875,147,41076,1227,1333,5332,2807,0,2525,0,0,204,0,0,204,0,0,0,1673,0
1960:Q4,208409,141378,20786,33407,12838,208409,146590,60567,21825,38742,1252,0,208409,33575,24,0,5800,3439,495,367,0,1499,1582,115478,114531,0,94,853,149,41771,1301,1450,5467,2903,0,2564,0,0,201,0,0,201,0,0,0,1611,0
1961:Q1,212253,143645,21424,34121,13063,212253,148978,61969,21744,40225,1306,0,212253,34425,26,0,5885,3426,510,392,0,1557,1643,117642,116550,0,99,993,153,42321,1369,1564,5416,2770,0,2646,0,0,201,0,0,201,0,0,0,1608,0
1961:Q2,217156,146603,21943,35173,13437,217156,152061,63735,22031,41704,1360,0,217156,35253,28,0,5977,3416,537,407,0,1617,1712,120844,119814,0,104,926,156,42941,1430,1680,5250,2522,0,2728,0,0,200,0,0,200,0,0,0,1685,0
1961:Q3,222791,150179,22790,36085,13737,222791,155783,65591,22266,43325,1417,0,222791,36010,30,0,6108,3406,602,432,0,1668,1783,124457,123331,0,111,1015,157,43381,1491,1793,5384,2606,0,2778,0,0,244,0,0,244,0,0,0,1953,0
1961:Q4,228969,154027,23622,37403,13917,228969,159774,67721,23243,44478,1474,0,228969,36834,33,0,6249,3389,657,457,0,1746,1849,127954,126750,0,121,1083,155,44203,1560,1896,5700,2872,0,2828,0,0,290,0,0,290,0,0,0,2246,0
1962:Q1,233302,156488,24218,38374,14222,233302,162376,69372,23576,45796,1554,0,233302,37377,38,0,6300,3371,652,476,0,1801,1914,130886,129616,0,136,1134,154,44606,1634,1990,5921,3023,0,2898,0,0,312,0,0,312,0,0,0,2170,0
1962:Q2,239432,160237,24937,39584,14674,239432,166291,71506,23993,47513,1635,0,239432,37975,44,0,6295,3324,644,509,0,1818,1979,135484,134234,0,155,1095,150,45119,1713,2074,5839,2871,0,2968,0,0,336,0,0,336,0,0,0,2424,0
1962:Q3,245791,164345,25769,40733,14944,245791,170560,73548,24488,49060,1683,0,245791,38406,50,0,6294,3260,705,525,0,1804,2042,140319,138987,0,174,1158,144,45670,1794,2155,5858,2848,0,3010,0,0,373,0,0,373,0,0,0,2686,0
1962:Q4,252438,168307,26732,42206,15193,252438,174650,76054,25563,50491,1734,0,252438,39006,54,0,6321,3229,739,551,0,1802,2100,144794,143378,0,189,1227,134,46902,1876,2242,5899,2847,0,3052,0,0,413,0,0,413,0,0,0,2697,0
1963:Q1,257443,171352,27382,43148,15561,257443,177898,77786,25950,51836,1759,0,257443,39324,56,0,6272,3121,804,560,0,1787,2154,148895,147367,0,201,1327,131,47527,1957,2331,5654,2529,0,3125,0,0,453,0,0,453,0,0,0,2689,0
1963:Q2,264646,175801,28202,44492,16151,264646,182454,80406,26527,53879,1786,0,264646,40093,56,0,5929,2872,846,581,0,1630,2202,154661,153130,0,210,1321,128,48313,2035,2420,5337,2139,0,3198,0,0,495,0,0,495,0,0,0,2977,0
1963:Q3,272064,180662,28994,45835,16573,272064,187441,82833,27162,55671,1790,0,272064,40319,56,0,5867,2759,885,603,0,1620,2249,160424,158811,0,218,1395,126,49206,2119,2512,5334,2081,0,3253,0,0,509,0,0,508,0,1,0,3343,0
1963:Q4,279256,185106,30024,47304,16822,279256,192045,85415,28236,57179,1796,0,279256,40528,60,0,5922,2711,920,613,0,1678,2297,165536,163823,0,231,1482,121,50544,2220,2612,5361,2052,0,3309,0,0,525,0,0,524,0,1,0,3530,0
1964:Q1,284877,188776,30936,47831,17334,284877,195861,87223,28826,58397,1793,0,284877,40880,65,0,5934,2672,972,582,0,1708,2353,169568,167836,0,246,1486,120,51455,2357,2716,5447,2034,0,3413,0,0,551,0,0,550,0,1,0,3431,0
1964:Q2,292203,193368,32095,48672,18068,292203,200609,89807,29346,60461,1787,0,292203,41158,72,0,5877,2623,1016,544,0,1694,2413,174892,173200,0,264,1428,120,52489,2506,2822,5537,2021,0,3516,0,0,581,0,0,580,0,1,0,3736,0
1964:Q3,299773,198076,33313,49848,18536,299773,205468,92500,30170,62330,1805,0,299773,41613,79,0,5874,2570,1051,510,0,1743,2471,180420,178652,0,283,1485,120,53524,2640,2937,5600,1983,0,3617,0,0,602,0,0,600,0,2,0,3893,0
1964:Q4,307034,202335,34578,51179,18942,307034,209879,95329,31443,63886,1826,0,307034,42098,84,0,5873,2511,1080,493,0,1789,2524,185076,183325,0,301,1450,120,55152,2778,3070,5715,1997,0,3718,0,0,624,0,0,622,0,2,0,3920,0
1965:Q1,312731,205891,35384,51982,19474,312731,213613,97268,32181,65087,1850,0,312731,42175,86,0,5839,2426,1134,495,0,1784,2574,188902,186994,0,319,1589,124,56317,2919,3221,5918,2030,0,3888,0,0,676,0,0,674,0,2,0,3980,0
1965:Q2,320010,210329,36300,53197,20184,320010,218238,99896,32609,67287,1876,0,320010,42480,86,0,5726,2320,1190,475,0,1741,2622,194040,192116,0,338,1586,130,57347,3175,3389,6118,2060,0,4058,0,0,730,0,0,728,0,2,0,4167,0
1965:Q3,327395,215042,37243,54413,20697,327395,223132,102402,33139,69263,1861,0,327395,42391,86,0,5757,2291,1236,472,0,1758,2667,199422,197560,0,357,1505,137,58413,3298,3567,6335,2165,0,4170,0,0,797,0,0,771,0,26,0,4525,0
1965:Q4,334510,219449,38213,55661,21187,334510,227711,104954,34101,70853,1845,0,334510,42611,88,0,5854,2292,1281,491,0,1790,2713,203826,202026,0,374,1426,142,60013,3385,3746,6801,2520,0,4281,0,0,869,0,0,815,0,54,0,4462,0
1966:Q1,341259,223358,39187,57017,21697,341259,231798,107631,34688,72943,1830,0,341259,42600,93,0,6069,2336,1313,572,0,1848,2758,207809,205747,0,390,1672,140,61232,3508,3936,7774,3271,0,4503,0,0,949,0,0,861,0,88,0,4391,0
1966:Q2,348424,227232,40075,58796,22321,348424,235852,110757,35819,74938,1815,0,348424,43427,100,0,6281,2449,1316,583,0,1933,2805,211645,209618,0,404,1623,140,62509,3591,4143,8434,3709,0,4725,0,0,1033,0,0,908,0,125,0,4316,0
1966:Q3,354072,230272,40708,60317,22775,354072,239076,113196,36783,76413,1800,0,354072,43990,108,0,6574,2588,1365,608,0,2013,2848,214451,212531,0,418,1502,140,63565,3710,4344,8919,4078,0,4841,0,0,1167,0,0,975,0,192,0,4256,0
1966:Q4,358537,232742,41275,61468,23052,358537,241702,115052,37691,77361,1783,0,358537,44617,114,0,6891,2739,1433,600,0,2119,2888,216282,214415,0,433,1434,143,64609,3911,4516,9354,4396,0,4958,0,0,1314,0,0,1044,0,270,0,3898,0
1967:Q1,361862,234221,41968,62233,23440,361862,243374,116718,38277,78441,1770,0,361862,44959,115,0,7053,2874,1371,621,0,2187,2922,217434,215551,0,448,1435,171,65469,3991,4681,9732,4601,0,5131,0,0,1480,0,0,1119,0,361,0,3855,0
1967:Q2,367447,237076,42801,63577,23993,367447,246277,119415,38646,80769,1755,0,367447,45344,113,0,7152,3000,1337,613,0,2202,2948,220962,219070,0,464,1428,176,66126,3976,4847,9895,4591,0,5304,0,0,1660,0,0,1197,0,463,0,4248,0
1967:Q3,374765,241547,43748,64924,24546,374765,250946,122081,38941,83140,1738,0,374765,45877,111,0,7465,3178,1394,620,0,2273,2975,225885,223980,0,480,1425,181,66647,4059,4925,10448,4992,0,5456,0,0,1821,0,0,1263,0,558,0,4371,0
1967:Q4,382055,245974,44815,66249,25017,382055,257925,122410,37235,85175,1720,0,382055,46607,112,0,7817,3410,1419,652,0,2336,3003,230316,228438,0,494,1384,185,67516,4083,5003,11131,5522,0,5609,0,0,1988,0,0,1327,0,661,0,4294,0
1968:Q1,388021,249378,45477,67543,25623,388021,259192,127087,40657,86430,1702,40,388021,47312,106,0,8218,3696,1457,670,0,2395,3044,233542,231724,0,499,1319,188,67973,4091,5148,11958,6165,0,5793,0,0,2169,0,0,1398,0,771,0,4121,151
1968:Q2,395418,253675,46242,69114,26387,395418,263651,130003,40874,89129,1684,80,395418,47757,104,0,8569,3938,1480,691,0,2460,3090,238207,236391,0,505,1311,190,68421,4050,5269,12596,6623,0,5973,0,0,2359,0,0,1469,0,890,0,4423,383
1968:Q3,403087,258183,47141,70927,26836,403087,268340,132917,41400,91517,1670,160,403087,48735,103,0,8935,4118,1580,712,0,2525,3141,243242,241452,0,511,1279,192,68907,4071,5275,12908,6844,0,6064,0,0,2444,0,0,1493,0,951,0,4595,539
1968:Q4,411381,262934,48251,73019,27177,411381,273240,136287,42399,93888,1654,200,411381,49082,100,0,9261,4273,1683,730,0,2575,3195,248562,246769,0,517,1276,193,69975,4067,5362,13293,7167,0,6126,0,0,2526,0,0,1514,0,1012,0,4935,830
1969:Q1,416067,264857,49196,74367,27647,416067,275348,138727,43212,95515,1635,357,416067,47321,123,0,9507,4378,1795,718,0,2616,3243,252722,250915,0,548,1259,195,70382,4079,5426,14006,7689,0,6317,0,0,2616,0,0,1542,0,1074,0,5455,992
1969:Q2,424224,269738,50352,75792,28342,424224,280427,141819,42775,99044,1610,368,424224,47038,160,100,9782,4490,1911,733,0,2648,3302,258147,256372,0,593,1182,196,70858,4069,5475,14732,8175,0,6557,0,0,2701,0,0,1567,0,1134,0,6389,1275
1969:Q3,432047,274512,51512,77271,28752,432047,285383,144688,42572,102116,1598,378,432047,47429,201,200,9980,4661,1895,733,0,2691,3432,263116,261387,0,642,1087,197,71368,4134,5550,16002,9326,0,6676,0,0,2949,0,0,1683,0,1266,0,5991,1498
1969:Q4,439911,278689,53176,79051,28995,439911,289709,148199,43292,104907,1573,430,439911,49237,236,300,10231,4883,1873,747,0,2728,3652,265620,263880,0,685,1055,200,72027,4216,5575,17664,10950,0,6714,0,0,3204,0,0,1800,0,1404,0,5742,2007
1970:Q1,442980,280971,53467,78950,29592,442980,287149,153842,56458,97384,1556,433,442980,47109,194,400,10318,4999,1855,708,0,2756,4078,266712,265252,0,715,745,208,72673,4230,5650,19332,12499,0,6833,0,0,3499,15,0,1937,0,1547,0,6222,2355
1970:Q2,450595,284366,55054,81253,29922,450595,290195,158420,57300,101120,1532,448,450595,47969,202,500,10448,5081,1923,694,0,2750,4187,269675,268173,0,738,764,220,73227,4213,5808,20653,13658,0,6995,0,0,3713,37,0,1982,0,1694,0,7036,2744
1970:Q3,460315,288349,57668,84057,30241,460315,294086,164203,58499,105704,1506,520,460315,49830,208,600,10496,5166,1863,724,0,2743,4353,274379,272836,0,759,784,233,73582,4193,5789,22230,14807,322,7101,0,0,4132,95,0,2074,0,1963,0,7138,3152
1970:Q4,469364,292240,60129,86503,30492,469364,297922,169398,59762,109636,1498,546,469364,50108,214,700,10533,5238,1790,781,0,2724,4569,279276,277693,0,783,800,245,74375,4171,5920,23046,15502,357,7187,0,0,4755,347,0,2163,0,2245,0,7548,3904
1971:Q1,477184,296349,62312,87700,30823,477184,301778,173340,60905,112435,1484,582,477184,49360,219,975,10444,5291,1723,843,0,2587,4875,284587,282965,0,809,813,245,74533,4080,6019,23087,15420,320,7347,0,0,5957,1109,0,2305,0,2543,0,8481,4322
1971:Q2,490134,303206,65052,90090,31786,490134,307479,180576,62021,118555,1463,616,490134,49791,199,1275,10404,5319,1633,865,0,2587,5031,293518,291831,0,863,824,240,74509,3914,6170,23427,15363,485,7579,0,0,7572,2263,0,2452,0,2857,0,9109,4975
1971:Q3,504220,311379,67399,93327,32115,504220,315173,186969,62941,124028,1445,633,504220,48634,220,1575,10335,5299,1542,907,0,2587,5358,304653,302928,0,890,835,233,74751,3768,6178,25299,16732,800,7767,0,0,8369,2540,0,2564,0,3265,0,9332,5515
1971:Q4,517869,318411,70094,96983,32381,517869,321936,193827,64936,128891,1426,680,517869,47341,239,1875,10153,5332,1432,961,0,2428,5648,314561,312799,0,915,847,223,75496,3658,6288,26672,17791,964,7917,0,0,9516,3074,64,2685,0,3693,0,9996,6203
1972:Q1,531563,325753,72680,100034,33096,531563,328734,200699,68012,132687,1401,729,531563,47660,237,2175,10239,5280,1627,1057,0,2275,5983,324428,322630,0,917,881,215,75398,3332,6309,27469,18342,988,8139,0,0,10542,3992,166,2760,0,3624,0,10441,7135
1972:Q2,550187,335726,76046,104306,34109,550187,337344,210529,69436,141093,1383,931,550187,48176,199,2450,10194,5260,1586,1105,0,2243,6386,338354,336533,0,894,927,204,75404,3133,6257,28473,18628,1415,8430,0,0,11748,4619,209,2855,0,4065,0,10990,8219
1972:Q3,569366,347347,78834,108330,34855,569366,347504,219457,71312,148145,1362,1043,569366,48384,271,2725,10083,5277,1442,1195,0,2169,6673,353537,351594,0,971,972,193,75588,2865,6340,29589,19295,1545,8749,0,0,12815,4973,295,2948,0,4599,0,11382,8921
1972:Q4,589786,357381,82876,114168,35361,589786,356801,230494,74173,156321,1340,1151,589786,48260,226,3000,9460,5113,1019,1282,0,2046,7035,367843,365919,0,924,1000,181,76948,2728,6470,30677,19781,1789,9107,0,0,14404,5504,441,3311,0,5148,0,12158,10396
1973:Q1,605291,365955,84593,118253,36490,605291,365076,237623,76383,161240,1318,1274,605291,47831,264,3170,9299,4664,1281,1425,0,1929,7313,380251,378156,20,920,1155,176,77166,2514,6632,31880,20571,1718,9591,0,0,15160,6089,661,3302,0,5108,0,12366,11269
1973:Q2,627950,378024,87957,124008,37961,627950,375373,249865,82945,166920,1300,1412,627950,48215,300,3299,8269,3908,1068,1471,0,1822,7556,396600,394407,14,915,1264,173,77982,2439,6821,33559,21413,2029,10117,0,0,16615,6790,734,3569,0,5522,0,13167,12955
1973:Q3,649008,389894,91127,129035,38952,649008,385930,260377,93859,166518,1284,1417,649008,47607,312,3330,9229,4430,1353,1586,0,1860,8002,410989,408615,30,975,1369,171,79187,2361,6888,35846,22831,2423,10592,0,0,17057,7222,776,3537,0,5522,0,13120,14909
1973:Q4,666543,399840,93191,133706,39806,666543,396080,267743,104837,162906,1269,1451,666543,47231,324,3285,8871,4029,1366,1653,0,1823,8735,420805,418276,52,1036,1441,166,81369,2376,7141,37750,24075,2604,11071,0,0,18040,7890,766,3788,0,5596,0,14494,15956
1974:Q1,681413,407909,95355,137455,40694,681413,404012,274634,106810,167824,1249,1518,681413,48171,397,3354,8797,3604,1671,1758,0,1764,9188,428934,426306,60,1092,1476,164,82180,2393,7277,38879,24775,2637,11467,0,0,19709,9555,774,3808,0,5572,0,15270,16700
1974:Q2,700754,418838,97221,142377,42318,700754,414624,283376,107401,175975,1227,1527,700754,48950,471,3406,9672,3616,2460,1829,0,1767,9652,441366,438681,66,1148,1471,162,83225,2377,7330,42150,26559,3191,12400,0,0,20132,10225,760,3685,0,5462,0,15223,16638
1974:Q3,716574,428859,98933,145045,43737,716574,425813,288010,104607,183403,1196,1555,716574,49938,617,3418,11089,4052,1846,1973,0,3218,10095,450228,447294,82,1382,1470,161,84427,2368,7423,45539,28641,3713,13185,0,0,20537,10982,738,3931,0,6169,0,14392,16342
1974:Q4,728426,435176,100049,148279,44922,728426,433813,291870,103738,188132,1163,1580,728426,50594,746,3393,12634,4846,1432,2158,0,4198,11205,454595,451470,100,1512,1513,157,86234,2372,7702,48094,29578,4586,13930,0,0,21458,11769,757,4375,0,6287,0,13097,16145
1975:Q1,737733,439951,100586,150411,46785,737733,438999,295997,103900,192097,1159,1578,737733,44702,9247,3278,12902,5599,631,2315,0,4357,11754,457838,454481,215,1537,1605,151,87246,2409,7705,49531,29754,4608,15169,0,0,24420,13340,1101,4529,0,7274,0,12656,13894
1975:Q2,753522,450826,100735,153431,48530,753522,449278,301576,105015,196561,1117,1551,753522,47107,9397,3196,15023,5610,1169,2508,0,5736,12202,467438,463779,348,1567,1744,172,87967,2378,7810,50962,30015,4944,16003,0,0,25603,15437,1193,4692,0,6573,0,12624,11643
1975:Q3,769738,462776,100820,157058,49084,769738,461310,305820,106682,199138,1100,1508,769738,49475,9547,3190,17031,6534,1118,2844,0,6535,12500,478337,474537,286,1627,1887,191,88331,2366,7875,52211,31055,5033,16123,0,0,26785,16595,1323,4706,0,6657,0,12899,9000
1975:Q4,785568,474003,100693,161019,49853,785568,474084,308901,107945,200956,1073,1510,785568,50481,9697,3252,19143,7438,1108,3089,0,7508,12812,488890,485024,185,1688,1993,221,89168,2383,7542,53460,31824,4987,16649,0,0,28511,18257,1598,4794,0,6659,0,12868,7140
1976:Q1,802392,486205,102169,163221,50797,802392,485179,314591,107760,206831,1051,1571,802392,51356,9864,3326,19834,7619,650,3229,0,8336,12752,500558,496562,165,1712,2119,221,89427,2383,7543,54121,32182,4602,17337,0,0,31152,20479,1999,5148,0,6668,0,13345,6510
1976:Q2,823307,501045,103607,166345,52310,823307,499346,321239,110113,211126,1029,1693,823307,52099,10030,3462,18697,5557,830,3430,0,8880,13221,517625,513478,162,1734,2251,245,89706,2383,7623,54620,32028,4529,18063,0,0,34016,23634,2153,5217,0,6309,0,13700,5880
1976:Q3,847760,518784,104909,170146,53921,847760,516618,328347,112793,215554,997,1798,847760,52928,10199,3741,19491,5068,1355,3461,0,9607,13607,535498,531259,128,1730,2381,244,90202,2373,7625,55906,32962,4269,18675,0,0,36984,26725,2506,5607,0,5840,0,13712,5250
1976:Q4,870518,535022,105895,174189,55412,870518,532631,334905,114892,220013,982,2000,870518,52839,10367,4151,19563,4241,1064,3565,0,10693,14062,551630,547314,89,1727,2500,273,91555,2414,7732,56423,32904,4269,19250,0,0,40693,30572,2671,5807,0,5673,0,14196,4620
1977:Q1,892257,550282,107142,177453,57380,892257,547018,342310,116098,226212,949,1980,892257,53628,11160,4320,19780,4013,500,3593,0,11674,14217,566240,561830,91,1729,2590,327,91844,2420,7684,56459,32830,3557,20072,0,0,45418,34260,3570,6025,0,5847,0,14450,4310
1977:Q2,926270,575838,109746,180348,60338,926270,570034,353429,119022,234407,919,1888,926270,54453,11961,4557,20982,3912,1043,3660,0,12367,13996,591209,586720,102,1731,2656,368,92934,2539,7864,58253,33918,3388,20947,0,0,47980,36573,4460,6124,0,5356,0,15174,4000
1977:Q3,963193,603197,111835,185795,62366,963193,596004,364464,123313,241151,894,1831,963193,55295,12772,4959,22265,3589,1292,3681,0,13703,14283,617043,612471,81,1770,2721,395,94170,2486,7622,59194,34148,3376,21670,0,0,52412,41089,5332,6351,0,4621,0,16607,3690
1977:Q4,999213,627724,114279,193261,63949,999213,619315,377219,129232,247987,869,1810,999213,55378,13582,5509,23745,3660,1353,3740,0,14992,14617,641224,636562,55,1807,2800,384,96849,2497,8041,59944,34369,3276,22299,0,0,56803,44896,6610,6627,0,4066,0,17260,3380
1978:Q1,1026813,646079,116827,197958,65949,1026813,637604,386860,132625,254235,845,1504,1026813,56421,14065,6006,24254,3291,1178,3754,0,16031,15174,659322,654640,67,1700,2915,375,97922,2559,8082,62320,36028,3202,23090,0,0,59512,46357,7471,7285,0,4407,0,17503,3298
1978:Q2,1066897,674540,120272,203343,68742,1066897,664946,399484,136999,262485,818,1649,1066897,59018,14552,6563,25111,3283,618,3800,0,17410,15758,685393,680665,86,1590,3052,365,99862,2647,8246,65014,38753,2246,24015,0,0,62611,48032,9423,7277,0,4007,0,18542,3215
1978:Q3,1109961,707359,122681,208876,71045,1109961,695843,411519,140123,271396,792,1807,1109961,61621,15046,7273,27093,3560,1384,3735,0,18414,16288,710992,706590,96,1604,2702,366,102169,2706,8407,68632,41189,2496,24947,0,0,65755,50844,10511,7408,0,3413,0,20513,3100
1978:Q4,1150674,738254,125152,214511,72757,1150674,725794,422148,141797,280351,772,1960,1150674,62445,15539,8114,27966,3509,926,3792,0,19739,17116,733802,729568,103,1619,2512,391,106167,2721,8586,72192,43311,3091,25790,0,0,70407,54347,11892,7878,0,3212,0,22178,3050
1979:Q1,1186117,762873,127635,219175,76434,1186117,750836,432518,145185,287333,746,2017,1186117,64808,16344,8970,29924,3448,956,3849,0,21671,18216,749422,745027,119,1635,2641,448,108327,2798,8797,76850,46410,3358,27082,0,0,75627,59139,12467,8781,0,3015,0,22568,3018
1979:Q2,1231418,794869,129903,225711,80935,1231418,780688,448021,145589,302432,705,2004,1231418,68066,17158,9771,31634,3425,1200,3802,0,23207,19575,773404,768981,136,1655,2632,428,110970,2750,9017,80171,48206,3340,28625,0,0,80506,62841,13708,9458,0,2932,0,24983,2985
1979:Q3,1278932,828850,132396,233353,84333,1278932,813431,462855,146354,316501,680,1966,1278932,71178,17980,10437,33210,3382,1383,3792,0,24653,21269,796532,791892,465,1676,2499,458,114109,2968,9322,82904,49173,3747,29984,0,0,87309,69008,14421,10135,0,2846,0,28303,2953
1979:Q4,1317030,855779,135048,239448,86755,1317030,844336,470089,143988,326101,654,1951,1317030,71611,18803,11001,34567,3852,1274,3825,0,25616,23575,813303,807645,856,1700,3102,650,118422,3139,9604,86630,51091,4052,31487,0,0,94778,75787,15180,10650,0,2780,0,28027,2920
1980:Q1,1357614,886093,137027,243912,90582,1357614,873791,481248,141876,339372,633,1942,1357614,80996,20939,10779,37063,3919,2845,3847,0,26452,25601,823699,816319,1248,1655,4477,774,122395,3191,10054,91736,53990,4227,33519,0,0,99954,80843,15454,11250,0,2621,0,27563,2870
1980:Q2,1383696,902289,138408,248864,94135,1383696,891836,489329,136753,352576,601,1930,1383696,82942,23075,10767,39152,4466,3375,3873,0,27438,28113,829992,821921,1639,1700,4732,821,125564,3263,10295,95193,55419,4005,35769,0,0,104016,84271,16120,11862,0,2574,0,27683,2820
1980:Q3,1421427,931530,140218,253808,95871,1421427,919706,499230,133885,365345,572,1919,1421427,86837,25235,11278,40406,4389,3525,3917,0,28575,30873,844331,836219,1929,1751,4432,865,128062,3471,10597,97244,55632,4534,37078,0,0,109691,89452,16659,12011,0,2601,0,29767,2770
1980:Q4,1457828,957912,142526,259903,97487,1457828,944782,510586,134320,376266,550,1910,1457828,87255,27394,12217,42073,4642,3492,3914,0,30025,33357,861596,852973,2178,1800,4645,994,131081,3564,10890,100782,57327,5056,38399,0,0,113959,93874,16854,12235,0,2374,0,29946,2720
1981:Q1,1484685,973129,143948,267511,100097,1484685,959039,523216,135097,388119,520,1910,1484685,89379,29493,13906,43448,4826,2837,4031,0,31754,35554,869924,860950,2558,1911,4505,1055,132917,3748,11166,103049,57362,5149,40538,0,0,117260,97184,17067,13502,0,2124,0,31086,2700
1981:Q2,1523566,996937,144952,278496,103181,1523566,982877,538284,141064,397220,493,1912,1523566,95636,31615,15731,44986,4972,2662,4120,0,33232,37793,884252,874988,3054,2074,4136,1147,134659,3871,11602,105852,57657,5245,42950,0,0,120851,100558,17565,13923,0,1944,0,32891,2680
1981:Q3,1555141,1014571,146039,288922,105609,1555141,1000856,551902,146456,405446,465,1918,1555141,99638,33761,17898,45719,4382,1562,4191,0,35584,39547,894565,885085,3427,2225,3828,1249,136036,3878,12200,110097,59682,5410,45005,0,0,124370,103750,17936,14559,0,1932,0,33523,2660
1981:Q4,1579504,1030213,142377,299685,107229,1579504,1017314,559819,141354,418465,441,1930,1579504,101407,35906,20339,47012,4765,2235,4151,0,35861,41039,900061,890159,3916,2300,3686,1341,137747,3913,12519,113411,61412,5237,46762,0,0,128986,105789,19853,15553,0,1879,0,33182,2641
1982:Q1,1600795,1041585,143640,306619,108951,1600795,1027837,570591,139894,430697,415,1952,1600795,105876,36483,21868,47585,4438,2469,4196,0,36482,42173,899395,889707,4255,2308,3125,1406,138830,3913,12990,116158,62544,5297,48317,0,0,137628,108592,23970,17554,0,1653,0,33810,2680
1982:Q2,1625667,1055044,144694,315647,110282,1625667,1039571,583727,136335,447392,383,1986,1625667,108742,37066,23247,48618,4669,1335,4173,0,38441,43194,900221,890235,4651,2253,3082,1448,139672,5386,13226,119961,65008,5265,49688,0,0,146951,111459,28703,20094,0,1624,0,35215,2720
1982:Q3,1635406,1055314,144215,324780,111097,1635406,1038213,594820,129479,465341,353,2020,1635406,104528,37656,24252,48564,4110,947,3701,0,39806,44602,890593,880445,4876,2173,3099,1501,140477,6361,13667,124500,68841,5166,50493,0,0,160231,114776,35132,24045,0,1607,0,35714,2760
1982:Q4,1661290,1070187,146112,333680,111311,1661290,1052093,606832,127196,479636,322,2043,1661290,110888,38246,24961,49376,4227,1786,3731,0,39632,46278,880282,870502,4994,2100,2686,1600,141989,7770,13773,127500,71814,4733,50953,0,0,178519,118940,42964,30401,0,1584,0,37308,2800
1983:Q1,1692029,1087139,147020,346330,111540,1692029,1048715,640949,143413,497536,307,2058,1692029,109724,38689,25509,48947,3753,2077,3783,0,39334,47885,885712,875894,5025,2028,2765,1749,143329,9056,13983,129691,73666,4795,51230,0,0,196517,127939,48008,34042,0,1753,0,38468,2770
1983:Q2,1739644,1116296,150761,360215,112372,1739644,1077492,659810,148074,511736,275,2067,1739644,111357,39136,26274,49736,3643,1605,3730,0,40758,49755,904560,894117,4974,1934,3535,1954,144725,9709,14099,132551,74669,6235,51647,0,0,213061,139276,50934,37284,0,1452,0,39987,2740
1983:Q3,1796351,1153484,155784,373975,113108,1796351,1113556,680463,153029,527434,261,2071,1796351,110672,39589,27574,50098,3475,600,3623,0,42400,51647,934228,923495,4833,1849,4051,2160,147356,10569,14149,133975,75174,6856,51945,0,0,231538,151597,54152,40737,0,1423,0,40086,2710
1983:Q4,1850645,1186271,161229,389424,113721,1850645,1144812,703524,158266,545258,241,2068,1850645,111313,40041,29305,50596,3395,2141,3652,0,41408,54164,961760,950389,5190,1800,4381,2311,150999,10124,14651,137898,78256,7632,52010,0,0,244807,159850,57895,41834,0,1393,0,39996,2680
1984:Q1,1904844,1216062,167158,408654,112970,1904844,1175949,726540,160941,565599,204,2151,1904844,110989,42877,31772,50276,2900,2094,3563,0,41719,56580,992235,980485,4422,1790,5538,2414,151301,9892,14726,141926,80852,8979,52095,0,0,255930,166260,59376,45190,0,1394,0,41024,2902
1984:Q2,1972432,1254448,174957,429688,113339,1972432,1211542,758423,167617,590806,180,2287,1972432,112405,45712,34252,50519,2715,1344,3582,0,42878,59363,1034722,1022247,4264,1813,6398,2490,153531,9369,14935,144588,82746,9478,52364,0,0,263344,170893,61267,46479,0,1420,0,44078,3124
1984:Q3,2034727,1289107,180374,451779,113467,2034727,1246460,785698,171960,613738,152,2417,2034727,114667,48579,36765,49885,2389,737,3498,0,43261,61772,1071433,1058155,4407,1851,7020,2580,155372,9041,14961,146406,84364,9447,52595,0,0,275538,175770,63964,50601,0,2140,0,44383,3345
1984:Q4,2091991,1321526,186145,471898,112422,2091991,1278648,810723,173213,637510,141,2479,2091991,103009,51446,39311,51463,2301,1276,3534,0,44352,64399,1099041,1084010,5616,1881,7534,2664,156699,9735,15255,150123,87463,10399,52261,0,0,288987,179981,70822,53600,0,1453,11000,45351,3508
1985:Q1,2168248,1385660,182816,487050,112722,2168248,1342047,823596,162000,661596,116,2489,2168248,123726,52819,41009,51664,1964,1062,3515,0,45123,66455,1118664,1103507,5453,1916,7788,2869,158470,11041,15319,155376,91724,11548,52104,0,0,304033,185954,76759,57111,0,1434,19153,44043,3607
1985:Q2,2234883,1428061,189290,505953,111579,2234883,1380479,851807,164619,687188,96,2501,2234883,125750,54207,42493,52161,1825,790,3531,0,46015,68591,1147153,1130993,5380,1959,8821,3047,162114,11804,15345,158216,94584,12576,51056,0,0,321090,192925,83327,61157,0,1524,21054,48108,3750
1985:Q3,2303008,1477181,194964,522126,108737,2303008,1439935,860474,160680,699794,83,2516,2303008,122083,55610,43447,52741,1640,577,3542,0,46982,71191,1180594,1163079,5471,2003,10041,3197,164760,11361,15321,158983,96639,13089,49255,0,0,343332,201026,91915,67502,0,1181,21644,54843,3901
1985:Q4,2368542,1526876,205915,541661,94090,2368542,1488821,877115,169299,707816,72,2534,2368542,116174,57013,43983,53304,1473,733,3574,0,47524,74207,1207974,1189107,5743,2038,11086,3339,171797,14016,15309,159734,98214,14022,47498,0,0,367864,211145,100387,73649,0,987,24580,53321,5927
1986:Q1,2416495,1557666,212974,554231,91624,2416495,1517076,896690,170473,726217,61,2668,2416495,115115,55321,43818,53305,1533,704,3601,0,47467,78819,1224257,1202391,6174,2070,13622,3623,174996,13862,15400,157415,98370,13623,45422,0,0,394587,220348,110337,80991,0,1165,26020,53796,6161
1986:Q2,2492143,1616328,220862,565823,89130,2492143,1569098,920098,174225,745873,52,2895,2492143,115335,53610,45091,53083,876,570,3628,0,48009,81696,1246458,1222648,6587,2095,15128,3843,180496,12992,15197,154448,96885,14194,43369,0,0,429072,229204,125903,91351,0,1164,28721,65633,6468
1986:Q3,2578098,1683521,228838,579130,86609,2578098,1633606,941571,178779,762792,40,2881,2578098,112936,51880,46259,53135,887,457,3653,0,48138,83742,1273141,1246771,6993,2122,17255,4075,185980,12609,15364,152140,96662,13359,42119,0,0,475896,241230,146871,105485,0,1050,31176,73194,6571
1986:Q4,2655581,1730129,239394,601970,84088,2655581,1692264,960491,185294,775197,36,2790,2655581,112602,50150,44676,54357,889,48421,3690,0,1357,86005,1308821,1278668,8675,2153,19325,4348,193842,11255,15550,147775,96227,11564,39984,0,0,531591,262697,171372,97380,0,142,17898,70781,5930
1987:Q1,2737635,1770490,245492,639606,82047,2737635,1727626,1007101,215197,791904,27,2881,2737635,118284,50490,42950,54067,687,48203,3786,0,1391,89436,1341716,1309118,8361,2191,22046,4444,195743,10096,15333,144011,93709,12940,37362,0,0,575435,281116,186295,107870,0,154,20275,69185,6170
1987:Q2,2829845,1843953,250241,655668,79983,2829845,1799664,1027271,226133,801138,25,2885,2829845,118370,50833,40438,54020,667,48085,3840,0,1428,92299,1385729,1348798,9777,2226,24928,4750,200382,9308,15228,140414,91994,12597,35823,0,0,615142,293246,200284,121463,0,149,24032,72755,6145
1987:Q3,2899473,1898660,254693,668224,77896,2899473,1849648,1046881,235439,811442,22,2922,2899473,118254,51180,38352,48766,458,42978,4028,0,1302,93273,1426890,1385757,11235,2275,27623,4868,204263,8725,15408,140290,92430,12940,34920,0,0,647084,308339,207872,130729,0,144,30073,65567,6480
1987:Q4,2954269,1928457,258355,691647,75810,2954269,1882359,1068779,246046,822733,21,3110,2954269,117829,51527,37909,49068,444,43051,4222,0,1351,94697,1448993,1402853,13921,2347,29872,4994,212375,8205,15331,139459,92456,12872,34131,0,0,669394,317555,211634,140084,0,121,31454,66065,6969
1988:Q1,3023464,1974919,268334,705639,74572,3023464,1931392,1088954,248870,840084,21,3097,3023464,117977,55681,40185,49170,434,43076,4304,0,1356,96036,1490615,1440681,15959,2455,31520,5139,216083,9614,15448,142285,94333,14386,33566,0,0,677841,318703,213724,145349,0,65,33194,66925,7271
1988:Q2,3111962,2044958,265969,727702,73333,3111962,1999213,1109612,249822,859790,22,3115,3111962,118462,59836,43716,48482,42,42767,4405,0,1268,96714,1530614,1476097,17863,2591,34063,5269,220402,11269,15637,144704,96080,15576,33048,0,0,695315,322616,215155,157521,0,23,34999,79232,7311
1988:Q3,3185620,2105915,269276,738348,72081,3185620,2058013,1124496,245315,879181,20,3091,3185620,119218,63990,47078,47566,64,41836,4536,0,1130,96968,1565554,1506478,19955,2744,36377,5406,225051,13983,15586,143781,95773,15442,32566,0,0,721137,333177,220684,167249,0,27,37509,74940,7853
1988:Q4,3271905,2162789,274544,763743,70829,3271905,2113164,1155342,257203,898139,16,3383,3271905,120318,68145,47846,48017,26,42018,4662,0,1311,98647,1602988,1539962,22063,2903,38060,5574,232863,16666,15603,144457,94917,17425,32115,0,0,745287,340527,226406,178328,0,26,40454,76353,8687
1989:Q1,3327062,2196931,279826,779985,70320,3327062,2149433,1174183,268772,905411,15,3431,3327062,120801,64756,46631,48003,25,41780,4928,0,1270,100224,1633618,1566182,23613,3070,40753,5779,236777,17630,15132,143720,93746,18713,31261,0,0,770459,347597,234695,188143,0,24,42058,73054,8420
1989:Q2,3396811,2255378,284991,786638,69804,3396811,2208767,1184579,270914,913665,14,3451,3396811,123097,61328,43064,47159,24,40711,5076,0,1348,102096,1665836,1594122,25554,3248,42912,6027,241761,19272,15118,145345,93757,20121,31467,0,0,794482,352654,245242,196563,0,23,43671,80201,8354
1989:Q3,3472866,2321631,285815,796137,69283,3472866,2274517,1194756,271806,922950,13,3580,3472866,125452,57864,39090,47164,24,41117,4626,0,1397,103383,1687430,1611724,27917,3437,44352,6270,247035,21079,15295,147965,96372,20650,30943,0,0,827012,360097,257938,208955,0,22,41645,97981,8201
1989:Q4,3523554,2369557,287001,798235,68761,3523554,2325669,1194162,264568,929594,13,3710,3523554,128315,54399,35146,47285,23,41176,4796,0,1291,104961,1670189,1609402,30189,3634,26964,6460,254214,23294,15299,150491,99001,21851,29639,0,0,869549,368367,272870,228291,0,21,52647,102938,8367
1990:Q1,3617613,2450148,290563,808419,68483,3617613,2402198,1211561,280017,931544,14,3840,3617613,131563,53998,33520,54645,22,41125,4977,0,8521,106189,1711512,1644291,35761,3847,27613,6615,260282,23310,15181,152793,99947,23521,29325,0,0,905165,376962,281736,246447,0,20,48490,106060,8290
1990:Q2,3682117,2517151,284579,812186,68202,3682117,2464256,1213881,283469,930412,11,3970,3682117,134119,53592,32654,65388,21,41175,5489,0,18703,107423,1710161,1638417,38545,4082,29117,6752,264866,24179,15243,150461,100886,19979,29595,0,0,944198,385456,295340,263384,0,19,53076,111746,8259
1990:Q3,3737912,2567225,286904,815867,67917,3737912,2517323,1216380,287096,929283,10,4200,3737912,136857,53182,32004,79028,21,41269,6671,0,31067,108599,1704105,1627281,41326,4315,31183,6849,266063,24614,15311,152202,102253,20508,29441,0,0,978533,394859,301797,281859,0,18,57664,114666,8236
1990:Q4,3779452,2606804,287424,817591,67633,3779452,2562107,1213005,288117,924888,10,4330,3779452,139234,52772,31052,82859,20,41439,7331,0,34069,110215,1683721,1600919,45534,4521,32747,6885,267861,24901,16061,156143,104870,21857,29415,0,0,1019861,403603,316359,299882,0,17,66046,114134,7707
1991:Q1,3823204,2641560,288957,825099,67588,3823204,2604184,1214609,294017,920592,11,4400,3823204,140360,54301,29581,92520,21,41307,8177,0,43014,111575,1671382,1584809,49129,4711,32733,6859,268999,23391,16562,159163,106790,23121,29252,0,0,1050307,409929,328215,312149,0,14,71048,119752,7405
1991:Q2,3887653,2700538,290203,829370,67542,3887653,2667340,1215821,294937,920884,10,4482,3887653,142211,55847,28256,101190,20,41430,8962,0,50778,112113,1667119,1576067,51698,4898,34456,6766,271674,21380,16322,161994,109203,23649,29142,0,0,1085984,413707,341132,331131,0,13,85021,124401,7376
1991:Q3,3890397,2722798,282656,817447,67496,3890397,2693392,1192417,287707,904710,10,4578,3890397,142857,57409,26934,103706,20,41566,8817,0,53303,112955,1632396,1538168,52546,5058,36624,6640,270094,19993,16675,162324,109365,23906,29053,0,0,1123313,422500,348843,351957,0,12,98380,109497,7225
1991:Q4,3930682,2774705,284108,804420,67450,3930682,2748964,1176915,279284,897631,10,4793,3930682,141130,58972,26024,98288,19,41713,9278,0,47278,113723,1623573,1527191,54299,5169,36914,6511,259509,18226,16886,167673,112098,26809,28767,0,0,1156489,425295,359163,372020,0,11,113098,123590,6990
1992:Q1,3961054,2814343,283928,795227,67557,3961054,2790996,1165041,273738,891303,10,5008,3961054,139671,59237,25359,102487,19,41791,9872,0,50805,113714,1604353,1509201,54208,5325,35619,6388,258465,17243,16173,175727,118056,28895,28776,0,0,1179728,421954,367878,389887,0,10,125358,130328,6824
1992:Q2,3983064,2845786,280081,789534,67663,3983064,2825638,1152389,268434,883955,8,5029,3983064,138113,59501,24769,97751,19,41628,10107,0,45997,113895,1589220,1490564,54391,5503,38762,6267,254450,16074,17066,180157,122761,28621,28775,0,0,1218988,422922,382797,413259,0,9,138529,120811,7473
1992:Q3,4021258,2899090,276591,777806,67771,4021258,2881937,1134174,259115,875059,8,5139,4021258,136521,59769,24858,90561,23,41671,10498,0,38369,113757,1583746,1486172,53517,5713,38344,6113,249117,15422,16306,186746,126302,31629,28814,0,0,1243647,422010,391762,429867,0,9,157479,129822,7394
1992:Q4,4040811,2942068,270935,759930,67879,4040811,2928630,1106819,239192,867627,8,5355,4040811,134336,60036,25169,86347,27,41695,10954,0,33672,113679,1568331,1470913,51605,5975,39838,5889,241997,14546,16453,199742,137413,33665,28664,0,0,1272047,419516,407514,445009,0,8,167916,126267,8056
1993:Q1,4041824,2952182,268838,752788,68016,4041824,2944986,1091130,229953,861177,8,5700,4041824,132331,58124,23509,81917,30,41529,11048,0,29309,113718,1556680,1459623,50235,6267,40555,5588,239683,14654,15645,204935,140978,35421,28536,0,0,1299796,421514,420932,457343,0,7,173846,113292,8106
1993:Q2,4084335,3006466,266012,743703,68154,4084335,3001145,1077144,221569,855575,8,6038,4084335,130266,56191,22990,76409,45,41446,11155,0,23764,110713,1571827,1475173,48999,6617,41038,5192,237545,14330,14506,222373,151305,42477,28591,0,0,1301300,413166,422882,465246,0,6,184609,127779,8305
1993:Q3,4129839,3058883,264738,737926,68293,4129839,3053855,1068398,218149,850249,7,7580,4129839,128163,54237,22629,73191,45,41424,10624,0,21098,109601,1580720,1484688,47801,6954,41277,4792,232930,14824,15055,232709,160521,43378,28810,0,0,1330555,415076,433569,481904,0,6,195409,126473,8551
1993:Q4,4171503,3101120,267771,734180,68433,4171503,3098259,1064294,218772,845522,6,8944,4171503,126069,52283,21850,85040,43,41386,10712,14112,18786,108508,1588045,1493978,45060,7225,41782,4472,223872,12984,14529,241020,165668,46892,28460,0,0,1356766,414066,447147,495547,0,5,204327,123130,8610
1994:Q1,4194789,3132652,267659,725680,68797,4194789,3128352,1055030,213357,841673,6,11400,4194789,124067,53287,20829,79511,22,41209,10607,12696,14977,108107,1573287,1479203,43536,7436,43112,4303,220819,12547,14637,246877,171070,47626,28181,0,0,1399296,423446,468449,507397,0,5,215989,110974,10258
1994:Q2,4243463,3180197,268818,725282,69166,4243463,3173307,1055651,214016,841634,6,14500,4243463,121934,54301,22635,77874,20,41370,10478,11407,14599,108310,1594611,1500109,42514,7900,44088,4134,218815,12563,14941,247264,173058,45731,28475,0,0,1432417,435709,481831,514873,0,4,218890,102867,11907
1994:Q3,4294496,3230936,268710,725311,69539,4294496,3219537,1057453,214876,842577,6,17500,4294496,119775,55327,22891,76693,12,41587,10331,9159,15605,109741,1622742,1527616,41424,8200,45502,3964,216753,12561,15024,246636,174373,43725,28538,0,0,1454933,444976,486425,523528,0,4,222623,101560,13273
1994:Q4,4336257,3278605,268509,719231,69912,4336257,3264229,1053297,212350,840947,6,18726,4336257,117242,56353,23800,71006,12,41781,10459,7821,10933,111261,1655927,1559853,40261,8788,47025,3795,215773,7795,15199,244580,174312,41712,28556,0,0,1472405,450934,490851,530259,358,3,224458,103343,13320
1995:Q1,4369098,3306735,267474,724531,70358,4369098,3290176,1059349,213706,845643,6,19567,4369098,115186,56739,23022,68815,6,41857,10556,6730,9666,112647,1684351,1588016,38826,8918,48591,3550,215663,7991,15397,243207,173833,41309,28065,0,0,1480246,454401,492194,533274,375,2,227141,101375,13767
1995:Q2,4423916,3356631,269694,726781,70810,4423916,3336513,1065868,213226,852642,6,21529,4423916,113094,57130,22669,64525,15,41917,9812,6039,6742,114059,1710935,1615270,37658,9177,48830,3306,215811,8188,15558,243507,173716,41786,28005,0,0,1499398,457108,498216,543680,392,2,230715,110807,14214
1995:Q3,4484773,3413402,270827,729279,71266,4484773,3387943,1074174,212599,861574,6,22651,4484773,111003,57525,22104,61305,7,41858,9266,5015,5159,114238,1736915,1640698,36829,9242,50146,3050,217684,8384,15746,247915,177267,42497,28151,0,0,1527030,463654,503370,559595,409,2,232450,114765,14660
1995:Q4,4522066,3446414,274392,729537,71723,4522066,3418058,1079951,210025,869926,6,24051,4522066,109201,57921,21747,57489,2,41791,9296,4025,2375,115207,1737938,1642123,35123,9706,50986,2816,213138,8581,15938,250443,178262,43753,28428,0,0,1570731,472283,515051,582968,427,2,241314,105491,14111
1996:Q1,4593483,3508980,275280,736829,72394,4593483,3477272,1090752,213091,877661,6,25453,4593483,107275,57033,21349,55589,2,41594,8091,5554,348,115777,1765575,1656916,33204,10071,65384,2571,212958,8776,16126,245489,171390,45208,28891,0,0,1600095,475787,524327,599555,425,1,251050,120257,13563
1996:Q2,4666334,3568551,278508,746210,73065,4666334,3531461,1107453,217349,890104,5,27415,4666334,105248,56145,20789,54617,2,41547,7754,5016,298,116313,1790082,1678976,32310,10146,68650,2567,212776,8971,16324,245397,170743,45292,29362,0,0,1643705,485316,536671,621294,423,1,260725,119661,13014
1996:Q3,4734740,3633468,280946,746582,73744,4734740,3589472,1115508,215582,899926,4,29756,4734740,103176,55247,20600,52230,2,41576,6357,4025,270,117404,1821359,1708546,32228,10275,70310,2539,208360,9169,16526,244274,169177,45513,29579,0,5,1679364,496966,545608,636369,421,0,268010,123847,12635
1996:Q4,4802807,3682765,286723,758897,74422,4802807,3639330,1131567,221455,910112,2,31908,4802807,101110,54350,20386,50274,2,41597,5707,2431,537,119198,1846789,1731230,32223,10272,73064,2431,208455,9297,16734,244083,167964,46504,29602,0,13,1711708,506246,554260,650782,420,0,277431,126724,13837
1997:Q1,4857205,3728459,287035,766280,75431,4857205,3682549,1138599,221747,916852,0,36057,4857205,99098,60735,19688,48034,2,41485,3946,2217,384,119976,1861029,1745471,30765,10282,74511,2509,207184,9560,16946,240344,165999,44668,29668,0,9,1740359,513368,562894,663671,426,0,288158,128558,15027
1997:Q2,4933524,3783051,291076,782946,76451,4933524,3734878,1158536,227574,930962,0,40110,4933524,97264,67191,19416,47423,7,41401,3832,1816,367,121090,1903106,1786968,28277,10276,77585,2392,207933,9835,17160,238410,163224,45194,29963,0,29,1762521,520968,567187,673933,433,0,297138,125282,17363
1997:Q3,5045994,3875717,293294,799501,77482,5045994,3820839,1183374,239981,943393,0,41781,5045994,95532,73718,19037,46268,7,41333,2667,1476,785,122120,1939960,1820474,27611,10491,81384,2384,205983,10140,17382,237933,161234,46329,30346,0,24,1791088,529908,569920,690821,439,0,316343,149090,19016
1997:Q4,5115947,3917554,298750,821129,78514,5115947,3858948,1210183,249125,961058,0,46816,5115947,93432,80245,18743,45738,8,41195,2774,724,1037,123230,1960112,1840216,26097,10822,82977,2246,207036,10094,17607,239416,160221,48454,30657,37,47,1826294,536879,579385,709584,446,0,340220,128629,22905
1998:Q1,5205292,3986110,305369,834168,79645,5205292,3916707,1239494,241584,997910,0,49091,5205292,91189,77043,20632,45450,8,40972,2772,786,912,124300,1992549,1872828,23957,11189,84575,2219,206662,10125,18673,240297,158767,50364,31005,100,61,1847555,533108,583144,730832,471,0,369703,133161,25734
1998:Q2,5323278,4076856,312659,852975,80788,5323278,3997862,1271362,236572,1034790,0,54054,5323278,88880,73806,22521,45114,8,40922,2726,564,894,125569,2002742,1879444,23026,11616,88656,2176,207902,10170,20681,240847,158333,50869,31352,195,98,1909389,537743,609791,761359,496,0,407373,137098,29010
1998:Q3,5446265,4168504,321177,874640,81944,5446265,4077071,1305235,233495,1071740,0,63959,5446265,86703,70534,24411,44800,7,40906,2554,482,851,125500,2020871,1894811,22840,12023,91197,1919,207518,10312,21499,241288,157516,51211,32009,434,118,1976247,541540,635726,798460,521,0,435064,149901,29698
1998:Q4,5603208,4275839,334477,909792,83100,5603208,4172180,1359423,250635,1108788,0,71605,5603208,88291,67261,26299,44894,7,40852,2493,361,1181,132823,2074297,1948253,20396,12303,93345,1970,213787,9887,22410,246992,155779,57085,32983,977,168,2018969,537446,646459,834518,546,0,468160,160890,26278
1999:Q1,5728717,4365807,344256,934541,84113,5728717,4252233,1399848,258689,1141159,0,76636,5728717,90110,60842,25863,44549,6,40690,2494,315,1044,133978,2078742,1953101,18362,12164,95115,1922,219133,10340,22793,242665,154973,53313,33128,1234,17,2113010,543281,687179,881815,735,0,492813,166579,25378
1999:Q2,5867506,4474352,350702,957316,85136,5867506,4349575,1444360,272717,1171643,0,73571,5867506,91579,54351,25271,44453,8,40766,2504,189,986,134430,2117885,1987575,17147,13124,100039,1949,224716,10794,23968,242425,152897,54282,33666,1481,99,2183642,553196,718085,911436,925,0,511503,175630,24910
1999:Q3,6068601,4606366,361316,1014748,86171,6068601,4468419,1524269,316109,1208160,0,75913,6068601,93360,47789,24679,77763,8,73704,2525,162,1364,134794,2199602,2064398,16871,13652,104681,2001,226370,11247,23855,242639,150984,55695,34218,1723,19,2247217,569038,738581,938484,1114,0,524695,187786,24804
1999:Q4,6209573,4701179,375156,1046032,87206,6209573,4552489,1578259,331346,1246913,0,78825,6209573,94932,41227,24087,77741,7,73870,2499,152,1213,137513,2270596,2133492,15940,14052,107112,1969,230978,11700,25687,242035,149106,56676,34187,2027,39,2293531,582263,749081,960883,1304,0,538733,195304,23540
2000:Q1,6313670,4772403,381966,1072712,86589,6313670,4617557,1615146,336617,1278529,0,80967,6313670,95183,41804,23924,76798,7,72899,2561,98,1233,137914,2337560,2196533,16652,14517,109858,2601,229566,11913,24300,243696,147882,57009,34142,4634,29,2323499,589192,757106,975815,1386,0,545152,200092,19668
2000:Q2,6475757,4896598,390385,1102802,85972,6475757,4732743,1660414,345548,1314866,0,82600,6475757,95401,42381,23760,76821,7,72897,2618,72,1227,137143,2430432,2283175,17204,15393,114660,1905,232816,12002,24741,252740,150480,56972,34830,10439,19,2356632,590708,768641,995815,1468,0,554376,215452,19155
2000:Q3,6626320,5020704,395707,1124561,85348,6626320,4848261,1696061,350315,1345746,0,81998,6626320,95569,42958,23597,75266,6,73010,2168,82,0,137286,2487638,2336437,17004,16062,118135,1737,234941,12046,21781,257009,149718,57046,35550,14673,22,2415895,602627,790891,1020828,1549,0,574100,228449,18048
2000:Q4,6766632,5124971,404487,1152450,84724,6766632,4946046,1737036,355561,1381475,0,83550,6766632,95751,43535,23434,75654,6,73323,2280,45,0,136242,2502964,2349989,17128,15910,119937,1699,236152,11934,22122,264253,152505,59240,36326,16152,30,2493245,611554,822310,1057750,1631,0,604214,237899,17534
2001:Q1,6850414,5221818,409263,1133668,85665,6850414,5033171,1733355,326059,1407296,0,83888,6850414,97307,44300,24276,75064,6,73362,1646,50,0,135609,2549933,2394557,17111,16524,121741,1709,235166,10245,21862,267937,154233,60110,37072,16510,12,2535824,601522,833616,1099049,1637,0,585297,248467,17418
2001:Q2,7057091,5393894,420602,1155978,86617,7057091,5196561,1774314,336964,1437350,0,86216,7057091,98726,45073,25115,74928,6,73207,1691,24,0,136778,2600163,2439682,16739,17597,126145,1742,237358,10082,20503,277238,157317,61542,38686,19614,79,2637390,598019,873750,1163978,1643,0,610370,265087,16538
2001:Q3,7264412,5553552,429993,1193288,87579,7264412,5347410,1833047,362527,1470520,0,83955,7264412,100201,45855,25956,74079,6,72119,1928,26,0,134562,2628553,2459134,17889,17949,133581,1786,239356,9949,20944,283950,161824,59638,39722,22625,141,2760457,603187,927490,1228131,1649,0,646216,275416,17132
2001:Q4,7450103,5678030,446092,1237440,88541,7450103,5464393,1899951,394915,1505036,0,85759,7450103,101423,46637,26797,74539,9,72453,2064,13,0,135391,2683513,2510810,17867,19179,135657,1954,243104,9750,20984,297476,165957,62792,40885,27640,202,2831784,591368,948409,1290351,1656,0,700627,258189,17935
2002:Q1,7619582,5825479,452285,1251580,90238,7619582,5604289,1927559,392181,1535378,0,87734,7619582,103221,47358,26639,74509,8,72361,2134,6,0,133836,2686485,2508543,18252,19382,140308,1956,243478,10346,20925,305120,171581,59624,41981,31624,310,2956420,587204,1012478,1355404,1334,0,732844,258857,17588
2002:Q2,7847327,6013375,462631,1279367,91954,7847327,5783433,1970401,403266,1567134,0,93493,7847327,104542,48087,26482,74246,8,71970,2246,22,0,132192,2760686,2577213,18593,19728,145152,1979,245207,10320,20785,316662,175756,58872,42951,38246,837,3042612,583745,1053261,1404594,1012,0,768552,275051,19924
2002:Q3,8092918,6222401,469748,1307081,93688,8092918,5980348,2017673,418804,1598868,0,94897,8092918,106366,48824,26326,73796,8,72030,1746,12,0,129861,2884078,2695668,19016,20676,148718,1982,246033,10386,21458,333009,179467,60934,44782,46947,879,3085197,567386,1058176,1458945,690,0,801163,301005,23434
2002:Q4,8358739,6434374,486343,1342599,95423,8358739,6180277,2081502,450915,1630587,0,96960,8358739,108140,49561,26167,75059,8,72378,2627,46,0,129862,2991257,2799458,18989,20847,151963,2066,250137,10337,21863,357278,185797,63886,46257,60372,966,3158603,537887,1082062,1538287,367,0,819816,330480,28113
2003:Q1,8560075,6605236,496998,1365435,92406,8560075,6355977,2108300,461632,1646668,0,95798,8560075,109150,50103,26196,72709,5,69989,2597,118,0,129794,3069389,2873705,19000,21876,154808,2072,251332,10267,20230,382396,195633,64341,46974,74437,1011,3230475,515815,1076848,1637474,338,0,851744,327715,26503
2003:Q2,8849379,6847172,514553,1398299,89355,8849379,6615639,2136098,473414,1662684,0,97642,8849379,110771,50650,26226,72764,6,69931,2780,47,0,131089,3185634,2983721,19543,22697,159673,2015,254489,10097,22796,416408,211146,65700,48490,90067,1005,3292961,487753,1054973,1749896,339,0,880755,359118,33606
2003:Q3,9130375,7076619,533296,1434189,86271,9130375,6861498,2167931,489224,1678707,0,100946,9130375,110963,51204,26256,72339,7,69474,2834,24,0,134202,3282935,3067138,24189,23900,167708,2008,257416,10132,24904,451559,232415,61570,48852,107742,980,3375161,472899,1099705,1801528,1029,0,923464,367209,40623
2003:Q4,9364806,7260326,559706,1461587,83187,9364806,7070005,2188946,494222,1694724,0,105855,9364806,111963,51758,26284,72585,52,69545,2965,23,0,140885,3299266,3083895,17502,24958,172911,2179,261157,10249,17662,621521,397633,60270,49307,113321,990,3343251,473738,1162068,1706442,1003,0,987053,370157,48836
2004:Q1,9630216,7466143,570919,1506868,86286,9630216,7246023,2272737,529694,1743043,0,111456,9630216,114077,55448,27422,74591,50,71271,3233,37,0,145820,3432167,3212269,17782,25919,176197,2239,262480,10182,14643,625062,398264,60724,50007,115087,980,3346388,464307,1163171,1717944,966,0,1081393,382525,55779
2004:Q2,9978186,7757555,585974,1545271,89386,9978186,7517756,2342823,542386,1800437,0,117607,9978186,116296,59137,28561,73094,48,69681,3323,42,0,142402,3587706,3358612,15063,27703,186328,2315,264312,10137,17755,626560,398896,59817,51070,115833,944,3366532,458524,1177594,1729447,967,0,1189893,426711,66775
2004:Q3,10311406,8024522,601403,1592962,92519,10311406,7764113,2425729,567841,1857888,0,121564,10311406,118287,62868,29698,73275,45,69936,3271,23,0,154972,3719202,3480404,15606,29555,193637,2430,268047,10204,14779,627631,399526,60808,51849,114548,900,3380765,452554,1186298,1740949,964,0,1325380,443319,80549
2004:Q4,10646699,8292063,609348,1649635,95653,10646699,8019051,2496291,580957,1915334,0,131357,10646699,120963,66598,30836,74187,45,70625,3506,11,0,144295,3851646,3604691,16866,31443,198646,2511,273486,10030,14238,629026,400157,61320,52793,113869,887,3384018,441236,1189393,1752451,938,0,1450506,475953,118406
2005:Q1,10940720,8537015,619197,1686607,97901,10940720,8250881,2553408,593804,1959604,0,136431,10940720,123765,67005,32172,74452,44,70689,3708,11,0,145198,3962300,3707497,17811,33622,203370,2560,275177,9943,11888,621773,391788,62150,53341,113629,865,3407181,431193,1202425,1772681,882,0,1599467,481756,126083
2005:Q2,11337595,8848576,638215,1750631,100173,11337595,8543521,2651502,647580,2003922,0,142572,11337595,126021,67417,33509,74605,42,70995,3558,10,0,154240,4116878,3852400,18466,34257,211755,2627,278566,9922,11653,611723,383419,61396,54769,111301,838,3442350,420915,1227650,1792910,875,0,1778908,491055,138121
2005:Q3,11732847,9166670,654905,1808801,102471,11732847,8843773,2742726,694360,2048366,0,146348,11732847,127233,67834,34846,75566,39,72043,3476,8,0,169755,4257812,3980311,21624,36186,219691,2759,281061,9894,9579,599805,375050,61618,55489,106816,832,3484951,411338,1259638,1813140,835,0,1958194,505792,147766
2005:Q4,12112861,9448506,674332,1885255,104768,12112861,9108140,2859254,766386,2092868,0,145467,12112861,127030,68250,36182,76573,36,72937,3592,8,0,171450,4336872,4054851,20848,35081,226092,2837,285682,9813,11322,588803,366680,61428,54640,105251,804,3548483,405246,1309024,1833369,844,0,2161481,541364,146719
2006:Q1,12513783,9772781,683309,1952116,105577,12513783,9411676,2952496,788862,2163634,0,149611,12513783,124170,66171,35797,77014,34,73574,3400,6,0,164101,4460932,4172576,21519,35727,231110,2850,288795,15345,12105,593579,370772,63158,55233,103629,787,3627218,403170,1353425,1869325,1298,0,2328622,560591,156493
2006:Q2,12916224,10103493,692151,2014185,106395,12916224,9723177,3039518,805049,2234469,0,153529,12916224,119128,64068,35411,78736,32,75097,3603,4,0,171203,4603809,4300963,23165,38895,240786,2958,295971,20877,13254,598052,374863,63929,56674,101799,787,3691812,405435,1379282,1905282,1813,0,2490069,572036,158840
2006:Q3,13259388,10363695,702140,2086332,107221,13259388,9967583,3136928,831644,2305284,0,154877,13259388,112328,61942,35024,79639,31,75918,3686,4,0,179965,4681876,4371806,23306,38017,248747,3013,300721,26409,15435,601509,378954,64304,57774,99707,770,3768725,409478,1414902,1941238,3107,0,2641969,591633,159200
2006:Q4,13525546,10530769,717510,2169219,108048,13525546,10125565,3247931,871797,2376134,0,152050,13525546,107679,59817,34638,80279,29,76449,3797,4,0,189383,4732320,4415664,24925,39225,252506,3554,304147,31940,14428,607177,383045,65536,59897,97921,778,3841119,410021,1450721,1977194,3183,0,2788355,594372,136338
2007:Q1,13807659,10748888,736479,2213101,109191,13807659,10331005,3328630,875676,2452954,0,148024,13807659,103623,55269,36499,81093,27,77264,3787,15,0,200829,4758033,4435988,27669,39050,255326,3668,306932,32495,15841,611523,386372,66702,61451,96250,748,3956458,412959,1511409,2028688,3402,0,2916883,579815,148698
2007:Q2,14103997,10954663,749600,2289388,110346,14103997,10529097,3423676,893933,2529743,0,151224,14103997,99017,50671,38359,81899,26,77979,3888,6,0,194348,4847878,4513774,29990,40149,263965,4174,312955,33049,17517,619103,392690,68350,62902,94407,754,4077824,417019,1568608,2087518,4679,0,3024540,563172,139491
2007:Q3,14405535,11143952,774821,2375248,111514,14405535,10714497,3536619,930075,2606544,0,154419,14405535,95579,46022,40220,81880,25,78192,3660,3,0,205558,4943019,4594463,35219,41227,272110,4429,318070,33603,19311,629608,399420,71680,64859,92907,742,4252616,427254,1642072,2178672,4618,0,3043103,560390,132127
2007:Q4,14609641,11252301,810543,2434115,112682,14609641,10823278,3629635,946352,2683283,0,156728,14609641,92718,41374,42081,82362,24,78411,3700,227,0,206726,5018624,4658641,38993,40777,280213,4908,327058,34157,27118,643096,403577,79776,67423,91552,768,4464418,443461,1717342,2299072,4543,0,2970010,531857,123134
2008:Q1,14742894,11322920,824070,2477756,118148,14742894,10897073,3683987,953740,2730247,0,161834,14742894,90459,39453,41337,82873,22,78942,3690,219,0,204872,5084732,4715562,39853,41471,287846,5008,331911,32154,25599,660885,411838,88334,68964,90559,1190,4602238,461481,1761589,2374715,4453,0,2906595,525830,108948
2008:Q2,14773014,11295115,837273,2517012,123614,14773014,10885527,3726304,949216,2777088,0,161183,14773014,97402,37533,40596,85841,24,80358,3794,1665,0,202697,5075497,4694244,41047,41562,298644,5166,337519,30153,17114,673576,420992,91023,71742,89035,784,4760244,510217,1800317,2445403,4307,0,2814622,491585,103469
2008:Q3,14757263,11251849,847518,2528755,129141,14757263,10858715,3735892,912074,2823818,0,162656,14757263,105667,35591,39853,88869,38,79963,3336,5532,0,197590,5044449,4653827,41721,41866,307035,4828,342135,28151,15501,671148,407671,100312,74659,87812,694,4892653,576761,1809914,2501255,4723,0,2724048,468617,98163
2008:Q4,14690024,11150920,852935,2551469,134700,14690024,10784278,3742239,871877,2870362,0,163507,14690024,108311,33649,39109,95826,38,82517,3463,9808,0,188498,5014174,4615237,44163,42581,312193,5135,343803,26148,13181,705323,429493,111476,76503,87065,786,4961428,636612,1801735,2518408,4673,0,2631292,447886,76261
2009:Q1,14679121,11140432,853953,2547250,137486,14679121,10781597,3728100,856675,2871425,0,169424,14679121,113172,32638,38808,96731,41,83926,3770,8994,0,180864,5016573,4616213,44235,42652,313473,5166,339910,25536,12716,725942,436369,126946,77203,84753,671,5041969,679471,1808838,2549043,4617,0,2554112,440237,54747
2009:Q2,14633039,11096591,863784,2532360,140304,14633039,10748935,3709365,838801,2870564,0,174739,14633039,117783,31615,38506,102176,43,85025,3797,13311,0,195682,4965331,4564040,43106,42716,315469,5197,336365,24924,11964,713150,426710,130275,77978,77536,651,5170747,740255,1824658,2601265,4569,0,2440036,426841,52722
2009:Q3,14537136,11018738,866957,2508289,143152,14537136,10689123,3673164,803442,2869722,0,174849,14537136,122145,30581,38204,109945,44,86238,3864,19799,0,202867,4838354,4437829,40510,42836,317179,4949,333798,24312,11988,710460,424538,131879,79362,73949,732,5297548,826017,1835065,2631962,4504,0,2348312,415611,48062
2009:Q4,14445422,10961036,862855,2475531,146000,14445422,10638528,3631630,762492,2869138,0,175264,14445422,126639,29548,37902,108387,152,88364,4258,15613,0,206177,4768937,4371923,37808,42263,316943,4600,327408,23701,11273,707684,416543,138816,80329,71236,760,5376709,880270,1838919,2653034,4486,0,2273112,397357,45988
2010:Q1,14291633,10830332,859327,2453977,147997,14291633,10508114,3609760,744688,2865072,0,173759,14291633,129872,29162,38945,107077,295,89507,4113,13162,0,211375,4706734,4311143,37876,41555,316160,4417,322781,24394,11584,5104412,3001836,1953048,80105,68574,849,987799,932966,21380,30106,3347,0,2174733,386863,51485
2010:Q2,14174786,10762904,854317,2407548,150017,14174786,10440842,3561154,700130,2861024,0,172790,14174786,131568,28772,39986,108374,493,90585,4235,13061,0,205837,4643434,4253420,36209,36488,317317,4408,319364,25088,11787,5084409,2991734,1944224,80866,66580,1005,1054075,996802,23276,30170,3827,0,2100611,371051,46022
2010:Q3,14070385,10690713,858829,2368785,152058,14070385,10362728,3531148,674154,2856994,0,176509,14070385,133572,28378,41027,106564,4499,90733,3962,7370,0,215095,4609896,4220819,35311,36082,317684,4370,319796,25782,12079,5035802,2977037,1911897,81706,64092,1070,1103513,1046179,23992,29540,3802,0,2028487,361226,44798
2010:Q4,13892955,10523427,862970,2352458,154100,13892955,10190590,3526274,673336,2852938,0,176091,13892955,132037,27985,42070,106568,5277,91533,4076,5682,0,222460,4583049,4194921,35354,35813,316961,4272,319154,26476,11416,5020979,2989997,1885139,83496,61044,1303,1146814,1089761,24422,28872,3759,0,1961566,243542,44567
2011:Q1,13803023,10459363,859045,2327285,157330,13803023,10151503,3469883,628765,2841118,0,181637,13803023,133584,27845,40618,107269,5277,92030,4182,5780,0,219930,4467973,4082496,33835,34834,316808,4230,320020,25323,11106,5054566,3023731,1887589,83422,58322,1502,1194287,1135597,27111,28349,3230,0,1902862,236833,56577
2011:Q2,13703125,10390906,856003,2295620,160596,13703125,10089874,3426043,594389,2831654,0,187208,13703125,134557,27706,39167,108934,5793,93678,4251,5212,0,214615,4430642,4045911,33027,33914,317790,4496,324669,24170,11247,5018422,3001252,1875571,84221,55762,1616,1243237,1180598,30604,28831,3204,0,1834797,227786,58680
2011:Q3,13621312,10333162,856580,2267672,163898,13621312,10037175,3395945,573805,2822140,0,188192,13621312,137135,27567,37715,108932,6205,95120,4305,3302,0,211250,4424173,4038206,33667,33364,318936,4766,330649,23017,13470,4964630,2969447,1853308,85134,55072,1669,1284499,1221685,32467,28652,1695,0,1779180,217715,56614
2011:Q4,13567722,10281292,863302,2255928,167200,13567722,9989530,3388647,576157,2812490,0,189545,13567722,138133,27428,36264,109866,6585,96691,4381,2209,0,219923,4436217,4049552,32761,33402,320502,5101,334619,21864,12678,4924039,2966927,1815526,86490,53313,1783,1311884,1246918,35100,28216,1650,0,1722408,211223,56075
2012:Q1,13487158,10216106,865345,2236965,168742,13487158,9923486,3372964,536558,2836406,0,190708,13487158,135072,26956,35661,111430,7328,96935,4492,2675,0,216755,4399393,4013422,31677,32673,321621,5358,338894,22162,11143,4922776,2984506,1796671,87210,52556,1833,1336809,1269948,37824,27435,1602,0,1662868,206346,55535
2012:Q2,13410892,10152832,870658,2217119,170283,13410892,9858124,3362301,502092,2860209,0,190467,13410892,131464,26485,35057,112051,7624,97751,4502,2174,0,214140,4404039,4016551,31378,32157,323953,5582,342858,22461,10542,4870169,2971942,1755284,89325,51664,1954,1383839,1313057,42441,26307,2034,0,1601599,192277,58329
2012:Q3,13364395,10105190,881038,2206325,171842,13364395,9808244,3363068,479194,2883874,0,193083,13364395,128374,26013,34453,112547,7755,98261,4465,2066,0,220274,4402924,4013828,31131,31576,326389,5721,345922,22761,10314,4844531,2983112,1717710,91093,50626,1990,1414356,1341405,45244,25712,1995,0,1548101,188058,60046
2012:Q4,13331293,10047725,891160,2219008,173400,13331293,9749822,3387084,479607,2907477,0,194387,13331293,125199,25542,33851,111497,7182,98337,4714,1264,0,214842,4419105,4026102,30815,34340,327848,5849,346927,23060,10414,4823510,2978693,1698791,94473,49375,2178,1442727,1366193,50061,24549,1924,0,1504833,179481,64456
2013:Q1,13292131,9999879,900423,2215519,176310,13292131,9703066,3389526,462899,2926627,0,199539,13292131,124855,25931,34101,113288,7955,99346,5023,964,0,222385,4382064,3990686,29618,33782,327978,6073,347258,22885,9375,4825033,2983099,1696822,94989,47911,2212,1468060,1388448,54251,23496,1865,0,1473336,174432,63055
2013:Q2,13292023,9965129,910134,2237508,179252,13292023,9667130,3410403,464532,2945871,0,214490,13292023,124215,26319,34350,113175,7082,99768,5297,1028,0,220064,4377582,3982698,29839,32930,332115,6800,351859,22711,8967,4836071,2992912,1696979,97184,46599,2397,1502437,1418428,60321,21855,1833,0,1288768,171164,207541
2013:Q3,13335608,9975132,924977,2253273,182226,13335608,9675715,3455925,490892,2965033,0,203968,13335608,123530,26707,34599,114104,6220,100947,5565,1372,0,220424,4377733,3975523,30637,31198,340375,7265,360162,22536,7470,4872002,3029090,1696352,98976,45148,2436,1544992,1457108,65024,21055,1805,0,1250296,165875,207913
2013:Q4,13344524,9959620,940942,2258762,185200,13344524,9658715,3471558,487475,2984083,0,214251,13344524,121661,27096,34848,115470,6533,101437,6546,954,0,227225,4391963,3983444,30553,32074,345892,8206,366267,22362,6416,4877767,3039559,1690474,100751,44413,2570,1573512,1480095,71268,20382,1767,0,1199981,157014,214736
2014:Q1,13335324,9923845,953474,2269945,188060,13335324,9617753,3500475,470116,3030359,0,217096,13335324,119592,27583,34753,115952,5997,101618,7456,881,0,228833,4406423,3991361,33051,31626,350385,8538,368595,22777,7359,4861049,3028727,1685307,100754,43619,2642,1589754,1494054,74107,19854,1739,0,1152735,154100,237281
2014:Q2,13362678,9914037,966929,2290760,190952,13362678,9602366,3541579,465148,3076431,0,218733,13362678,117644,28069,34659,116537,5846,102639,7400,652,0,224758,4461770,4038689,34499,31421,357161,9078,373536,23192,9479,4840100,3011280,1680901,101986,43262,2671,1603922,1505539,77401,19273,1709,0,1133247,149646,237041
2014:Q3,13412434,9924431,981555,2312572,193876,13412434,9607769,3583397,460700,3122697,0,221268,13412434,115461,28556,34564,117271,5335,103023,8319,594,0,216595,4490508,4057799,35647,30588,366474,9659,379757,23607,7662,4854832,3013485,1691969,103403,43285,2690,1627514,1526470,80660,18703,1681,0,1117126,148183,241139
2014:Q4,13486839,9936617,1009092,2344330,196800,13486839,9615603,3639814,470369,3169445,0,231422,13486839,113488,29043,34470,117194,5372,102053,9073,696,0,222565,4530993,4090731,37588,30206,372468,10275,388173,24022,8152,4870459,3019300,1699352,105480,43494,2833,1648504,1541633,87096,18138,1637,0,1094149,148083,247269
2015:Q1,13511380,9909411,1033014,2369196,199759,13511380,9582411,3693455,480037,3213418,0,235514,13511380,109847,34928,36234,118060,5265,102292,10065,438,0,228721,4566049,4124111,37429,27415,377094,10772,393261,23510,8720,4868036,3008127,1706788,105927,44112,3082,1646186,1536330,90603,17655,1598,0,1081488,144863,240705
2015:Q2,13623872,9954437,1059393,2407291,202751,13623872,9621404,3763629,505720,3257909,0,238839,13623872,106436,40813,38000,117947,5123,101695,10822,307,0,226506,4634589,4180631,40162,26701,387095,11302,403261,22998,9180,4886183,3007232,1722738,108371,44689,3153,1677244,1560866,97834,16971,1573,0,1073680,134030,241703
2015:Q3,13727833,10004091,1078230,2439737,205775,13727833,9665415,3819991,517170,3302821,0,242427,13727833,102255,46698,39764,116943,4864,100335,11479,265,0,222442,4699751,4229747,45847,26469,397688,11890,412530,22486,9413,4914841,3012689,1743727,110527,44749,3149,1729458,1608790,102162,16137,2369,0,1041119,127861,230382
2015:Q4,13883295,10076354,1118811,2479330,208800,13883295,9731609,3916250,568482,3347768,0,235436,13883295,98694,52583,41528,116480,4655,99998,11654,173,0,231297,4778423,4296676,50626,26256,404865,12760,430675,21974,8017,4920096,3010753,1746667,114930,44488,3258,1775452,1643043,114193,15884,2332,0,1018130,159465,217721
2016:Q1,13931233,10076096,1144920,2497140,213077,13931233,9725386,3964727,550201,3414526,0,241120,13931233,96798,46893,41030,117381,4401,100342,12482,156,0,232637,4825501,4340588,55669,26262,402982,13490,436107,22041,8421,4929023,3012569,1752605,115961,44684,3204,1803851,1663244,122474,15449,2684,0,974539,155829,227692
2016:Q2,14047243,10137065,1170496,2522328,217353,14047243,9780939,4028702,547265,3481436,0,237602,14047243,95523,41204,40533,117334,4153,100335,12689,157,0,234140,4935341,4432222,60497,25890,416732,14263,445238,22108,9181,4930746,3013878,1749740,118266,45584,3278,1843974,1692493,134062,14704,2715,0,943408,149073,225177
2016:Q3,14211239,10220823,1203074,2565665,221677,14211239,9858185,4120823,572491,3548332,0,232231,14211239,93427,35514,40036,117493,3883,100389,13127,94,0,240472,5017679,4495846,65686,25768,430379,15318,453038,22176,18179,4968413,3029642,1768182,120346,46943,3300,1885329,1728091,140520,14056,2662,0,917215,143743,243207
2016:Q4,14333572,10278844,1236280,2592448,226000,14333572,9911756,4185347,570107,3615240,0,236469,14333572,93482,29825,39538,119666,4655,101570,13357,84,0,242829,5070613,4537603,68067,25530,439413,15454,465461,22242,14533,5027216,3063646,1790188,121594,48408,3380,1932958,1766760,150227,13290,2681,0,893673,138319,227763
2017:Q1,14434716,10338308,1262250,2605643,228515,14434716,9960874,4236057,538281,3697776,0,237785,14434716,92459,30423,41645,118631,3546,101500,13534,51,0,247155,5097792,4555992,69307,25176,447317,14757,476524,23345,10390,5082370,3093430,1814742,121849,48917,3432,1977111,1805549,156215,12672,2675,0,863992,134138,223984
2017:Q2,14581026,10417101,1287971,2644896,231058,14581026,10030131,4312338,532032,3780307,0,238557,14581026,93386,31021,43750,118721,3305,100335,13706,1375,0,247250,5179474,4622040,73697,24897,458840,16252,490122,24448,8268,5100470,3105954,1816842,123534,50474,3666,2022780,1842845,165979,12229,1727,0,852190,129548,223346
2017:Q3,14723716,10510631,1314698,2664758,233629,14723716,10112976,4373375,510542,3862833,0,237365,14723716,91324,31620,45854,120674,3276,102225,13913,1260,0,249264,5231536,4661054,73921,24979,471582,17156,497693,25550,4154,5141124,3131487,1828870,124818,52144,3805,2076398,1884164,178738,11781,1715,0,840630,127799,222940
2017:Q4,14911884,10595926,1363183,2716575,236200,14911884,10188175,4481665,536366,3945299,0,242044,14911884,90431,32218,47959,119842,3166,102469,14068,139,0,256804,5282714,4698482,77059,25800,481373,17823,506666,26652,6901,5193710,3155703,1853654,126711,53768,3874,2126459,1913406,200169,11178,1706,0,845085,123796,234824
2018:Q1,15006947,10639958,1387382,2741065,238542,15006947,10227754,4540625,544027,3996599,0,238568,15006947,89190,32717,48220,120261,3066,102903,14156,136,0,252265,5316052,4721373,78180,25261,491238,18699,520876,25940,7440,5215784,3176703,1853733,126626,54855,3867,2161480,1940140,211398,8345,1597,0,839608,125538,232877
2018:Q2,15178002,10728922,1417044,2791125,240911,15178002,10312578,4628555,580561,4047994,0,236869,15178002,87626,33215,48481,121215,2962,103864,14299,90,0,258861,5371841,4767310,75956,24865,503710,18959,536367,25227,9425,5246687,3186600,1870433,128566,57172,3916,2200202,1970832,219612,8145,1613,0,866035,122569,231292
2018:Q3,15326622,10831598,1453905,2797814,243305,15326622,10410139,4687057,587717,4099340,0,229426,15326622,86045,33714,48742,121972,2876,104558,14452,86,0,263360,5411582,4797465,75147,24451,514519,19682,552864,24516,12541,5291626,3209155,1888010,130532,60044,3885,2245245,2008201,227544,7885,1615,0,859480,117800,237453
2018:Q4,15463844,10897694,1488401,2832049,245700,15463844,10473431,4764185,613459,4150727,0,226228,15463844,84630,34213,49004,123197,2793,105713,14624,67,0,258605,5442448,4817745,77609,24081,523013,20494,568109,23803,12329,5333759,3223783,1909846,133618,62507,4005,2292274,2042243,241049,7515,1467,0,851228,114774,254977
2019:Q1,15554084,10927614,1512601,2862966,250903,15554084,10505723,4827830,625167,4202663,0,220531,15554084,83960,34764,49647,123939,2716,106296,14871,56,0,258077,5464229,4835354,77841,23672,527362,20834,581559,24096,9708,5356624,3232801,1921976,133323,64043,4481,2314979,2058350,248239,6930,1460,0,846580,120295,264793
2019:Q2,15695946,11015022,1539212,2885549,256163,15695946,10591557,4884659,633264,4251395,0,219730,15695946,83246,35316,50237,120690,2646,102899,15083,62,0,254771,5540499,4899988,78207,23399,538905,20937,590415,24373,8857,5389416,3243452,1939930,134773,66501,4760,2340233,2076442,255811,6522,1458,0,842232,118682,276042
2019:Q3,15895939,11116537,1585241,2932679,261482,15895939,10689757,4985908,651933,4333975,0,220274,15895939,82582,35867,51043,123480,2567,105566,15305,42,0,255089,5593111,4939772,80727,22839,549773,20854,605379,24778,9111,5460463,3280189,1969320,136592,69363,4999,2369090,2092829,268245,6568,1448,0,860622,118880,285590
2019:Q4,16044508,11188257,1622564,2966887,266800,16044508,10760817,5059379,661179,4398200,0,224312,16044508,82088,36419,51744,123807,2487,105796,15504,20,0,256504,5655044,4987376,80564,22571,564533,22855,619179,25122,8331,5510666,3299954,1993252,139620,72449,5391,2406043,2117563,280986,6381,1113,0,855631,117211,273864
2020:Q1,16178280,11254243,1644273,3010005,269759,16178280,10824362,5128839,669126,4459713,0,225079,16178280,80835,36994,53379,125334,2433,107361,15508,32,0,253089,5704402,5020530,82737,22473,578662,23603,626608,25776,8786,5567099,3330678,2014808,141312,74512,5789,2429819,2138810,284150,5788,1071,0,876502,115262,250792
2020:Q2,16327023,11340662,1677972,3035672,272717,16327023,10909010,5194800,680179,4514621,0,223213,16327023,79107,37579,55456,126724,2385,108719,15608,12,0,256286,5738580,5040265,81964,22956,593395,23672,630907,26140,8024,5705796,3417834,2063374,145254,72864,6470,2417572,2125553,285628,5342,1049,0,861405,111801,247974
2020:Q3,16553115,11508284,1709114,3060008,275709,16553115,11069708,5258430,688865,4569564,0,224977,16553115,77959,38172,56101,125721,2325,107335,16049,12,0,259520,5766574,5056873,81473,23062,605166,23490,632588,26508,8339,5891255,3493676,2173719,149135,67880,6845,2428376,2117699,304266,5433,978,0,850833,107933,259746
2020:Q4,16781465,11657696,1755684,3089385,278700,16781465,11212119,5342807,704012,4638795,0,226539,16781465,76610,38776,55800,127151,2258,108269,16621,3,0,261730,5741383,5027455,80934,22911,610083,24269,644701,26921,8080,6142464,3589868,2327990,154551,62793,7262,2428326,2103398,318688,5301,939,0,836413,110043,258798
2021:Q1,16958182,11784462,1784854,3108021,280845,16958182,11331230,5406968,716153,4690815,0,219984,16958182,75748,39388,55899,128239,2193,108950,17093,3,0,263619,5705499,4989956,80326,21841,613376,24330,646011,27204,8035,6352500,3674972,2453019,157777,59390,7342,2431388,2095020,330311,5209,848,0,826595,108582,265145
